{"type":"FeatureCollection","features":[{"type":"Feature","properties":{"slug":"tibetan-plateau","name":"Tibetan Plateau","family":"plateaus-basins","kind":"plateau","source":"Natural Earth 10m geography_regions_polys: PLATEAU OF TIBET"},"geometry":{"type":"Polygon","coordinates":[[[103.6489,36.664],[103.7521,36.2443],[103.8439,35.8841],[103.9905,35.3093],[103.9491,34.3624],[104.1122,33.1089],[104.0431,31.8634],[103.8836,31.376],[103.8604,31.3381],[103.4243,30.9791],[103.0819,30.4409],[103.226,30.0619],[103.1213,29.6996],[102.9097,29.3311],[102.5128,28.942],[102.2238,28.8277],[101.9649,28.7252],[101.953,28.7234],[101.4778,28.6508],[99.3635,27.6663],[99.1764,27.5849],[98.9388,27.4816],[98.7559,27.402],[96.2835,27.9557],[95.6544,28.2843],[95.5455,28.3411],[95.3103,28.1748],[95.3103,28.1748],[95.3269,28.1443],[94.9087,27.8022],[94.3472,27.3429],[93.8301,27.1243],[91.6824,26.8598],[89.6455,26.9029],[89.59,26.9041],[89.5442,26.915],[89.1956,26.9239],[88.9857,27.0381],[88.8351,27.1199],[88.6529,27.137],[88.6528,27.137],[88.2512,26.9883],[87.7805,26.904],[87.4592,26.9557],[87.0188,27.0266],[85.3369,27.2974],[84.6658,27.5731],[83.8593,27.7014],[83.7295,27.7468],[83.5014,27.8747],[83.2974,27.9519],[82.4868,28.0145],[82.398,28.049],[82.0001,28.3787],[79.3051,29.9589],[77.314,31.1263],[75.9491,32.2261],[75.9491,32.2261],[75.921,32.1893],[74.9668,32.8718],[74.7128,33.0749],[74.5214,33.2281],[74.0759,33.5845],[73.5057,34.1262],[73.4857,34.1452],[73.4819,34.1487],[73.0365,34.4457],[73.4225,35.9899],[74.6104,37.4154],[74.7491,37.4594],[75.1104,37.574],[76.0825,37.8824],[76.9116,38.0201],[77.0184,38.0378],[78.7249,37.2218],[79.7493,37.0215],[80.5231,36.6299],[80.6316,36.575],[80.6738,36.5612],[80.8428,36.5058],[81.1403,36.4083],[81.1625,36.4143],[82.135,36.6799],[83.3261,36.7967],[83.4022,36.8169],[83.6707,36.888],[85.2001,37.2934],[85.7083,37.5953],[87.0383,38.3855],[87.1742,38.3855],[87.5624,38.3855],[87.9127,38.6406],[88.3491,38.9584],[89.2608,39.1064],[89.9296,39.2149],[95.6351,40.1407],[95.6547,40.1391],[96.4387,40.0739],[96.4545,40.0726],[96.6168,40.0591],[96.8196,40.0283],[97.4359,39.9345],[98.5301,39.768],[98.9365,39.7062],[98.9689,39.7012],[99.051,39.6887],[99.3693,39.5474],[99.5274,39.4772],[99.6972,39.4018],[99.8411,39.338],[100.4454,38.873],[100.9559,38.4802],[100.9956,38.4729],[101.7443,38.3344],[102.2383,38.243],[102.2843,38.2105],[102.5972,37.9894],[102.8645,37.7086],[103.1286,37.4312],[103.5753,36.9635],[103.6489,36.664]]]}},{"type":"Feature","properties":{"slug":"deccan-plateau","name":"Deccan Plateau","family":"plateaus-basins","kind":"plateau","source":"Natural Earth 10m geography_regions_polys"},"geometry":{"type":"Polygon","coordinates":[[[78.9251,19.8097],[79.1719,19.7744],[79.2597,19.7961],[80.3214,19.8444],[81.1179,19.7542],[81.1577,19.73],[81.1896,19.6967],[81.2147,19.6517],[81.2498,19.5178],[81.2639,19.2835],[81.2339,19.0526],[81.1725,18.9112],[81.0845,18.7882],[80.6511,18.3465],[80.5689,18.2153],[80.4452,17.7897],[80.3817,17.697],[79.9393,17.2696],[79.7987,17.1337],[78.5462,15.9237],[78.5313,15.9028],[78.5211,15.8787],[78.3793,15.2008],[78.3814,15.1301],[78.4849,14.7716],[78.4868,14.6962],[78.4751,14.6126],[78.3552,14.2034],[78.1951,13.855],[78.1851,13.7482],[78.3043,13.1678],[78.3008,13.0578],[78.2686,12.9815],[78.0997,12.7966],[77.8494,12.6141],[77.5863,12.4881],[77.4716,12.4634],[76.8872,12.549],[76.4584,12.7216],[76.2786,12.848],[76.1426,13.0038],[76.0658,13.1906],[76.0577,13.2797],[76.1284,13.6849],[76.1144,13.7669],[76.074,13.8522],[75.5397,14.4244],[75.4783,14.539],[75.4401,14.6724],[75.3934,15.2197],[75.3486,15.4004],[75.0785,15.969],[75.0414,16.5037],[74.4424,17.5874],[74.2094,18.3178],[74.1974,18.5395],[74.2301,18.7279],[74.2988,18.8942],[74.4004,19.0431],[74.8263,19.4338],[75.0827,19.8664],[75.1853,19.9582],[75.3705,20.0601],[75.5608,20.112],[75.9762,20.1135],[76.1245,20.0822],[76.3972,19.9807],[76.5437,19.9496],[78.9251,19.8097]]]}},{"type":"Feature","properties":{"slug":"iranian-plateau","name":"Iranian Plateau","family":"plateaus-basins","kind":"plateau","source":"hand outline (see _geo_base.HAND_POLYGONS)"},"geometry":{"type":"Polygon","coordinates":[[[45.0,36.0],[46.0,39.0],[52.0,38.0],[58.0,37.5],[63.0,36.0],[69.0,35.0],[70.0,31.0],[66.0,27.0],[61.0,25.5],[56.0,26.0],[52.0,27.0],[48.0,29.0],[45.0,32.0],[45.0,36.0]]]}},{"type":"Feature","properties":{"slug":"anatolian-plateau","name":"Anatolian Plateau","family":"plateaus-basins","kind":"plateau","source":"hand outline (see _geo_base.HAND_POLYGONS)"},"geometry":{"type":"Polygon","coordinates":[[[30.0,39.3],[34.0,40.0],[38.0,39.5],[38.5,38.0],[37.0,37.2],[34.0,37.0],[31.0,37.6],[29.5,38.5],[30.0,39.3]]]}},{"type":"Feature","properties":{"slug":"mongolian-plateau","name":"Mongolian Plateau","family":"plateaus-basins","kind":"plateau","source":"Natural Earth 10m geography_regions_polys"},"geometry":{"type":"Polygon","coordinates":[[[108.9594,50.5288],[110.2495,49.9714],[110.468,49.7985],[110.5494,49.7512],[110.6028,49.738],[110.6212,49.7335],[110.6453,49.735],[110.6909,49.7379],[111.1063,49.8248],[111.4066,49.8027],[111.9209,49.6817],[112.0581,49.681],[112.3099,49.7256],[112.3772,49.7174],[112.4213,49.6912],[112.4868,49.6182],[112.5317,49.588],[112.6006,49.5729],[112.7706,49.5792],[112.8222,49.5525],[112.9069,49.4507],[112.9336,49.4186],[112.9703,49.3876],[113.0138,49.379],[113.0681,49.4025],[113.1416,49.4484],[113.156,49.4486],[113.2031,49.3955],[113.2456,49.3704],[113.4666,49.2993],[113.9219,49.0759],[114.3174,49.0264],[114.4163,48.9693],[114.4872,48.8804],[114.536,48.7649],[114.7149,47.8198],[114.7411,47.7563],[114.9762,47.1882],[115.1636,45.3093],[115.1361,45.1086],[115.0711,44.9254],[115.1841,44.105],[115.182,43.8596],[115.1305,43.6176],[115.011,43.3889],[114.9409,43.3303],[113.9849,42.7785],[113.9205,42.7108],[113.8029,42.6481],[111.3224,42.0018],[107.6826,42.4036],[106.8313,42.289],[106.6945,42.2961],[106.564,42.3265],[106.4598,42.3295],[105.4744,41.989],[105.2329,42.0194],[103.2905,41.8495],[103.1521,41.8719],[102.8851,41.9616],[99.031,42.363],[97.4082,43.0626],[97.3364,43.0865],[97.3215,43.1595],[97.4638,43.6212],[97.4775,43.6659],[97.4818,43.7769],[97.4368,43.854],[97.4802,43.9226],[97.8066,43.9818],[98.26,44.064],[99.7421,44.3328],[99.781,44.3689],[99.7769,44.4057],[99.9121,44.4744],[100.5396,44.7931],[100.8635,44.9576],[100.9053,45.0409],[100.9229,45.126],[101.0086,45.2002],[101.7837,45.4886],[101.8737,45.5456],[101.9847,45.6585],[102.1231,45.7993],[102.2055,45.9388],[102.2321,46.0222],[102.252,46.2009],[102.2426,46.353],[102.1548,46.6398],[101.9452,47.0221],[101.6643,47.2994],[101.6384,47.3474],[101.6251,47.4006],[101.629,47.4482],[101.6765,47.5709],[101.7923,47.749],[101.8357,47.8156],[101.9258,47.9036],[103.0206,48.6409],[103.2999,48.7648],[103.5087,48.8138],[103.6057,48.8193],[104.4662,48.6096],[104.6475,48.6354],[104.8372,48.7398],[105.5966,49.3375],[105.766,49.3805],[105.9192,49.3204],[105.9736,49.334],[106.3334,49.9023],[106.5195,50.1964],[106.5867,50.2271],[106.6869,50.2236],[106.8063,50.2559],[107.4707,50.5664],[108.6531,50.6611],[108.7561,50.6166],[108.9594,50.5288]]]}},{"type":"Feature","properties":{"slug":"mexican-plateau","name":"Mexican Plateau","family":"plateaus-basins","kind":"plateau","source":"Natural Earth 10m geography_regions_polys: ALTI-PLANICIE MEXICANA"},"geometry":{"type":"Polygon","coordinates":[[[-99.4917,20.6664],[-99.7392,20.5469],[-99.841,20.2695],[-100.0262,20.1108],[-100.1188,20.0487],[-100.2117,20.0423],[-100.2955,19.9515],[-100.3238,19.9208],[-100.4813,19.9097],[-100.6054,20.0035],[-100.8038,20.0912],[-100.8959,20.1658],[-101.026,20.3297],[-101.1029,20.4843],[-101.2233,20.5626],[-101.2702,20.5554],[-101.3351,20.5456],[-101.4369,20.3628],[-101.4455,20.3473],[-101.4463,20.3472],[-101.5746,20.3225],[-101.631,20.2585],[-101.6873,20.2199],[-101.7081,20.2058],[-101.8934,20.2001],[-101.9365,20.3331],[-102.012,20.3666],[-102.288,20.3614],[-102.3593,20.352],[-102.4215,20.3438],[-102.5922,20.2678],[-102.7308,20.2141],[-102.7515,20.2061],[-103.0682,20.1982],[-103.067,20.2227],[-103.0444,20.6917],[-103.0179,20.9232],[-103.0531,21.0527],[-102.6879,21.3808],[-102.2969,21.8823],[-102.2223,22.3756],[-102.6144,22.8348],[-103.1965,22.9406],[-103.4611,23.4433],[-104.3262,23.9272],[-104.8232,24.7085],[-105.3132,25.5071],[-105.3386,25.5608],[-105.3512,25.5873],[-105.5513,26.0098],[-105.9776,26.6742],[-106.4013,27.0378],[-106.4413,27.0721],[-106.781,27.3637],[-107.2281,28.0106],[-107.7738,28.9467],[-107.7209,29.37],[-108.0191,30.1156],[-108.1442,30.4283],[-108.784,31.0856],[-108.8157,31.3343],[-108.2072,31.366],[-108.2072,31.7841],[-106.8742,31.7841],[-106.3595,31.7189],[-105.8812,31.3023],[-105.4872,30.948],[-104.8807,30.5123],[-104.6988,30.059],[-104.6505,29.952],[-104.5873,29.8122],[-104.5447,29.7178],[-104.5067,29.6909],[-104.252,29.51],[-104.0435,29.3407],[-104.0201,29.3217],[-103.5433,29.1332],[-103.5308,29.1282],[-103.2612,29.0208],[-103.1881,28.9916],[-103.1965,28.4175],[-103.223,27.8883],[-103.3817,27.3591],[-103.4082,26.6977],[-103.2806,26.2967],[-102.7675,25.7831],[-102.4993,25.4654],[-102.254,25.1749],[-101.3303,24.8862],[-100.683,24.3958],[-100.5713,23.9049],[-100.095,23.2434],[-100.07,22.5128],[-99.9136,21.8077],[-99.8099,21.2208],[-99.4917,20.6664]]]}},{"type":"Feature","properties":{"slug":"colorado-plateau","name":"Colorado Plateau","family":"plateaus-basins","kind":"plateau","source":"Natural Earth 10m geography_regions_polys"},"geometry":{"type":"Polygon","coordinates":[[[-106.6641,35.6417],[-106.6778,35.4018],[-106.7108,34.8232],[-106.9391,34.1666],[-107.3593,33.6739],[-108.2242,33.6317],[-108.3841,33.9216],[-109.0433,34.4139],[-109.3,34.4626],[-109.5592,34.5117],[-110.0228,34.4323],[-110.6225,34.6263],[-110.8307,34.7868],[-111.021,34.9334],[-111.4868,35.4272],[-112.5942,35.2366],[-112.9636,35.3268],[-113.0566,35.3496],[-113.6692,35.7817],[-113.8343,36.2817],[-113.876,36.4485],[-113.9592,36.7816],[-113.639,37.2019],[-113.1992,37.5767],[-113.1925,37.5805],[-112.7342,37.8416],[-112.4569,38.243],[-111.9692,38.4316],[-111.7142,38.6516],[-111.3242,38.9616],[-111.1492,39.3416],[-110.9576,39.9356],[-110.7592,40.3566],[-110.4892,40.4616],[-109.8342,40.5966],[-109.4142,40.6816],[-108.9442,40.7866],[-108.8141,40.6316],[-108.3591,40.5066],[-107.8342,40.2416],[-107.6392,39.9866],[-107.4991,39.4716],[-107.4791,38.8817],[-107.5392,38.4816],[-107.5749,38.4617],[-107.9241,38.2667],[-108.1191,38.1317],[-108.4941,37.8266],[-108.5242,37.5166],[-108.4202,37.4738],[-108.0991,37.3416],[-107.5342,37.2567],[-107.4075,37.0294],[-107.3641,36.9517],[-107.1041,36.4416],[-107.0175,36.2587],[-106.9241,36.0616],[-106.6641,35.6417]]]}},{"type":"Feature","properties":{"slug":"altiplano","name":"Altiplano","family":"plateaus-basins","kind":"plateau","source":"Natural Earth 10m geography_regions_polys"},"geometry":{"type":"Polygon","coordinates":[[[-66.3252,-21.9435],[-66.2313,-22.0715],[-66.2103,-22.0665],[-65.8358,-21.9784],[-65.7786,-21.9649],[-65.4058,-21.7519],[-65.4058,-22.3291],[-65.4058,-22.6573],[-65.7051,-23.256],[-66.0715,-23.9889],[-66.6046,-24.9225],[-67.0279,-25.9544],[-68.2715,-27.0391],[-68.933,-26.8011],[-69.0652,-26.0867],[-68.6899,-25.3697],[-68.6188,-24.6438],[-68.6016,-24.4683],[-68.0592,-24.0904],[-67.867,-23.9565],[-67.8658,-22.9822],[-68.3597,-22.2591],[-68.6871,-20.9931],[-68.8407,-20.4553],[-69.0409,-19.7546],[-69.0598,-19.6884],[-69.4734,-18.5441],[-69.6189,-18.1415],[-69.9971,-17.1437],[-70.3635,-16.3739],[-70.4657,-16.1592],[-71.4244,-15.5202],[-71.5043,-14.8809],[-71.4994,-13.9688],[-70.6255,-14.1619],[-69.9597,-14.4015],[-69.6722,-14.4782],[-69.6538,-14.4832],[-69.5602,-14.5081],[-69.4757,-14.5746],[-68.4966,-15.3454],[-68.3086,-15.4935],[-67.6909,-16.1299],[-67.4297,-16.399],[-67.4524,-16.5517],[-67.4711,-16.678],[-67.5362,-17.118],[-67.0642,-17.6845],[-67.0037,-17.7571],[-66.8606,-18.1643],[-66.6574,-18.7425],[-66.5775,-20.0208],[-66.5775,-20.6111],[-66.5775,-21.0861],[-66.5774,-21.087],[-66.5243,-21.6721],[-66.3252,-21.9435]]]}},{"type":"Feature","properties":{"slug":"brazilian-highlands","name":"Brazilian Highlands","family":"plateaus-basins","kind":"highlands","source":"Natural Earth 10m geography_regions_polys"},"geometry":{"type":"MultiPolygon","coordinates":[[[[-40.3029,-2.8082],[-40.2354,-2.8132],[-40.1918,-2.821],[-40.1004,-2.8684],[-40.0955,-2.8709],[-39.8217,-3.0129],[-39.1467,-3.3628],[-38.9172,-3.4818],[-38.896,-3.5018],[-38.6862,-3.6537],[-38.6784,-3.6561],[-37.8444,-4.4438],[-37.6606,-4.554],[-37.6263,-4.5921],[-37.5495,-4.6207],[-37.5148,-4.6415],[-37.2434,-4.8043],[-37.1747,-4.9124],[-37.0264,-4.9288],[-36.8526,-4.992],[-36.8017,-5.0105],[-36.7474,-5.0507],[-36.5907,-5.0976],[-36.5667,-5.096],[-36.4686,-5.1316],[-35.6211,-5.2306],[-35.2687,-5.6684],[-35.1782,-5.7808],[-35.1417,-5.9172],[-35.0955,-6.1854],[-34.9882,-6.3937],[-34.9296,-6.7851],[-34.9014,-6.8549],[-34.8873,-7.1876],[-34.9257,-8.2379],[-34.9667,-8.4076],[-35.0441,-8.6195],[-35.645,-9.4608],[-35.8293,-9.7188],[-35.8301,-9.719],[-35.8908,-9.687],[-35.856,-9.7561],[-35.933,-9.864],[-35.9924,-9.9471],[-36.67,-10.6111],[-36.7683,-10.6717],[-36.9378,-10.8204],[-37.0385,-10.9721],[-37.1473,-11.0787],[-37.1828,-11.0685],[-37.1821,-11.1217],[-37.3386,-11.392],[-37.356,-11.4039],[-37.3549,-11.3505],[-37.3316,-11.3099],[-37.3208,-11.2666],[-37.3218,-11.2151],[-37.3592,-11.2525],[-37.4385,-11.3938],[-37.4118,-11.4973],[-37.4332,-11.5555],[-38.0032,-12.54],[-38.2082,-12.7322],[-38.4567,-12.9652],[-38.4989,-12.9566],[-38.5249,-12.7623],[-38.654,-12.6446],[-38.691,-12.6239],[-38.7439,-12.7485],[-38.788,-12.7827],[-38.8518,-12.7901],[-38.7836,-12.8444],[-38.7637,-12.9072],[-38.8332,-13.0329],[-38.8353,-13.1472],[-38.9592,-13.273],[-39.0309,-13.3651],[-39.0674,-13.4805],[-39.0894,-13.5882],[-39.0349,-13.5588],[-39.0091,-13.5814],[-38.9886,-13.615],[-39.0012,-13.6646],[-39.0411,-13.7581],[-39.0349,-13.991],[-39.0481,-14.0439],[-39.0085,-14.1012],[-38.9665,-14.0034],[-38.9423,-14.0307],[-39.0596,-14.6548],[-39.0134,-14.9356],[-38.9983,-15.2144],[-39.0086,-15.3445],[-39.0518,-16.4691],[-39.0632,-16.5044],[-39.1177,-16.7329],[-39.5378,-16.8262],[-40.4903,-17.6729],[-40.3315,-18.7841],[-40.3184,-19.9084],[-40.3138,-20.3012],[-40.6313,-20.7951],[-40.6483,-20.8085],[-40.7271,-20.8462],[-40.7893,-20.9061],[-40.7952,-20.9248],[-41.1019,-21.1675],[-41.3446,-21.3597],[-41.478,-21.4653],[-42.0425,-22.2768],[-43.0179,-22.6059],[-43.4536,-22.7529],[-43.8459,-22.9175],[-43.8662,-22.9105],[-44.0475,-22.9447],[-44.148,-23.011],[-44.3679,-23.005],[-44.6373,-23.0555],[-44.6812,-23.1069],[-44.6738,-23.2066],[-44.6211,-23.2285],[-44.6101,-23.2382],[-44.9512,-23.3814],[-44.9517,-23.3814],[-44.952,-23.3817],[-45.4292,-23.582],[-45.8202,-23.7638],[-45.8432,-23.7637],[-45.9721,-23.7955],[-46.6308,-24.1104],[-46.8673,-24.2363],[-46.8972,-24.2648],[-46.9461,-24.2875],[-47.3757,-24.6441],[-47.5922,-24.7811],[-47.8312,-24.9529],[-47.8766,-24.9975],[-47.9143,-24.9999],[-47.9892,-25.0357],[-47.9594,-25.0654],[-47.9083,-25.0682],[-47.9129,-25.0899],[-48.194,-25.3232],[-48.1859,-25.3099],[-48.2735,-25.3063],[-48.4025,-25.2721],[-48.4585,-25.3107],[-48.4276,-25.4033],[-48.4761,-25.443],[-48.5642,-25.4475],[-48.644,-25.4365],[-48.7317,-25.3687],[-48.6922,-25.4915],[-48.507,-25.5213],[-48.4299,-25.5502],[-48.4012,-25.5974],[-48.5452,-25.8159],[-48.6658,-25.8443],[-48.679,-25.8752],[-48.6128,-25.875],[-48.5763,-25.9354],[-48.6194,-26.1794],[-48.679,-26.2258],[-48.7138,-26.227],[-48.7483,-26.2687],[-48.7007,-26.3483],[-48.6516,-26.4064],[-48.6582,-26.5191],[-48.6765,-26.6124],[-48.6777,-26.7029],[-48.6157,-26.8781],[-48.5992,-27.0112],[-48.7296,-28.3565],[-48.7973,-28.4427],[-48.7997,-28.5753],[-49.0236,-28.6986],[-49.2713,-28.8712],[-49.4999,-29.0754],[-49.746,-29.3632],[-50.0333,-29.801],[-50.1106,-29.9824],[-52.4326,-29.7089],[-53.0845,-29.6321],[-53.9416,-29.5237],[-55.1776,-29.3674],[-56.2065,-27.8858],[-56.3521,-27.7647],[-56.5992,-27.5592],[-57.1717,-27.0829],[-57.3425,-25.6887],[-57.2119,-24.8696],[-57.2286,-24.7901],[-57.2287,-24.7897],[-57.5108,-23.4497],[-57.6352,-22.8588],[-57.7257,-21.3669],[-57.7411,-21.1125],[-57.2648,-20.0013],[-57.1702,-20.019],[-57.0677,-20.0382],[-55.5715,-20.3188],[-55.1941,-19.1283],[-54.9397,-18.326],[-54.9015,-18.2057],[-54.8836,-18.1492],[-53.9899,-18.0002],[-53.9311,-17.9904],[-52.9786,-16.985],[-52.2302,-16.3046],[-52.0371,-16.1291],[-51.8144,-15.9267],[-51.6028,-15.6939],[-51.1294,-15.1731],[-50.7561,-14.7625],[-49.3497,-11.585],[-49.3274,-11.5346],[-49.0627,-8.8887],[-48.3749,-6.5075],[-48.6924,-5.8196],[-48.904,-5.555],[-49.0777,-5.4031],[-49.2878,-5.2193],[-49.3274,-5.1846],[-48.4807,-3.9146],[-48.4807,-1.9567],[-47.8024,-1.6958],[-46.4169,-1.1629],[-46.239,-1.204],[-45.6585,-1.3379],[-45.6448,-1.3479],[-45.6289,-1.3447],[-45.4429,-1.3877],[-45.353,-1.5674],[-45.3291,-1.7173],[-45.2821,-1.6966],[-45.2386,-1.6295],[-45.1821,-1.507],[-45.0859,-1.4701],[-45.068,-1.4742],[-45.0258,-1.5135],[-45.0113,-1.5238],[-44.9517,-1.6105],[-44.595,-2.1293],[-44.6173,-2.1521],[-44.6586,-2.2275],[-44.7075,-2.2411],[-44.7563,-2.2655],[-44.7006,-2.3204],[-44.6624,-2.3732],[-44.579,-2.2305],[-44.5426,-2.2055],[-44.459,-2.3271],[-44.3852,-2.3317],[-44.3818,-2.3655],[-44.5201,-2.4055],[-44.5207,-2.4813],[-44.562,-2.5242],[-44.589,-2.5734],[-44.6108,-2.6769],[-44.639,-2.7625],[-44.7214,-3.1423],[-44.723,-3.2048],[-44.6227,-3.1379],[-44.4375,-2.9444],[-44.3812,-2.7384],[-44.3082,-2.5352],[-44.2286,-2.4713],[-44.1794,-2.4712],[-44.1056,-2.4935],[-44.1014,-2.5601],[-44.1126,-2.5985],[-44.1916,-2.6996],[-44.2252,-2.755],[-44.1927,-2.8096],[-44.0132,-2.6422],[-43.9329,-2.5835],[-43.8645,-2.5954],[-43.7286,-2.5182],[-43.4551,-2.5021],[-43.4346,-2.4137],[-43.4173,-2.4017],[-43.2278,-2.4228],[-43.1075,-2.4361],[-42.9994,-2.4481],[-42.9367,-2.465],[-42.8323,-2.5296],[-42.6759,-2.5896],[-42.5936,-2.661],[-42.2496,-2.792],[-41.9999,-2.8061],[-41.8762,-2.7466],[-41.7219,-2.8089],[-41.6401,-2.8786],[-41.4799,-2.9165],[-41.3182,-2.9362],[-41.1945,-2.8861],[-40.8756,-2.8696],[-40.6655,-2.8309],[-40.3029,-2.8082]]],[[[-44.2536,-23.0886],[-44.2429,-23.0741],[-44.2306,-23.0789],[-44.2536,-23.0886]]],[[[-44.5653,-2.9239],[-44.5819,-2.8456],[-44.5691,-2.785],[-44.502,-2.7263],[-44.4814,-2.7176],[-44.4873,-2.7897],[-44.4826,-2.8119],[-44.4993,-2.9396],[-44.5978,-3.0376],[-44.5653,-2.9239]]],[[[-38.6146,-12.924],[-38.6003,-12.9725],[-38.6012,-12.9926],[-38.7438,-13.0971],[-38.783,-13.1187],[-38.787,-13.0551],[-38.6849,-12.9749],[-38.6681,-12.8802],[-38.6146,-12.924]]],[[[-38.9776,-13.5235],[-38.9932,-13.4841],[-39.0222,-13.4456],[-39.0066,-13.4155],[-38.9801,-13.3984],[-38.9071,-13.4011],[-38.9036,-13.4734],[-38.9379,-13.5323],[-38.9776,-13.5235]]],[[[-48.6658,-26.2896],[-48.5397,-26.1703],[-48.4976,-26.2188],[-48.5311,-26.3132],[-48.5681,-26.3797],[-48.5844,-26.4016],[-48.6031,-26.4138],[-48.6658,-26.2896]]]]}},{"type":"Feature","properties":{"slug":"amazon-basin","name":"Amazon Basin","family":"plateaus-basins","kind":"basin","source":"Natural Earth 10m geography_regions_polys"},"geometry":{"type":"MultiPolygon","coordinates":[[[[-59.8225,3.6173],[-59.9637,2.8763],[-59.8931,2.4883],[-59.701,1.8297],[-59.6461,1.6417],[-58.6407,1.3771],[-57.745,1.7088],[-57.2119,1.9063],[-56.1818,1.9063],[-55.9419,1.9063],[-56.0606,2.3808],[-56.0688,2.4135],[-56.1007,2.5413],[-55.8653,2.5518],[-55.7114,2.5587],[-54.9189,2.5942],[-54.4073,2.1179],[-52.9786,2.2767],[-52.6517,2.3361],[-52.5906,2.3472],[-52.3436,3.1939],[-51.7531,4.0469],[-51.6638,4.1759],[-51.6593,4.1823],[-51.6533,4.1388],[-51.6581,4.0985],[-51.6525,4.0613],[-51.5578,4.2338],[-51.5471,4.3109],[-51.4834,4.313],[-51.4227,4.2881],[-51.3271,4.2248],[-51.2199,4.0936],[-51.1838,3.9874],[-51.0718,3.5994],[-51.0524,3.2818],[-50.9941,3.0775],[-50.8272,2.6519],[-50.8165,2.573],[-50.7897,2.4778],[-50.737,2.3768],[-50.6788,2.2104],[-50.6766,2.1794],[-50.7144,2.134],[-50.6589,2.131],[-50.6087,2.1041],[-50.5759,1.9986],[-50.5344,1.9272],[-50.4589,1.8296],[-50.3043,1.7977],[-50.1876,1.786],[-50.0547,1.7307],[-49.9571,1.6599],[-49.9068,1.5],[-49.9019,1.3034],[-49.9017,1.2969],[-49.9062,1.269],[-49.8989,1.163],[-49.9379,1.1214],[-50.0472,1.052],[-50.071,1.0151],[-50.2944,0.8357],[-50.3433,0.751],[-50.463,0.6373],[-50.5815,0.4205],[-50.7551,0.2226],[-50.8164,0.1726],[-50.9102,0.161],[-50.9671,0.1303],[-51.102,-0.0312],[-51.2829,-0.0852],[-51.2996,-0.1788],[-51.4042,-0.3927],[-51.4963,-0.5095],[-51.555,-0.5491],[-51.7026,-0.7623],[-51.7215,-0.8555],[-51.7206,-1.0185],[-51.8191,-1.1178],[-51.9216,-1.1809],[-51.9345,-1.3203],[-51.9808,-1.368],[-52.0205,-1.399],[-52.2292,-1.3625],[-52.5534,-1.5141],[-52.6642,-1.5518],[-52.3103,-1.5596],[-52.1967,-1.6401],[-51.9476,-1.5867],[-51.6463,-1.3943],[-51.5312,-1.3541],[-51.2974,-1.2235],[-51.2023,-1.1365],[-51.029,-1.0321],[-50.992,-0.9863],[-50.8949,-0.9376],[-50.8423,-0.9996],[-50.8382,-1.0389],[-50.9179,-1.1152],[-50.8972,-1.1645],[-50.8446,-1.2263],[-50.8255,-1.3114],[-50.8187,-1.3763],[-50.7861,-1.4899],[-50.679,-1.6438],[-50.6753,-1.6947],[-50.69,-1.7617],[-50.6388,-1.8171],[-50.5856,-1.8499],[-50.4032,-2.0155],[-50.2604,-1.9229],[-50.1727,-1.8962],[-50.1166,-1.8575],[-49.9992,-1.8318],[-49.903,-1.8706],[-49.7195,-1.9264],[-49.5854,-1.8672],[-49.3137,-1.7317],[-49.3986,-1.9716],[-49.4602,-2.1915],[-49.507,-2.2803],[-49.5534,-2.5199],[-49.5993,-2.5839],[-49.6365,-2.6569],[-49.5759,-2.6314],[-49.5239,-2.5969],[-49.4575,-2.5046],[-49.4077,-2.3443],[-49.211,-1.9165],[-49.1548,-1.8785],[-48.9913,-1.8298],[-48.71,-1.4877],[-48.6,-1.4888],[-48.5296,-1.5675],[-48.4629,-1.614],[-48.4459,-1.5204],[-48.3498,-1.4821],[-48.4515,-1.4358],[-48.4681,-1.3938],[-48.4777,-1.3238],[-48.4086,-1.2292],[-48.4498,-1.1455],[-48.3065,-1.0398],[-48.3176,-0.9605],[-48.2665,-0.8951],[-48.2018,-0.8279],[-48.1285,-0.7952],[-48.1159,-0.741],[-48.0045,-0.7304],[-47.9609,-0.7696],[-47.9121,-0.7216],[-47.7573,-0.7068],[-47.7383,-0.705],[-47.7315,-0.7104],[-47.6871,-0.7248],[-47.6511,-0.7188],[-47.5993,-0.6918],[-47.5459,-0.6867],[-47.5705,-0.7835],[-47.5761,-0.8054],[-47.8024,-1.6958],[-48.075,-2.768],[-47.7928,-4.3555],[-46.7344,-5.1846],[-46.6825,-5.2966],[-46.17,-6.4017],[-46.9814,-9.1885],[-46.9814,-12.0461],[-47.1578,-15.0095],[-47.7084,-15.8202],[-48.4278,-16.8792],[-49.3968,-17.0477],[-51.6733,-17.4437],[-52.4847,-18.502],[-53.6136,-18.502],[-53.9899,-18.0002],[-53.9957,-17.9925],[-54.3544,-17.5142],[-54.4603,-15.8209],[-54.0224,-14.4736],[-54.0016,-14.4097],[-54.3015,-13.9158],[-54.9188,-13.7042],[-56.6827,-14.0217],[-57.4052,-14.3018],[-57.7998,-14.4548],[-58.4114,-14.6919],[-59.3639,-16.0325],[-59.368,-16.2539],[-59.3793,-16.8656],[-59.3815,-16.985],[-58.9758,-18.008],[-60.5457,-17.6729],[-61.177,-17.7707],[-61.2721,-17.7855],[-61.798,-17.867],[-62.6447,-19.2429],[-63.0294,-19.6954],[-63.0837,-19.7593],[-63.1276,-19.8109],[-63.1381,-19.8232],[-63.2444,-19.9483],[-64.0205,-20.1247],[-65.1494,-19.6308],[-65.4247,-19.3366],[-65.4264,-19.3347],[-66.1725,-18.5372],[-66.6311,-17.3025],[-67.3366,-16.6575],[-67.4524,-16.5517],[-67.8658,-16.1736],[-69.6447,-14.4917],[-69.6538,-14.4832],[-69.8061,-14.3392],[-70.3169,-14.162],[-70.5458,-14.0825],[-71.5347,-13.7394],[-73.7219,-12.6811],[-73.7799,-12.6175],[-73.9265,-12.4567],[-76.262,-9.8942],[-77.9553,-6.7192],[-78.4286,-4.9698],[-78.5021,-4.698],[-78.5592,-4.4873],[-78.5903,-4.3724],[-78.7667,-3.7205],[-78.7081,-3.3946],[-78.7067,-3.3867],[-78.2728,-0.9689],[-77.3202,0.7244],[-77.0808,0.8723],[-76.9679,0.942],[-76.1208,1.4653],[-74.9567,2.5236],[-74.4639,2.4871],[-74.0041,2.4531],[-73.9988,2.452],[-73.7808,2.4084],[-73.7103,2.3943],[-71.8874,2.0297],[-70.688,1.9945],[-69.9545,2.0834],[-68.3597,2.2767],[-67.6542,2.8411],[-67.3367,2.4883],[-66.878,1.3242],[-66.4868,0.9085],[-66.3393,0.7517],[-66.3136,0.7244],[-65.8902,0.8303],[-65.2905,0.9361],[-64.1263,1.6769],[-63.4208,2.1003],[-63.4208,2.3825],[-63.4934,2.4052],[-63.9853,2.5589],[-64.1269,3.0545],[-64.212,3.3525],[-64.2675,3.5466],[-64.4831,3.8547],[-64.7613,4.2522],[-64.1591,4.1518],[-64.1265,4.1464],[-63.9853,3.8994],[-63.1386,3.7936],[-62.3978,4.1816],[-61.6922,4.217],[-60.7007,4.7277],[-60.528,4.8167],[-59.6814,4.4286],[-59.505,3.8994],[-59.6082,3.8077],[-59.8225,3.6173]]],[[[-50.4561,1.9105],[-50.509,2.0295],[-50.491,2.1286],[-50.4188,2.1615],[-50.3626,2.1544],[-50.342,2.1417],[-50.2921,1.9796],[-50.299,1.9385],[-50.3988,1.8929],[-50.4561,1.9105]]],[[[-50.1128,0.6047],[-50.0986,0.625],[-50.0588,0.638],[-50.0368,0.5948],[-50.04,0.5228],[-50.1529,0.393],[-50.2613,0.3592],[-50.2815,0.3908],[-50.2817,0.5165],[-50.2512,0.5854],[-50.1128,0.6047]]],[[[-49.4005,0.0572],[-49.3723,0.0011],[-49.3809,-0.0555],[-49.4439,-0.1124],[-49.7088,-0.1437],[-49.8301,-0.0939],[-49.8027,-0.0519],[-49.7123,0.0151],[-49.6022,0.0627],[-49.5035,0.0837],[-49.4005,0.0572]]],[[[-49.6287,-0.2292],[-49.5352,-0.2336],[-49.4029,-0.2146],[-49.3143,-0.1679],[-49.2151,-0.1587],[-49.117,-0.1636],[-48.7866,-0.2155],[-48.588,-0.2316],[-48.5154,-0.2482],[-48.4445,-0.2719],[-48.3927,-0.2974],[-48.3797,-0.3528],[-48.428,-0.4415],[-48.464,-0.5348],[-48.4975,-0.6649],[-48.5233,-0.6914],[-48.5667,-0.6845],[-48.5397,-0.801],[-48.5495,-0.8476],[-48.5709,-0.8929],[-48.6241,-0.9869],[-48.7046,-1.1066],[-48.7285,-1.1317],[-48.7898,-1.1733],[-48.8397,-1.2266],[-48.829,-1.2766],[-48.8041,-1.327],[-48.8336,-1.39],[-48.9289,-1.4823],[-48.9859,-1.5047],[-49.0385,-1.5141],[-49.0869,-1.5051],[-49.1727,-1.4126],[-49.1817,-1.485],[-49.2048,-1.559],[-49.234,-1.5995],[-49.3448,-1.5952],[-49.4066,-1.5556],[-49.5066,-1.5116],[-49.5257,-1.6305],[-49.5879,-1.7124],[-49.6506,-1.7381],[-49.7488,-1.7554],[-49.8051,-1.7902],[-49.9113,-1.763],[-50.01,-1.7085],[-50.0657,-1.7038],[-50.1093,-1.7479],[-50.3384,-1.756],[-50.4435,-1.8007],[-50.5076,-1.788],[-50.6021,-1.6978],[-50.6172,-1.6377],[-50.6734,-1.516],[-50.7238,-1.3715],[-50.7598,-1.2402],[-50.7295,-1.1268],[-50.6683,-1.1306],[-50.5959,-1.1475],[-50.5805,-1.1395],[-50.577,-1.1031],[-50.5929,-1.0729],[-50.7096,-1.0777],[-50.7833,-1.0104],[-50.7961,-0.9062],[-50.781,-0.6898],[-50.7714,-0.6454],[-50.7199,-0.5834],[-50.7031,-0.5285],[-50.7158,-0.4702],[-50.6937,-0.3645],[-50.6455,-0.2729],[-50.4616,-0.1574],[-50.2482,-0.1164],[-49.6287,-0.2292]]],[[[-51.1607,-0.6667],[-51.2763,-1.0218],[-51.3101,-1.0238],[-51.4651,-1.2111],[-51.6377,-1.3419],[-51.8325,-1.4338],[-51.9384,-1.4526],[-51.8021,-1.2025],[-51.68,-1.0861],[-51.6783,-0.8551],[-51.546,-0.6496],[-51.4245,-0.5659],[-51.254,-0.5414],[-51.1607,-0.6667]]],[[[-50.6529,-0.1316],[-50.9264,-0.3273],[-51.019,-0.2631],[-51.0381,-0.2259],[-51.0224,-0.1884],[-51.0257,-0.1724],[-50.9951,-0.1053],[-50.8422,-0.0502],[-50.7653,-0.0409],[-50.667,-0.058],[-50.6506,-0.1059],[-50.6529,-0.1316]]],[[[-49.839,0.0069],[-49.9171,-0.0232],[-50.0025,-0.0293],[-50.1131,0.033],[-50.2856,0.0286],[-50.3395,0.0434],[-50.3451,0.1345],[-50.2727,0.2317],[-50.128,0.2265],[-49.879,0.3045],[-49.7382,0.2682],[-49.6973,0.216],[-49.839,0.0069]]],[[[-50.4439,-0.0077],[-50.6239,0.0544],[-50.6104,0.2048],[-50.5262,0.2469],[-50.4516,0.3269],[-50.4261,0.425],[-50.4246,0.5583],[-50.3969,0.5814],[-50.3728,0.5909],[-50.351,0.5817],[-50.3425,0.3816],[-50.3323,0.259],[-50.4261,0.1393],[-50.4439,-0.0077]]]]}},{"type":"Feature","properties":{"slug":"congo-basin","name":"Congo Basin","family":"plateaus-basins","kind":"basin","source":"Natural Earth 10m geography_regions_polys"},"geometry":{"type":"Polygon","coordinates":[[[28.7001,5.2868],[30.3401,4.4524],[30.8579,3.618],[31.0001,2.647],[30.494,1.8879],[29.6243,0.5833],[28.4976,-1.1312],[28.4072,-1.2687],[28.4072,-1.5312],[28.4072,-3.0151],[28.7776,-4.4438],[28.6516,-4.5504],[26.7139,-6.19],[26.6849,-6.2514],[25.7078,-8.3222],[24.2692,-10.3937],[22.5605,-11.5898],[22.2553,-11.8035],[20.6517,-11.8035],[19.637,-11.8035],[18.803,-11.7629],[18.1554,-11.204],[17.8249,-10.6108],[17.3352,-9.732],[16.3654,-7.9727],[15.7262,-7.5541],[14.993,-7.6851],[14.4868,-7.7754],[13.5374,-6.711],[13.3058,-6.7573],[13.1058,-6.7973],[12.5078,-6.3984],[12.3928,-6.0815],[12.5535,-6.0459],[12.7906,-6.0039],[13.0098,-5.9076],[13.0682,-5.8648],[13.0033,-5.8361],[12.8608,-5.8541],[12.7916,-5.8777],[12.6807,-5.9608],[12.5146,-6.0042],[12.4529,-6.0005],[12.4117,-5.9863],[12.3304,-5.9097],[12.2953,-5.8131],[12.1922,-5.5292],[12.188,-5.5177],[12.2065,-5.4683],[12.1771,-5.3248],[12.1419,-5.2573],[12.7946,-5.0276],[13.5142,-4.7744],[13.6525,-4.7258],[14.8608,-4.0064],[14.9185,-3.1721],[14.343,-3.0569],[13.969,-2.165],[14.2567,-1.1293],[14.2854,0.7409],[13.9114,2.2946],[12.4729,2.5247],[11.9838,3.3591],[13.5662,4.7401],[14.7451,6.0997],[15.6941,6.153],[17.4534,5.7265],[18.9993,6.2383],[20.903,6.3513],[21.3939,7.595],[21.7661,8.538],[22.9745,9.545],[25.3321,8.6222],[26.1318,8.3091],[27.0889,6.9555],[28.7001,5.2868]]]}},{"type":"Feature","properties":{"slug":"great-plains","name":"Great Plains","family":"plains-grasslands","kind":"plain","source":"Natural Earth 10m geography_regions_polys"},"geometry":{"type":"Polygon","coordinates":[[[-111.7535,53.8185],[-111.3109,53.7393],[-110.9224,53.8439],[-110.6048,53.8439],[-110.0011,53.5985],[-109.5306,53.4646],[-108.864,53.0399],[-108.3297,52.8196],[-108.0263,52.5716],[-107.2972,52.3626],[-106.861,52.6259],[-106.4361,52.9346],[-105.8198,53.2022],[-105.0751,52.9973],[-104.1755,52.865],[-103.6199,52.5475],[-103.4082,52.2036],[-102.2624,51.7576],[-101.7179,51.3606],[-101.4649,50.9472],[-101.1278,50.3746],[-99.8099,49.9281],[-99.0161,49.0285],[-97.8784,48.1554],[-97.5239,46.2134],[-97.4286,45.3508],[-97.4022,43.8691],[-97.4022,42.4139],[-96.7671,40.8265],[-96.3967,38.8421],[-96.873,37.5721],[-97.3048,36.4429],[-97.2541,34.9595],[-96.6765,34.3819],[-95.8675,34.1854],[-95.6294,34.106],[-95.5612,33.2593],[-95.7157,32.0228],[-96.7742,31.1646],[-96.8183,31.1289],[-97.3052,30.2849],[-97.9579,29.4736],[-99.0928,28.9163],[-100.326,28.1558],[-100.9211,28.4969],[-101.2145,28.9789],[-101.2915,29.1054],[-101.7665,29.6949],[-101.851,29.7998],[-102.0707,30.0725],[-102.3763,31.0369],[-103.0951,31.3732],[-103.1168,31.3993],[-103.3192,31.6425],[-103.3401,31.6675],[-104.0786,32.5547],[-104.2549,33.3652],[-104.1196,33.6229],[-103.6992,34.4235],[-103.609,35.3482],[-103.5934,35.5083],[-104.1225,36.4344],[-104.1225,37.3604],[-104.356,38.3874],[-104.3871,38.5246],[-104.4665,39.5035],[-104.4665,40.5883],[-104.8898,41.5938],[-105.1015,42.705],[-106.1069,43.8427],[-106.6626,44.7687],[-107.7738,45.7742],[-108.4928,45.917],[-109.6216,46.1224],[-110.1022,47.1235],[-111.0281,47.6343],[-111.9013,47.8379],[-112.5892,48.8433],[-113.2242,49.6635],[-113.7005,50.4573],[-113.8592,51.8861],[-114.0973,52.7856],[-114.1698,53.5685],[-113.6122,54.1262],[-112.7825,54.0587],[-112.2218,54.0509],[-111.7535,53.8185]]]}},{"type":"Feature","properties":{"slug":"pampas","name":"Pampas","family":"plains-grasslands","kind":"grassland","source":"Natural Earth 10m geography_regions_polys"},"geometry":{"type":"MultiPolygon","coordinates":[[[[-61.894,-39.2309],[-61.918,-39.2274],[-62.0416,-39.1669],[-62.0833,-39.1102],[-62.093,-39.0862],[-61.9667,-39.1122],[-61.9071,-39.1356],[-61.8758,-39.1719],[-61.8746,-39.1792],[-61.894,-39.2309]]],[[[-62.3079,-39.8405],[-62.9622,-39.5275],[-63.6296,-39.1805],[-63.8442,-39.0689],[-64.0551,-39.0086],[-64.5043,-38.8803],[-64.8319,-38.7867],[-65.3147,-38.6825],[-65.9609,-38.2575],[-65.855,-37.9047],[-66.4739,-37.484],[-66.7369,-37.3051],[-66.7539,-37.1918],[-66.8239,-36.7253],[-66.8685,-36.428],[-66.7942,-36.2996],[-66.6091,-35.9799],[-66.5821,-35.6792],[-66.526,-35.0558],[-66.5253,-35.0473],[-66.5282,-35.0383],[-66.8075,-34.1653],[-67.1257,-33.5562],[-67.1603,-32.7542],[-67.2644,-32.5855],[-67.411,-32.3481],[-67.4274,-32.3421],[-67.6542,-32.2603],[-67.9011,-32.1545],[-67.9642,-32.0493],[-68.0334,-31.934],[-67.4914,-31.5234],[-67.1603,-31.2725],[-67.2413,-30.9121],[-67.3984,-30.2142],[-66.7898,-29.4998],[-66.1284,-28.8913],[-65.414,-28.2033],[-65.6582,-27.4869],[-65.5652,-27.3206],[-65.5082,-27.2188],[-65.4669,-27.1451],[-65.4369,-27.125],[-64.7836,-26.6885],[-64.087,-25.4887],[-64.0708,-25.4609],[-64.0451,-25.5306],[-63.7936,-26.2133],[-63.7341,-27.1044],[-63.6416,-27.3399],[-63.4898,-27.7264],[-63.3855,-27.9918],[-62.2566,-29.3676],[-60.8904,-29.6829],[-60.8808,-29.6851],[-60.8799,-29.6878],[-60.7045,-30.2494],[-60.7247,-30.7044],[-60.7664,-31.6444],[-60.775,-31.837],[-60.7499,-32.1761],[-60.7339,-32.3918],[-60.7045,-32.7895],[-60.6829,-32.8127],[-60.2458,-33.2834],[-58.4819,-34.1301],[-58.4761,-34.1682],[-58.462,-34.2595],[-58.4752,-34.263],[-58.5255,-34.2962],[-58.4662,-34.4574],[-58.4205,-34.5292],[-58.4114,-34.5887],[-58.3405,-34.6195],[-58.2833,-34.6835],[-57.7636,-34.8945],[-57.5479,-35.0189],[-57.3037,-35.1885],[-57.1707,-35.3625],[-57.1589,-35.506],[-57.3539,-35.7203],[-57.3755,-35.9003],[-57.3354,-36.0268],[-57.265,-36.1441],[-57.0762,-36.2968],[-56.9372,-36.3525],[-56.7556,-36.3467],[-56.7451,-36.3522],[-56.7174,-36.3891],[-56.6981,-36.4265],[-56.6683,-36.7353],[-56.672,-36.8513],[-56.7271,-36.9577],[-57.0877,-37.4464],[-57.3958,-37.7446],[-57.5073,-37.9093],[-57.547,-38.0856],[-57.6456,-38.1696],[-58.1012,-38.3969],[-59.3375,-38.6959],[-59.5818,-38.7549],[-60.0329,-38.864],[-60.904,-38.9739],[-61.1122,-38.993],[-61.3829,-38.9809],[-61.6025,-38.9988],[-61.8479,-38.9618],[-62.0669,-38.9191],[-62.1893,-38.8133],[-62.3348,-38.8001],[-62.3745,-38.8529],[-62.3036,-38.9881],[-62.3381,-39.1506],[-62.2951,-39.2433],[-62.2091,-39.2618],[-62.1265,-39.3098],[-62.0537,-39.3738],[-62.1793,-39.3805],[-62.1306,-39.4315],[-62.0768,-39.4615],[-62.0828,-39.5684],[-62.1315,-39.8254],[-62.2387,-39.8736],[-62.3079,-39.8405]]]]}},{"type":"Feature","properties":{"slug":"pontic-caspian-steppe","name":"Pontic-Caspian Steppe","family":"plains-grasslands","kind":"steppe","source":"Natural Earth 10m geography_regions_polys: PONTIC STEPPE, CASPIAN DEPRESSION"},"geometry":{"type":"MultiPolygon","coordinates":[[[[48.9635,49.1712],[50.1187,49.1841],[50.3612,49.1633],[50.6019,49.1238],[50.8496,49.062],[51.1852,48.9549],[51.3565,48.9235],[51.4194,48.9263],[51.4617,48.9283],[51.5353,48.9316],[51.647,48.9807],[51.8462,49.1383],[51.9478,49.1793],[51.9575,49.1773],[52.0554,49.1569],[52.1427,49.086],[52.2238,49.0013],[52.3124,48.9378],[52.3897,48.9167],[52.4746,48.9099],[52.6516,48.9113],[52.7636,48.9023],[53.0787,48.8388],[53.1194,48.6807],[53.1941,48.5328],[53.2959,48.4017],[53.4185,48.2936],[53.5402,48.2091],[53.5962,48.1616],[53.6502,48.1005],[53.7019,48.009],[53.8062,47.6984],[53.8551,47.6002],[54.0445,47.2788],[54.0994,47.1856],[54.1168,47.1561],[54.1698,47.079],[54.2302,47.0089],[54.2493,46.9898],[54.4569,46.8046],[54.5327,46.7482],[54.6897,46.645],[54.8858,46.478],[55.1405,46.2855],[55.2603,46.1841],[55.3246,46.1108],[55.3836,46.023],[55.4873,45.8447],[55.5429,45.6885],[55.5283,45.5421],[55.4504,45.4201],[55.3164,45.337],[55.2174,45.3094],[55.0142,45.2714],[54.9155,45.2414],[54.8171,45.1836],[54.7643,45.138],[54.6499,45.0393],[54.5421,44.9831],[54.4734,44.9678],[53.9271,44.846],[53.6463,44.7401],[53.4253,44.5328],[53.3272,44.3896],[53.2031,44.2451],[53.0552,44.1365],[52.8854,44.101],[52.7603,44.1376],[52.6344,44.2123],[52.3995,44.3748],[52.3043,44.4241],[52.2141,44.4588],[52.1196,44.4802],[52.0123,44.4894],[51.6658,44.4768],[51.5657,44.4959],[51.5034,44.5335],[51.5436,44.531],[51.4937,44.5775],[51.4311,44.602],[51.4216,44.6016],[51.3405,44.6737],[51.2548,44.7238],[51.147,44.7545],[51.0579,44.8116],[51.0207,44.854],[51.0094,44.9218],[51.0403,44.9803],[51.1537,45.0402],[51.2499,45.1217],[51.2835,45.204],[51.3253,45.2282],[51.4766,45.3454],[51.4838,45.3496],[51.5396,45.3429],[51.7326,45.3995],[52.0487,45.3884],[52.4268,45.4046],[52.5311,45.3986],[52.772,45.3435],[52.9107,45.3197],[53.0789,45.3075],[53.2004,45.332],[53.0857,45.4074],[52.8375,45.4967],[52.7738,45.5728],[52.8875,45.7795],[52.9479,45.8533],[52.9865,45.8846],[53.0252,45.9293],[53.0497,45.9858],[53.0499,45.9878],[53.1353,46.1917],[53.109,46.4141],[53.0975,46.4296],[53.1546,46.6376],[53.1553,46.6451],[53.1702,46.669],[53.1602,46.6915],[53.1683,46.7697],[53.0414,46.9148],[52.9816,46.9204],[52.916,46.9544],[52.6776,46.9571],[52.4832,46.9907],[52.4203,46.9637],[52.3849,46.9221],[52.3403,46.8948],[52.3052,46.882],[52.219,46.867],[52.0696,46.8639],[52.0507,46.8688],[52.0111,46.9019],[51.9481,46.8952],[51.944,46.8962],[51.7755,46.9621],[51.7715,46.9637],[51.758,46.9689],[51.7452,46.9739],[51.6902,46.9954],[51.6706,46.9997],[51.6501,47.0181],[51.6152,47.0299],[51.2908,47.0973],[51.178,47.1102],[50.92,47.0407],[50.7327,46.9517],[50.6799,46.9387],[50.5829,46.8823],[50.5284,46.8733],[50.4723,46.8829],[50.4193,46.8795],[50.3062,46.7949],[50.2978,46.7908],[50.1555,46.7466],[49.9658,46.6659],[49.8231,46.5835],[49.7605,46.5715],[49.6315,46.5676],[49.5844,46.5452],[49.4372,46.5373],[49.3475,46.5191],[49.3442,46.4855],[49.3458,46.4788],[49.3308,46.4745],[49.2745,46.4362],[49.2516,46.415],[49.2057,46.3857],[49.2105,46.3769],[49.1654,46.3353],[49.037,46.2376],[48.9861,46.1918],[48.9503,46.1467],[48.81,46.1005],[48.7426,46.1007],[48.6837,46.0862],[48.6873,46.0288],[48.7034,45.9762],[48.7289,45.9455],[48.7234,45.9416],[48.627,45.912],[48.5891,45.9349],[48.5373,45.9421],[48.487,45.9349],[48.3604,45.8482],[48.1729,45.8094],[47.8722,45.7238],[47.7439,45.6724],[47.7011,45.6862],[47.6498,45.6567],[47.6381,45.6052],[47.6215,45.5941],[47.574,45.6343],[47.5084,45.6742],[47.4794,45.6876],[47.4633,45.6797],[47.5242,45.6017],[47.5295,45.5302],[47.5146,45.4909],[47.4887,45.4551],[47.4545,45.4331],[47.4131,45.421],[47.3955,45.3203],[47.3423,45.2582],[47.1581,45.0089],[47.1084,44.9584],[46.9243,44.8482],[46.7421,44.8178],[46.3391,44.8542],[46.0485,44.9112],[45.8106,45.0275],[45.5947,45.1859],[45.5868,45.1926],[45.1478,45.5655],[44.9519,45.7765],[44.8677,45.8852],[44.7749,46.005],[44.6084,46.2539],[44.4828,46.4977],[44.4365,46.5875],[44.3588,46.9273],[44.4314,47.2338],[44.5778,47.3566],[44.7103,47.4678],[44.7765,47.5045],[44.9067,47.5889],[44.971,47.6196],[45.0591,47.6401],[45.2461,47.6541],[45.3377,47.6658],[45.5626,47.7241],[45.7844,47.799],[45.9163,47.8596],[46.2826,48.0932],[46.5112,48.1896],[46.616,48.2509],[46.69,48.346],[46.7149,48.4238],[46.7382,48.5468],[46.7456,48.5859],[46.7727,48.6632],[46.8634,48.7855],[46.9905,48.8807],[47.1364,48.9506],[47.9684,49.1822],[48.3176,49.2342],[48.6669,49.2098],[48.7033,49.2051],[48.9635,49.1712]]],[[[52.6126,45.5273],[52.6596,45.5181],[52.693,45.4607],[52.6824,45.4118],[52.6648,45.4013],[52.5983,45.4282],[52.5545,45.4737],[52.6126,45.5273]]],[[[55.6218,51.6511],[54.8541,51.6223],[54.1156,51.6455],[53.2218,51.6735],[52.8176,51.6108],[52.4832,51.4804],[52.3691,51.3944],[52.2107,51.2752],[52.026,50.9957],[51.9551,50.6424],[51.9684,50.204],[51.9529,49.6417],[51.8574,49.306],[51.813,49.1498],[51.4617,48.9283],[51.453,48.9228],[51.4194,48.9263],[51.2644,48.9428],[50.8977,49.0776],[50.7064,49.1298],[50.1018,49.1927],[48.7033,49.2051],[48.3689,49.2081],[47.82,49.1351],[47.2793,48.9689],[47.0845,48.8758],[46.8983,48.7705],[46.8234,48.7092],[46.7798,48.6436],[46.7382,48.5468],[46.7172,48.4979],[46.673,48.4151],[46.636,48.3569],[46.5913,48.3048],[46.5239,48.2406],[46.3805,48.1412],[46.057,48.0019],[45.892,47.9116],[45.4869,47.7537],[45.0435,47.663],[44.6616,47.4998],[44.5778,47.3566],[44.4417,47.1242],[44.424,46.6932],[44.4828,46.4977],[44.5388,46.3115],[44.7642,45.9786],[44.8677,45.8852],[45.3018,45.4937],[45.5868,45.1926],[45.7116,45.0608],[45.9485,44.8864],[46.1804,44.7969],[46.4144,44.7639],[46.6537,44.7492],[46.8487,44.7224],[46.8412,44.7183],[46.7553,44.6565],[46.7161,44.5607],[46.7072,44.5033],[46.7209,44.4517],[46.753,44.4207],[46.9157,44.3872],[47.0236,44.3433],[47.1227,44.2617],[47.2299,44.1924],[47.307,44.1031],[47.3615,43.9934],[47.4292,43.7799],[47.4628,43.555],[47.4841,43.6147],[47.4871,43.5897],[47.5106,43.5144],[47.509,43.5097],[47.4898,43.3817],[47.5116,43.2708],[47.5129,43.2188],[47.4632,43.0351],[47.4889,42.9998],[47.529,42.9671],[47.6349,42.9035],[47.7091,42.8109],[47.7277,42.6807],[47.7697,42.6448],[47.8224,42.6135],[47.9797,42.455],[47.8799,42.4128],[47.7404,42.4261],[47.6006,42.4791],[47.468,42.5534],[47.3501,42.6303],[47.2521,42.7201],[47.2229,42.8032],[47.2214,42.8072],[47.2187,42.8732],[47.2173,42.9081],[47.199,43.0394],[47.1116,43.1724],[47.0682,43.1894],[46.9678,43.2287],[46.8034,43.2501],[46.6961,43.2704],[46.6542,43.2783],[46.3145,43.3978],[46.1422,43.4277],[46.0999,43.425],[45.9524,43.4154],[45.4395,43.2556],[45.2014,43.2438],[44.9673,43.3735],[44.9489,43.3902],[44.7886,43.5355],[44.6307,43.6487],[44.4614,43.7311],[44.3971,43.7506],[43.8978,43.9016],[43.7815,43.9368],[43.6228,43.9742],[43.4424,43.9916],[43.4219,43.9907],[43.082,43.9765],[42.9046,43.9893],[42.7619,44.0236],[42.6055,44.0839],[42.0032,44.3164],[41.0513,44.8073],[40.6556,44.949],[40.5999,44.969],[40.1731,45.0284],[40.1085,45.0374],[39.7518,45.0463],[39.3261,45.0569],[38.7277,45.0718],[38.5309,45.0571],[38.3417,45.0217],[38.1198,44.9952],[37.9041,45.0219],[37.6921,45.0832],[36.7889,45.4072],[36.7938,45.4097],[36.8659,45.4271],[36.9778,45.3836],[37.1035,45.3029],[37.2136,45.2723],[37.2643,45.3109],[37.6472,45.3772],[37.6729,45.4297],[37.6719,45.4884],[37.6344,45.4863],[37.61,45.4995],[37.6124,45.5647],[37.6692,45.6541],[37.8409,45.7996],[37.9331,46.0017],[38.0143,46.0478],[38.0738,46.0171],[38.0697,45.9699],[38.0796,45.9348],[38.1328,46.0028],[38.1836,46.0948],[38.3118,46.0954],[38.4004,46.08],[38.4923,46.0905],[38.3152,46.2419],[38.0777,46.3943],[37.9775,46.3829],[37.9139,46.4065],[37.8096,46.5321],[37.7665,46.6361],[37.8674,46.6338],[37.968,46.618],[38.1595,46.6907],[38.23,46.7013],[38.3435,46.6783],[38.501,46.6637],[38.488,46.7322],[38.4387,46.8131],[38.6308,46.873],[38.8011,46.9062],[39.1268,47.0234],[39.2707,47.0441],[39.2891,47.0709],[39.2935,47.1058],[39.2445,47.1995],[39.1957,47.2688],[39.0237,47.2722],[38.9283,47.1757],[38.6682,47.1439],[38.5524,47.1503],[38.6443,47.2122],[38.736,47.2358],[38.7619,47.2616],[38.5772,47.2391],[38.4848,47.1755],[38.2144,47.0915],[38.1783,47.0802],[37.8287,47.0958],[37.5434,47.0746],[37.3398,46.9169],[37.2186,46.9173],[37.0476,46.8762],[36.932,46.8251],[36.7948,46.7144],[36.6887,46.7641],[36.5588,46.7627],[36.432,46.7326],[36.2795,46.6586],[36.1946,46.6455],[36.0249,46.6668],[35.8271,46.6243],[35.4002,46.3814],[35.2566,46.2039],[35.2044,46.1692],[35.1323,46.1259],[35.0553,46.104],[35.0146,46.106],[35.2178,46.2322],[35.2802,46.2795],[35.2909,46.3144],[35.292,46.3707],[35.2304,46.4406],[35.0641,46.2672],[34.9695,46.2421],[34.8496,46.1899],[34.8442,46.0816],[34.6265,46.1278],[33.7318,46.1897],[33.6329,46.1965],[32.3997,46.2819],[32.2042,46.3243],[32.0838,46.3597],[31.9989,46.372],[32.0131,46.3872],[32.0085,46.43],[31.8558,46.4625],[31.7137,46.4718],[31.6236,46.5103],[31.5549,46.5543],[31.716,46.555],[31.8779,46.5217],[32.1314,46.5094],[32.3613,46.475],[32.4189,46.5178],[32.5525,46.592],[32.578,46.6156],[32.3541,46.5648],[32.1272,46.5972],[32.0443,46.6425],[31.9743,46.7088],[31.9449,46.7844],[31.9641,46.8548],[31.9396,46.982],[31.8647,47.0951],[31.8382,47.1572],[31.7592,47.2128],[31.8369,47.087],[31.8659,47.0033],[31.9127,46.9261],[31.9017,46.7216],[31.8729,46.6498],[31.7796,46.6316],[31.657,46.6424],[31.5321,46.6647],[31.5634,46.7773],[31.4969,46.7384],[31.4029,46.6288],[31.3353,46.6155],[31.3174,46.6289],[31.1913,46.6569],[31.0261,46.6009],[30.7963,46.552],[30.7729,46.473],[30.7217,46.3662],[30.7197,46.3637],[30.5631,46.2273],[30.2809,46.0121],[30.1838,45.9486],[30.1001,45.9211],[29.9109,45.8942],[29.8401,45.8577],[29.7953,45.7773],[29.7872,45.7377],[29.6851,45.7547],[29.6284,45.7225],[29.6017,45.6825],[29.6012,45.6],[29.6703,45.5407],[29.727,45.3433],[29.7059,45.2599],[29.6891,45.1932],[29.6786,45.1517],[29.6724,45.127],[29.666,45.122],[29.6326,45.0958],[29.5134,45.0271],[29.4601,44.9914],[29.4026,44.9457],[29.3717,44.9245],[29.3427,44.9095],[29.2748,44.8959],[29.1353,44.8934],[29.0723,44.875],[29.0689,44.8718],[29.0478,44.9257],[29.0953,44.975],[28.9807,44.9929],[28.9306,44.9658],[28.8915,44.9187],[28.9262,44.81],[28.8704,44.75],[28.849,44.7163],[28.8465,44.6369],[28.8136,44.6025],[28.807,44.565],[28.8882,44.5748],[28.8518,44.5061],[28.6992,44.3742],[28.6454,44.2957],[28.658,43.9973],[28.6174,43.9384],[28.5188,43.8453],[28.3984,43.7838],[28.2529,43.7622],[27.9313,43.777],[27.5812,43.834],[27.2604,43.9592],[27.027,44.1784],[27.0267,44.1786],[26.859,44.6318],[26.9699,44.9444],[27.2561,45.1965],[27.615,45.4681],[27.7921,45.6421],[27.9017,45.7999],[28.4956,46.9611],[28.7449,47.3425],[29.0205,47.653],[29.402,47.8695],[29.8479,47.9779],[30.3091,48.0624],[30.7363,48.2071],[30.8748,48.3259],[31.0693,48.4928],[31.5227,49.2411],[31.5459,49.2633],[31.8264,49.5325],[32.1954,49.6655],[32.594,49.6907],[33.3911,49.6257],[33.8925,49.6415],[34.3568,49.7266],[35.4132,50.0423],[35.8561,50.1746],[37.6439,50.5485],[39.2151,50.9984],[39.5993,51.1655],[46.2338,54.0506],[46.2771,54.0695],[47.6202,54.5372],[48.0484,54.619],[48.9696,54.7949],[50.1333,54.9401],[50.7352,55.0575],[51.2536,55.0903],[53.011,54.8647],[53.289,54.812],[53.5454,54.7382],[54.038,54.5604],[54.2991,54.4945],[54.5331,54.4622],[55.3565,54.4179],[55.854,54.3472],[56.015,54.3131],[56.1664,54.2565],[56.2915,54.1636],[56.3674,53.9799],[56.3242,53.7825],[56.2343,53.5832],[56.1699,53.3933],[56.1282,53.1583],[56.1181,53.0422],[56.1286,52.9232],[56.147,52.7946],[56.1532,52.405],[56.1384,52.2431],[56.0974,52.074],[56.0299,51.9147],[55.936,51.7819],[55.7958,51.6914],[55.7376,51.6779],[55.6218,51.6511]]]]}},{"type":"Feature","properties":{"slug":"kazakh-steppe","name":"Kazakh Steppe","family":"plains-grasslands","kind":"steppe","source":"Natural Earth 10m geography_regions_polys"},"geometry":{"type":"Polygon","coordinates":[[[62.7301,54.8766],[65.0861,55.1386],[66.683,55.0877],[66.6795,55.087],[66.676,55.0851],[66.6835,55.0828],[69.2944,55.1412],[69.2467,55.2242],[69.2356,55.2655],[69.2429,55.2993],[69.2786,55.3168],[69.3521,55.3094],[69.6292,55.2184],[72.4613,55.0877],[73.0161,55.3126],[76.2366,55.2778],[76.8102,54.8901],[79.0459,55.2698],[79.8201,55.4013],[80.0718,55.3319],[81.3015,55.3319],[81.375,55.2995],[81.4487,55.2811],[81.9852,55.2916],[82.0838,55.2734],[82.4118,55.3017],[82.4526,55.297],[82.4717,55.2808],[82.4801,55.2613],[82.4933,55.2474],[82.5117,55.2374],[82.7427,55.1689],[82.8088,55.1302],[82.9341,55.0245],[82.9708,55.0096],[83.0084,55.0067],[83.1033,55.0189],[83.1212,55.0129],[83.1282,54.9935],[83.0963,54.8652],[83.0864,54.8253],[83.0883,54.8226],[83.0908,54.8146],[83.0897,54.8013],[83.0808,54.7831],[83.0597,54.76],[82.9639,54.6997],[82.7947,54.632],[82.5745,54.5917],[81.6185,54.1781],[81.4935,54.0982],[81.3655,54.0645],[81.3175,54.0593],[81.2703,54.0147],[81.2402,53.9742],[81.2319,53.9539],[81.2315,53.9352],[81.2379,53.9202],[81.2481,53.9097],[81.2603,53.9028],[81.2733,53.8987],[81.2965,53.8966],[81.3067,53.8972],[81.3048,53.8798],[81.3065,53.862],[81.3136,53.8414],[81.3286,53.8207],[81.3544,53.8025],[81.3934,53.7893],[81.7902,53.7912],[81.9102,53.7385],[81.954,53.7349],[82.1328,53.6887],[82.1629,53.6884],[82.2202,53.7016],[82.2388,53.6962],[82.2622,53.6785],[82.4016,53.5358],[82.4996,53.4651],[82.6023,53.5429],[82.7214,53.4762],[82.8071,53.4475],[82.9812,53.4445],[82.9891,53.4681],[83.0007,53.4909],[83.0188,53.5146],[83.0444,53.5346],[83.0786,53.5465],[83.1223,53.5454],[83.3497,53.4393],[83.374,53.4333],[83.728,53.4426],[83.8223,53.3312],[83.8565,53.1122],[83.8698,53.0742],[83.8834,53.0602],[83.896,53.0612],[83.9119,53.0713],[83.9121,53.0623],[83.8667,52.9022],[83.837,52.8516],[83.7131,52.7351],[83.6941,52.7031],[83.6851,52.6603],[83.677,52.5276],[83.7449,52.3781],[83.8098,52.374],[83.9911,52.3958],[84.0215,52.3875],[84.0477,52.3642],[84.1041,52.2565],[84.1143,52.2472],[84.1255,52.2428],[84.1262,52.2402],[84.1276,52.2351],[84.1284,52.1771],[84.1459,52.1356],[84.188,52.108],[84.3145,52.075],[84.3071,52.0692],[83.8765,52.0383],[83.6463,52.0759],[83.5774,52.0765],[83.4996,52.0609],[82.994,51.8273],[82.8804,51.8005],[82.7837,51.8066],[82.692,51.7974],[82.6028,51.7684],[82.3461,51.6362],[82.3286,51.6212],[82.3162,51.5985],[82.3086,51.5641],[82.3054,51.5142],[82.3134,51.4577],[82.3355,51.4057],[82.4607,51.2282],[82.4749,51.1878],[82.4717,51.1474],[82.4502,51.0596],[82.4419,50.9669],[82.4484,50.8817],[82.4578,50.8458],[82.5132,50.7553],[82.6023,50.6596],[82.6304,50.6428],[82.6604,50.6401],[82.7221,50.6476],[82.7512,50.6433],[82.7776,50.6238],[82.8002,50.5817],[82.8377,50.4221],[82.9697,50.1368],[82.9991,50.0939],[83.0252,50.0559],[83.0379,50.058],[83.0523,50.0574],[83.0706,50.0528],[83.0921,50.0421],[83.1155,50.0233],[83.1399,49.994],[83.1809,49.9131],[83.1854,49.8886],[83.1827,49.872],[83.178,49.8566],[83.176,49.8358],[83.1819,49.8027],[83.405,49.2698],[83.405,49.1468],[83.5215,48.9313],[83.5203,48.9072],[83.5095,48.8529],[83.4971,48.8225],[83.4784,48.7945],[83.4519,48.772],[83.3035,48.7221],[83.2329,48.6763],[83.093,48.5177],[83.0801,48.4966],[83.0778,48.4885],[83.08,48.4868],[83.0809,48.4854],[82.7954,48.1385],[82.7578,48.1105],[82.7413,48.0982],[82.678,48.0726],[81.33,47.9944],[81.2752,47.9775],[81.2429,47.9508],[81.2288,47.9199],[81.2146,47.8398],[81.2058,47.8148],[81.1879,47.7891],[81.1569,47.7623],[80.5302,47.3881],[80.3655,47.3226],[80.1071,47.3218],[77.9783,47.3158],[76.0726,47.3103],[75.9786,47.2813],[75.4555,47.2954],[75.4088,47.2878],[75.1209,47.1799],[75.1118,47.2112],[75.0828,47.2406],[75.0255,47.2633],[73.5379,47.2808],[73.4904,47.2693],[73.4546,47.2503],[73.3296,47.1459],[73.2886,47.1278],[73.2383,47.1188],[72.8556,47.1754],[72.6721,47.1533],[72.0929,46.9416],[72.0216,46.9274],[71.9456,46.9276],[71.7586,46.9651],[69.525,46.876],[67.5659,46.7979],[66.4235,47.0498],[66.2225,47.1457],[66.0637,47.1802],[66.0214,47.1964],[65.6187,47.4964],[65.5803,47.5172],[65.5481,47.5414],[65.5272,47.5701],[65.4876,47.6578],[65.4671,47.6787],[65.4354,47.6912],[65.2127,47.6881],[65.065,47.7078],[65.0321,47.7207],[64.991,47.7537],[64.9191,47.7814],[63.6138,47.9645],[63.517,47.9514],[63.2802,47.9699],[63.0248,47.9326],[62.9725,47.9408],[62.8444,47.9851],[62.7866,47.9881],[62.5807,47.94],[62.5232,47.943],[62.3981,47.9851],[62.3518,47.9881],[62.3145,47.9791],[62.247,47.949],[62.2063,47.94],[62.1543,47.943],[62.0217,47.9851],[61.9796,47.9881],[61.9509,47.9791],[61.8965,47.949],[61.853,47.94],[61.7864,47.943],[61.5866,47.9829],[61.5128,47.9807],[61.4589,47.9652],[61.3801,47.9257],[61.3399,47.9177],[61.2891,47.9278],[61.1531,48.0118],[61.0365,48.1401],[61.004,48.1626],[60.7299,48.2341],[60.2982,48.2661],[60.2352,48.2468],[59.7078,48.2719],[59.5476,48.2484],[59.4933,48.2503],[59.3715,48.2744],[59.3421,48.2735],[59.3264,48.2648],[59.312,48.2529],[59.2861,48.2422],[59.236,48.2373],[58.7623,48.2847],[58.499,48.241],[58.4199,48.2437],[58.3143,48.2628],[58.212,48.2989],[58.1437,48.3443],[58.042,48.4697],[58.0094,48.4857],[57.9608,48.4775],[57.0664,47.9395],[57.044,47.9199],[57.026,47.8915],[57.0116,47.8806],[56.4362,47.7961],[56.3875,47.7809],[56.3453,47.7607],[56.2761,47.7138],[56.2485,47.71],[56.1759,47.7366],[56.1494,47.7379],[56.1189,47.7252],[56.0827,47.6926],[56.0542,47.6531],[56.0438,47.6236],[56.0446,47.6024],[56.0521,47.5796],[56.0454,47.5752],[55.9341,47.5718],[55.9176,47.5678],[55.9169,47.5617],[55.9213,47.554],[55.9203,47.5452],[55.9031,47.5358],[55.6309,47.4996],[55.6199,47.4951],[54.9583,47.4553],[54.9473,47.413],[54.9625,47.3593],[54.9519,47.3403],[54.9049,47.3215],[54.0994,47.1856],[54.0454,47.1765],[54.0444,47.1751],[54.0337,47.1659],[54.0445,47.2788],[54.0553,47.3916],[54.0062,47.5881],[53.9408,47.6863],[53.908,47.9645],[53.7771,48.161],[53.5315,48.3574],[53.286,48.5702],[53.1223,48.8649],[52.713,48.9794],[52.2219,49.0941],[52.0747,49.4705],[52.0419,49.8306],[52.0419,50.4199],[52.1565,50.9274],[52.2875,51.3038],[52.4618,51.3747],[52.5015,51.3909],[52.5968,51.4296],[52.6123,51.4372],[52.6669,51.4536],[52.8016,51.498],[53.0568,51.5821],[53.4303,51.5693],[53.5315,51.5658],[53.6707,51.5658],[53.778,51.5658],[55.332,51.5657],[55.9611,51.6248],[56.4805,51.4197],[56.8219,51.3715],[56.8813,51.3632],[57.0714,51.3363],[57.1047,51.3316],[57.1296,51.3207],[57.3091,51.242],[57.3329,51.2315],[57.7957,51.1247],[58.2446,51.1321],[58.3576,51.1716],[58.4437,51.2016],[58.7328,51.3026],[58.6336,51.5914],[58.6334,51.5931],[58.6278,51.6534],[58.6273,51.6588],[58.6297,51.6803],[58.6316,51.6985],[58.6339,51.7197],[58.6683,51.789],[58.9152,52.2867],[59.0315,52.5211],[59.0657,52.59],[59.0609,52.6357],[59.0381,52.6743],[58.9295,52.7741],[58.9199,52.7872],[58.9022,52.8113],[58.8908,52.8552],[58.8935,52.8839],[58.8959,52.9082],[58.8975,52.9254],[58.8998,52.949],[58.9284,53.0302],[58.97,53.099],[59.0089,53.139],[59.0238,53.1543],[59.0673,53.199],[59.1519,53.2553],[59.0843,53.3217],[59.0358,53.3695],[59.0175,53.5109],[59.1354,53.8129],[59.1456,53.839],[59.1468,53.9215],[59.1472,53.9499],[59.1506,54.1907],[59.1506,54.1955],[59.1514,54.2495],[59.1515,54.2536],[59.1517,54.2739],[59.1519,54.2822],[59.2238,54.3402],[59.2692,54.3767],[59.2929,54.3958],[59.3074,54.4076],[59.3925,54.4762],[59.4091,54.4895],[62.6592,54.9069],[62.7129,54.897],[62.731,54.8842],[62.7301,54.8766]]]}},{"type":"Feature","properties":{"slug":"north-china-plain","name":"North China Plain","family":"plains-grasslands","kind":"plain","source":"Natural Earth 10m geography_regions_polys"},"geometry":{"type":"MultiPolygon","coordinates":[[[[117.625,39.4061],[117.5411,39.053],[117.5274,38.905],[117.5598,38.7067],[117.5538,38.6915],[117.5578,38.6251],[117.5807,38.5782],[117.6016,38.4508],[117.6224,38.4131],[117.6572,38.385],[117.7205,38.3587],[117.7667,38.3117],[117.9094,38.2379],[117.9452,38.2009],[118.033,38.1731],[118.1261,38.1648],[118.5354,38.0962],[118.5341,38.0599],[118.5652,38.0635],[118.756,38.1266],[118.8,38.1267],[118.8574,38.0923],[118.9467,38.0201],[118.9725,37.9913],[119.0275,37.904],[119.0356,37.8092],[119.0385,37.7765],[119.0703,37.7486],[119.0735,37.7404],[119.012,37.6511],[118.9908,37.6414],[118.9829,37.6089],[118.9417,37.549],[118.923,37.4959],[118.9185,37.4381],[118.9284,37.3685],[118.9923,37.1664],[119.1442,34.9213],[119.1699,34.8635],[119.1653,34.8488],[119.201,34.7484],[119.3204,34.7492],[119.4732,34.6749],[119.5829,34.5822],[119.7697,34.4962],[119.9155,34.4598],[120.1226,34.3591],[120.2273,34.2874],[120.2715,34.2403],[120.3106,34.1833],[120.3721,34.0237],[120.4257,33.8663],[120.4581,33.8008],[120.5016,33.6879],[120.5048,33.6382],[120.6067,33.5024],[120.6208,33.4795],[120.7345,33.2366],[120.8682,33.0212],[120.872,33.0103],[120.8736,33.0002],[120.881,32.814],[120.853,32.7641],[120.8532,32.6614],[120.9899,32.567],[121.2934,32.4573],[121.3417,32.425],[121.3752,32.395],[121.3853,32.3794],[121.3973,32.348],[121.4018,32.3233],[121.4039,32.2062],[121.4508,32.1533],[121.4708,32.1371],[121.4797,32.1273],[121.5003,32.1144],[121.5217,32.1086],[121.5236,32.1085],[121.6742,32.051],[121.7511,31.9929],[121.7745,31.9661],[121.8589,31.7033],[121.7636,31.6995],[121.6809,31.7122],[121.352,31.8588],[121.2664,31.8627],[121.1458,31.8423],[120.9735,31.8694],[120.7917,32.0317],[120.6605,32.0811],[120.5201,32.1059],[120.1841,31.9662],[120.0987,31.976],[120.0739,31.9603],[120.0359,31.9363],[120.1916,31.9063],[120.3475,31.9521],[120.4972,32.0198],[120.7155,31.9837],[120.7522,31.9229],[120.7878,31.8198],[120.9375,31.7502],[121.0554,31.7194],[121.2049,31.6281],[121.351,31.4854],[121.6606,31.3197],[121.7623,31.1924],[121.8108,30.8882],[121.7694,30.8704],[121.6752,30.8638],[121.5275,30.841],[121.4545,30.8065],[121.4392,30.806],[121.3963,30.7913],[121.3735,30.773],[121.3639,30.7509],[121.3627,30.7433],[121.31,30.6997],[120.9977,30.5583],[120.9689,30.5154],[120.9251,30.4683],[120.8684,30.3781],[120.8267,30.3573],[120.7684,30.3702],[120.7456,30.369],[120.63,30.3909],[120.4498,30.3878],[120.2455,30.2835],[120.2332,30.2734],[120.2064,30.2735],[120.1445,30.2999],[120.0942,30.3628],[120.0767,30.4349],[120.0906,30.6729],[120.0741,30.7481],[120.0256,30.8156],[119.9319,30.8719],[119.38,31.0444],[117.9794,30.9537],[117.7437,30.8483],[117.7127,30.8408],[117.6802,30.8413],[117.6445,30.8515],[117.6035,30.8733],[116.8573,31.6428],[116.6162,31.8184],[116.5364,31.8561],[116.0862,31.925],[116.0132,31.9581],[115.8856,32.07],[115.7819,32.1157],[115.0333,32.2944],[114.6384,32.5163],[114.4766,32.6581],[113.5424,33.934],[113.0964,34.9646],[113.0931,35.0559],[113.179,35.1306],[114.0704,35.4298],[114.1657,35.5095],[114.5186,36.3911],[114.5274,36.4948],[114.5205,36.549],[114.4934,36.6317],[114.4133,36.7571],[114.4049,36.7701],[114.3955,36.7997],[114.3897,36.837],[114.3889,36.8745],[114.4107,37.0272],[114.4456,37.2712],[114.4026,37.908],[114.359,38.5526],[114.396,38.8538],[114.4358,38.9706],[114.4536,38.9981],[114.5921,39.1383],[114.6088,39.1723],[114.6332,39.2627],[114.6502,39.5142],[114.6672,39.5828],[114.7046,39.6394],[114.7717,39.6815],[114.8775,39.7064],[115.0524,39.7053],[115.6738,39.5002],[115.7409,39.5021],[115.7976,39.5203],[115.8469,39.5555],[115.8914,39.608],[116.1456,40.06],[116.3124,40.236],[116.4089,40.2988],[116.513,40.3361],[116.6237,40.3414],[116.7018,40.3198],[116.7759,40.277],[117.1824,39.8731],[117.4878,39.6998],[117.5488,39.6502],[117.5951,39.5881],[117.622,39.5084],[117.625,39.4061]]],[[[121.855,31.4896],[121.7805,31.4638],[121.5199,31.5496],[121.3364,31.6438],[121.2269,31.7581],[121.2111,31.8054],[121.339,31.7974],[121.4642,31.7564],[121.4918,31.6937],[121.5423,31.6739],[121.5766,31.6373],[121.8083,31.5521],[121.8437,31.5264],[121.8599,31.4972],[121.855,31.4896]]]]}},{"type":"Feature","properties":{"slug":"indo-gangetic-plain","name":"Indo-Gangetic Plain","family":"plains-grasslands","kind":"plain","source":"hand outline (see _geo_base.HAND_POLYGONS)"},"geometry":{"type":"Polygon","coordinates":[[[67.0,25.5],[68.5,27.5],[71.5,30.5],[74.5,32.5],[77.5,31.0],[80.0,29.5],[83.0,27.5],[86.0,26.5],[89.0,25.8],[91.5,25.0],[92.0,23.5],[90.5,22.0],[88.0,21.8],[85.5,24.0],[82.0,25.5],[78.0,27.0],[75.0,28.5],[72.0,26.5],[69.0,24.0],[67.0,25.5]]]}},{"type":"Feature","properties":{"slug":"llanos","name":"Llanos","family":"plains-grasslands","kind":"grassland","source":"Natural Earth 10m geography_regions_polys"},"geometry":{"type":"Polygon","coordinates":[[[-64.2463,7.9673],[-64.6908,7.8153],[-65.7256,7.8457],[-65.7479,7.8463],[-65.8902,7.8505],[-66.1242,7.6973],[-66.9133,7.1802],[-67.3743,6.1536],[-67.6894,5.4517],[-67.9779,5.4835],[-68.9504,5.3619],[-70.3364,4.5109],[-71.4305,3.66],[-72.5577,2.6294],[-73.1324,2.8576],[-73.6324,3.5451],[-73.716,3.66],[-73.6161,3.9347],[-73.5758,3.9792],[-72.6005,5.0562],[-72.4431,5.2299],[-71.9228,5.8045],[-71.83,6.0712],[-71.7592,6.2746],[-71.7486,6.305],[-71.7002,6.4443],[-71.6405,6.6158],[-71.7816,7.2861],[-71.3183,7.7494],[-70.9584,8.1093],[-70.8644,8.2033],[-70.8298,8.2266],[-70.5914,8.3869],[-69.4853,9.1306],[-67.6206,9.5837],[-66.9133,9.7556],[-66.6034,9.7643],[-64.4086,9.8261],[-64.2438,9.842],[-63.3893,9.9241],[-62.5741,10.0025],[-61.9744,8.6619],[-63.3503,8.2739],[-64.2463,7.9673]]]}},{"type":"Feature","properties":{"slug":"campos","name":"Campos","family":"plains-grasslands","kind":"grassland","source":"hand outline (see _geo_base.HAND_POLYGONS)"},"geometry":{"type":"Polygon","coordinates":[[[-57.6,-30.2],[-55.5,-28.2],[-53.0,-28.0],[-51.0,-29.0],[-49.8,-30.5],[-50.5,-32.0],[-52.0,-33.5],[-53.5,-34.5],[-55.0,-34.0],[-57.0,-32.0],[-57.6,-30.2]]]}},{"type":"Feature","properties":{"slug":"veld","name":"Veld","family":"plains-grasslands","kind":"grassland","source":"hand outline (see _geo_base.HAND_POLYGONS)"},"geometry":{"type":"Polygon","coordinates":[[[20.0,-24.5],[24.0,-22.0],[28.0,-22.2],[31.0,-23.5],[31.5,-26.0],[30.0,-28.5],[28.0,-30.5],[25.5,-31.0],[22.5,-30.0],[19.5,-28.0],[18.0,-26.0],[20.0,-24.5]]]}},{"type":"Feature","properties":{"slug":"sinai-peninsula","name":"Sinai Peninsula","family":"peninsulas","kind":"peninsula","source":"hand outline (see _geo_base.HAND_POLYGONS)"},"geometry":{"type":"Polygon","coordinates":[[[32.6,31.2],[34.5,31.2],[34.9,29.5],[34.3,28.0],[33.9,27.7],[33.2,28.5],[32.5,29.5],[32.3,30.5],[32.6,31.2]]]}},{"type":"Feature","properties":{"slug":"italian-peninsula","name":"Italian Peninsula","family":"peninsulas","kind":"peninsula","source":"hand outline (see _geo_base.HAND_POLYGONS)"},"geometry":{"type":"Polygon","coordinates":[[[12.57,44.08],[13.56,43.57],[14.01,42.69],[14.54,42.24],[15.17,41.93],[16.16,41.9],[16.15,41.76],[15.91,41.62],[15.9,41.51],[17.95,40.66],[18.46,40.22],[18.34,39.82],[18.08,39.94],[17.87,40.28],[17.4,40.34],[17.18,40.5],[16.93,40.46],[16.67,40.14],[16.52,39.75],[17.11,39.38],[17.17,39.0],[16.62,38.8],[16.55,38.41],[16.28,38.25],[16.06,37.94],[15.72,37.94],[15.64,38.18],[15.82,38.3],[15.93,38.67],[16.2,38.76],[16.21,38.94],[15.69,39.99],[14.95,40.24],[14.95,40.47],[14.77,40.67],[14.34,40.6],[14.46,40.73],[14.04,40.81],[13.73,41.24],[13.09,41.24],[12.63,41.47],[11.64,42.29],[11.3,42.42],[11.14,42.39],[11.17,42.54],[10.71,42.94],[10.51,42.97],[10.52,43.2],[10.19,43.95],[9.81,44.08],[12.57,44.08]]]}},{"type":"Feature","properties":{"slug":"jutland","name":"Jutland","family":"peninsulas","kind":"peninsula","source":"Natural Earth 10m geography_regions_polys"},"geometry":{"type":"MultiPolygon","coordinates":[[[[10.4302,57.5718],[10.4583,57.5266],[10.5042,57.489],[10.5352,57.4509],[10.5371,57.4484],[10.5243,57.4033],[10.5172,57.3925],[10.5178,57.3404],[10.5199,57.3301],[10.5241,57.2432],[10.4771,57.205],[10.4707,57.2024],[10.4467,57.1861],[10.4114,57.1456],[10.3953,57.1185],[10.3908,57.1016],[10.3385,57.0213],[10.2961,56.9991],[10.2961,56.9989],[10.2723,56.9991],[10.2395,56.994],[10.1559,57.025],[10.0939,57.0617],[10.0526,57.0709],[10.0192,57.0897],[9.9945,57.0939],[9.9744,57.0877],[9.9461,57.0623],[9.9268,57.0598],[9.9453,57.0585],[9.9664,57.0734],[9.984,57.0803],[10.0017,57.085],[10.0225,57.0803],[10.1211,57.0233],[10.1538,57.0145],[10.1923,56.9952],[10.2142,56.9909],[10.2948,56.9898],[10.2956,56.9895],[10.2947,56.9711],[10.2855,56.9649],[10.2793,56.9567],[10.2745,56.9434],[10.2691,56.9162],[10.2658,56.9089],[10.273,56.8925],[10.2839,56.8416],[10.2881,56.8013],[10.2953,56.78],[10.2964,56.7781],[10.291,56.716],[10.2825,56.7172],[10.2374,56.7172],[10.2217,56.7133],[10.2037,56.7035],[10.1869,56.7134],[10.168,56.7212],[10.1464,56.7236],[10.1211,56.7172],[10.0989,56.7073],[10.0895,56.7053],[10.0734,56.7035],[10.0581,56.6995],[10.0272,56.6854],[9.9907,56.6781],[9.9454,56.6594],[9.8058,56.6482],[9.8058,56.6414],[9.8512,56.637],[10.0014,56.6625],[10.0348,56.6741],[10.0493,56.6762],[10.0527,56.6783],[10.0534,56.683],[10.0553,56.6877],[10.0628,56.6898],[10.0708,56.6887],[10.0842,56.6835],[10.0905,56.6824],[10.1012,56.6839],[10.1135,56.6879],[10.1237,56.6935],[10.1279,56.7],[10.1347,56.7136],[10.1504,56.7156],[10.1832,56.7097],[10.1807,56.7061],[10.1757,56.6967],[10.2417,56.6896],[10.2833,56.691],[10.289,56.6929],[10.2827,56.6205],[10.3045,56.6063],[10.2728,56.5928],[10.2232,56.5618],[10.2142,56.5595],[10.207,56.5269],[10.2037,56.5179],[10.2112,56.5065],[10.2066,56.4921],[10.1953,56.4789],[10.1832,56.4707],[10.214,56.4716],[10.2254,56.4769],[10.2241,56.5148],[10.2273,56.5422],[10.2376,56.5555],[10.2793,56.5731],[10.3124,56.5978],[10.3157,56.5991],[10.3594,56.5706],[10.3598,56.5693],[10.3607,56.5629],[10.3651,56.5595],[10.3948,56.5458],[10.4697,56.5221],[10.4892,56.5208],[10.4902,56.5205],[10.494,56.5205],[10.5514,56.5168],[10.598,56.5209],[10.8459,56.5217],[10.8828,56.4929],[10.9262,56.4433],[10.8944,56.359],[10.8564,56.2955],[10.7534,56.242],[10.6878,56.2222],[10.6875,56.2235],[10.6775,56.2275],[10.6644,56.2288],[10.6525,56.234],[10.6284,56.2387],[10.6036,56.2222],[10.582,56.2013],[10.539,56.2003],[10.4751,56.2436],[10.4754,56.2459],[10.5046,56.2789],[10.491,56.2789],[10.4767,56.2821],[10.4634,56.288],[10.4535,56.2957],[10.4424,56.2999],[10.4166,56.293],[10.4028,56.2994],[10.3992,56.2861],[10.3937,56.2777],[10.3849,56.2734],[10.3709,56.2721],[10.3635,56.2667],[10.3368,56.234],[10.3123,56.2163],[10.2583,56.1915],[10.2341,56.1725],[10.2201,56.1491],[10.2267,56.1345],[10.2433,56.1208],[10.2589,56.1002],[10.2626,56.0863],[10.2337,56.0213],[10.231,56.0183],[10.2326,56.0187],[10.2267,56.0054],[10.1871,55.8783],[10.1832,55.8749],[10.1857,55.8737],[10.183,55.8652],[10.1594,55.8538],[10.1283,55.8661],[10.1279,55.867],[10.1235,55.8745],[10.1143,55.881],[10.1017,55.8836],[10.0044,55.881],[9.9915,55.8785],[9.9834,55.8726],[9.9773,55.8658],[9.9742,55.8634],[9.9457,55.8551],[9.9443,55.8548],[9.8916,55.8565],[9.8673,55.8531],[9.8923,55.8375],[9.9213,55.8339],[9.962,55.8131],[10.0172,55.7668],[10.0172,55.7668],[10.0197,55.7591],[10.0212,55.7589],[9.999,55.7355],[9.899,55.7076],[9.8766,55.6933],[9.8717,55.6925],[9.8215,55.6772],[9.7921,55.6756],[9.7307,55.6893],[9.6956,55.707],[9.6863,55.7098],[9.5829,55.71],[9.5593,55.7166],[9.5562,55.7127],[9.5545,55.71],[9.5541,55.7093],[9.5536,55.7077],[9.5532,55.707],[9.5526,55.7023],[9.5735,55.6967],[9.6454,55.6961],[9.6585,55.6915],[9.7102,55.6613],[9.7208,55.6494],[9.7279,55.6387],[9.7382,55.6309],[9.7581,55.6278],[9.7903,55.6278],[9.7732,55.6082],[9.6614,55.5575],[9.6205,55.5201],[9.6072,55.518],[9.5951,55.5195],[9.5726,55.5251],[9.5593,55.5248],[9.562,55.5208],[9.5662,55.518],[9.5518,55.5063],[9.5148,55.4993],[9.4979,55.4907],[9.5155,55.4844],[9.5343,55.4851],[9.5835,55.4924],[9.5925,55.4955],[9.5938,55.4957],[9.5911,55.4932],[9.6164,55.4348],[9.6012,55.4331],[9.5867,55.4286],[9.5919,55.4175],[9.6043,55.4024],[9.6078,55.3945],[9.605,55.3832],[9.5991,55.3746],[9.6006,55.3671],[9.6209,55.3597],[9.6333,55.3532],[9.6392,55.3485],[9.6402,55.3437],[9.6448,55.3321],[9.6345,55.3262],[9.6345,55.3187],[9.6448,55.3121],[9.6579,55.2992],[9.671,55.2664],[9.6433,55.2047],[9.6228,55.1916],[9.5833,55.1959],[9.5696,55.1937],[9.5614,55.1884],[9.5547,55.1818],[9.5458,55.1754],[9.5217,55.1666],[9.5071,55.1631],[9.4942,55.1617],[9.4862,55.1575],[9.4861,55.1486],[9.4945,55.1412],[9.5116,55.1412],[9.5116,55.1344],[9.4823,55.135],[9.4685,55.133],[9.4563,55.127],[9.4664,55.1226],[9.479,55.1209],[9.5079,55.1207],[9.5106,55.12],[9.5048,55.1163],[9.4589,55.0473],[9.4522,55.0465],[9.4341,55.0388],[9.4428,55.0245],[9.455,55.0244],[9.5116,55.0375],[9.5371,55.0366],[9.5458,55.0375],[9.552,55.0404],[9.5724,55.0405],[9.6346,55.0254],[9.6417,55.0209],[9.6625,55.0109],[9.6701,55.0097],[9.6882,55.0001],[9.7323,54.968],[9.7053,54.9283],[9.7149,54.8995],[9.7112,54.8998],[9.7034,54.8873],[9.7158,54.885],[9.7204,54.8833],[9.7368,54.8344],[9.7311,54.8327],[9.7195,54.837],[9.7052,54.8558],[9.6965,54.8601],[9.6549,54.8582],[9.642,54.8601],[9.6232,54.8665],[9.6245,54.8704],[9.6327,54.8743],[9.6345,54.8806],[9.6167,54.8953],[9.6102,54.9044],[9.6174,54.9085],[9.6441,54.9144],[9.6387,54.926],[9.6149,54.9339],[9.5867,54.929],[9.5811,54.9229],[9.5679,54.9026],[9.5567,54.8915],[9.5504,54.8839],[9.5458,54.8806],[9.5382,54.8791],[9.522,54.8804],[9.515,54.8771],[9.4979,54.8655],[9.4563,54.845],[9.4428,54.8327],[9.4362,54.8117],[9.4513,54.8115],[9.5108,54.829],[9.5298,54.8427],[9.5541,54.8482],[9.5668,54.8613],[9.5798,54.8675],[9.583,54.8315],[9.6315,54.8211],[9.6929,54.8192],[9.7345,54.8085],[9.752,54.8008],[9.778,54.7943],[9.8016,54.7846],[9.812,54.7673],[9.8236,54.7579],[9.8497,54.7605],[9.8952,54.7707],[9.8935,54.7798],[9.9538,54.7383],[9.9974,54.6973],[9.9921,54.6976],[9.9797,54.7009],[9.9703,54.7024],[9.971,54.7003],[9.9462,54.6888],[9.9429,54.6888],[9.9365,54.6862],[9.9321,54.6864],[9.9315,54.6859],[9.9304,54.6848],[9.9298,54.6843],[9.9293,54.6751],[9.944,54.6746],[9.97,54.6791],[9.9961,54.68],[10.0112,54.6682],[10.022,54.6737],[10.0222,54.6737],[10.0288,54.5813],[9.9413,54.5146],[9.897,54.4889],[9.8818,54.4861],[9.8391,54.4809],[9.6636,54.4435],[9.5079,54.4252],[9.4439,54.4193],[9.3681,54.4058],[9.2247,54.3616],[9.1513,54.3438],[9.106,54.3409],[9.0134,54.3442],[8.969,54.3376],[8.9462,54.3269],[8.9052,54.2994],[8.8812,54.2917],[8.8876,54.3049],[8.8649,54.3039],[8.8459,54.3006],[8.7804,54.313],[8.736,54.2952],[8.6449,54.295],[8.6261,54.3529],[8.6412,54.3568],[8.6718,54.3604],[8.6953,54.3598],[8.6953,54.3666],[8.6775,54.3691],[8.6637,54.3767],[8.6505,54.3792],[8.6345,54.3666],[8.6331,54.3684],[8.648,54.3977],[8.7546,54.415],[8.8605,54.415],[8.886,54.419],[8.907,54.4268],[8.9494,54.4485],[8.9879,54.4596],[9.0046,54.467],[9.0114,54.4833],[9.0115,54.5075],[8.986,54.5305],[8.9043,54.5818],[8.8927,54.5924],[8.8878,54.6031],[8.8787,54.6077],[8.8688,54.6075],[8.8425,54.6369],[8.8182,54.6748],[8.8052,54.6888],[8.7917,54.6937],[8.7896,54.6959],[8.6823,54.7918],[8.6671,54.9335],[8.6747,54.9492],[8.6663,54.9746],[8.6619,54.9812],[8.6614,54.9859],[8.6421,55.0357],[8.6447,55.057],[8.6564,55.0837],[8.6708,55.1083],[8.6818,55.1344],[8.6078,55.142],[8.6164,55.1439],[8.6692,55.1381],[8.6892,55.1428],[8.687,55.1618],[8.6687,55.1959],[8.6636,55.2126],[8.6542,55.2993],[8.6592,55.307],[8.6613,55.3156],[8.6594,55.3284],[8.6482,55.3535],[8.6393,55.3986],[8.6318,55.42],[8.6176,55.4392],[8.5923,55.4504],[8.5565,55.4555],[8.5041,55.4563],[8.392,55.4944],[8.3103,55.5638],[8.311,55.571],[8.3323,55.5732],[8.3323,55.5794],[8.313,55.5839],[8.2901,55.585],[8.2677,55.5817],[8.2504,55.5732],[8.2389,55.5591],[8.2405,55.5543],[8.1321,55.5998],[8.1372,55.6309],[8.15,55.6504],[8.1688,55.6891],[8.1815,55.7302],[8.1832,55.7708],[8.1694,55.8278],[8.1802,55.8943],[8.1931,55.8751],[8.1958,55.864],[8.1935,55.8544],[8.1836,55.8406],[8.1815,55.8295],[8.1849,55.8158],[8.1935,55.8131],[8.2384,55.8272],[8.2861,55.8487],[8.3087,55.8531],[8.3475,55.8706],[8.3876,55.8941],[8.3932,55.9104],[8.3866,55.9277],[8.3728,55.9446],[8.3568,55.9599],[8.3192,55.9873],[8.3192,56.0183],[8.3079,56.0541],[8.2821,56.0771],[8.2476,56.091],[8.1704,56.1107],[8.1495,56.1124],[8.1405,56.1039],[8.1405,56.1028],[8.1215,56.1399],[8.1225,56.1628],[8.1304,56.1831],[8.1337,56.2066],[8.1299,56.3214],[8.164,56.6069],[8.2317,56.6181],[8.2422,56.6178],[8.2456,56.6116],[8.2537,56.6073],[8.2948,56.6032],[8.3058,56.5989],[8.2914,56.5942],[8.2951,56.585],[8.2924,56.5689],[8.2982,56.5595],[8.3073,56.5555],[8.3151,56.5581],[8.3179,56.5648],[8.3118,56.5731],[8.3118,56.58],[8.3434,56.5858],[8.3919,56.5865],[8.3963,56.586],[8.4548,56.5703],[8.4558,56.5697],[8.4598,56.569],[8.4677,56.5669],[8.5145,56.5458],[8.5283,56.5494],[8.5413,56.5581],[8.544,56.5609],[8.5529,56.5603],[8.5958,56.5244],[8.5928,56.5211],[8.5945,56.5117],[8.6008,56.5023],[8.6172,56.4949],[8.6367,56.481],[8.6482,56.4769],[8.6654,56.4771],[8.7265,56.4844],[8.7329,56.4863],[8.7384,56.4913],[8.7418,56.4988],[8.7432,56.5082],[8.7435,56.5228],[8.7449,56.5327],[8.7506,56.5533],[8.755,56.559],[8.7603,56.5613],[8.7625,56.5645],[8.7575,56.5731],[8.7272,56.5865],[8.7361,56.6274],[8.8474,56.7062],[8.8615,56.7086],[8.9166,56.71],[8.9185,56.7122],[8.8947,56.7172],[8.8636,56.7177],[8.8881,56.7351],[8.9945,56.7748],[9.0671,56.7938],[9.129,56.7572],[9.1342,56.752],[9.1492,56.7428],[9.1581,56.7349],[9.1627,56.7308],[9.1758,56.7097],[9.1481,56.7059],[9.1187,56.68],[9.0933,56.6762],[9.0933,56.6688],[9.0974,56.6596],[9.0866,56.6508],[9.0592,56.6352],[9.0498,56.621],[9.0486,56.6083],[9.0529,56.5765],[9.0604,56.567],[9.0768,56.5686],[9.0933,56.5793],[9.1067,56.6121],[9.1215,56.6142],[9.1394,56.6121],[9.1553,56.6141],[9.1491,56.6237],[9.1409,56.6273],[9.1314,56.626],[9.1212,56.6215],[9.1288,56.6324],[9.1366,56.6402],[9.1436,56.6489],[9.1484,56.6625],[9.1553,56.6625],[9.1493,56.6401],[9.1754,56.6366],[9.2109,56.6401],[9.2335,56.6383],[9.2471,56.6332],[9.2623,56.6349],[9.2761,56.6341],[9.285,56.6215],[9.2822,56.6118],[9.2593,56.5931],[9.2503,56.58],[9.2611,56.5776],[9.2632,56.5732],[9.2639,56.5671],[9.2708,56.5595],[9.2804,56.554],[9.3056,56.5458],[9.3096,56.5417],[9.312,56.5363],[9.3163,56.532],[9.3261,56.5316],[9.3405,56.5482],[9.3464,56.5533],[9.3607,56.5459],[9.3728,56.5539],[9.3726,56.5666],[9.3502,56.5731],[9.3192,56.5629],[9.3173,56.5599],[9.3128,56.5589],[9.3021,56.5595],[9.2936,56.5622],[9.293,56.5679],[9.296,56.5728],[9.2987,56.5731],[9.3005,56.6103],[9.3168,56.6423],[9.3259,56.6707],[9.3056,56.6967],[9.2958,56.7027],[9.2905,56.7051],[9.2708,56.7035],[9.2305,56.6933],[9.2206,56.6854],[9.1989,56.6778],[9.1777,56.6771],[9.169,56.6898],[9.1802,56.702],[9.1916,56.7058],[9.1964,56.7017],[9.1971,56.7076],[9.2263,56.7174],[9.2366,56.7342],[9.2424,56.7482],[9.2404,56.7552],[9.2153,56.7601],[9.2051,56.765],[9.2043,56.7656],[9.2097,56.8084],[9.2457,56.9705],[9.2514,56.9737],[9.2583,56.976],[9.2659,56.9774],[9.2744,56.9779],[9.2797,56.981],[9.2854,56.9951],[9.2885,56.9984],[9.4368,57.0256],[9.47,57.025],[9.5867,56.9984],[9.5867,56.9909],[9.5737,56.9862],[9.5729,56.98],[9.5807,56.9741],[9.5941,56.9704],[9.6078,56.971],[9.6174,56.9762],[9.6541,57.0079],[9.6705,57.026],[9.6887,57.0403],[9.7279,57.0483],[9.7611,57.0598],[9.8088,57.0529],[9.9157,57.0598],[9.8565,57.0898],[9.8265,57.096],[9.8063,57.1055],[9.7955,57.1076],[9.7875,57.1052],[9.7522,57.079],[9.7332,57.068],[9.7117,57.0624],[9.6931,57.0703],[9.6751,57.0804],[9.656,57.0776],[9.6209,57.0598],[9.5807,57.0505],[9.4939,57.0498],[9.2649,57.0046],[9.2531,57.0039],[9.2549,57.0117],[9.1854,57.0271],[9.1144,57.0598],[9.1206,57.0466],[9.1157,57.0425],[9.1104,57.0437],[9.0313,57.0251],[9.0139,57.0313],[8.9966,57.0293],[8.9795,57.0217],[8.9629,57.0114],[8.9468,57.0123],[8.9263,57.0013],[8.9089,56.9893],[8.9015,56.9874],[8.893,57.0008],[8.8731,57.006],[8.8504,57.0047],[8.8333,56.9984],[8.8479,56.9896],[8.8115,56.971],[8.762,56.9566],[8.7263,56.9624],[8.7028,56.9597],[8.6795,56.9537],[8.6687,56.9465],[8.6631,56.9271],[8.6498,56.9154],[8.6339,56.9063],[8.621,56.8953],[8.6151,56.8668],[8.6141,56.8646],[8.6123,56.8558],[8.6077,56.8508],[8.6012,56.8467],[8.5693,56.8196],[8.5469,56.8185],[8.5361,56.8156],[8.5315,56.81],[8.5241,56.806],[8.5077,56.8023],[8.4911,56.7955],[8.4837,56.7823],[8.4923,56.7485],[8.4912,56.7326],[8.4762,56.7233],[8.4762,56.7172],[8.5162,56.7194],[8.5254,56.7172],[8.5328,56.705],[8.5269,56.6965],[8.5139,56.6915],[8.5009,56.6898],[8.4891,56.692],[8.4657,56.7014],[8.4526,56.7035],[8.4408,56.7015],[8.4208,56.6926],[8.4081,56.6898],[8.4081,56.6881],[8.3467,56.7121],[8.318,56.7274],[8.3082,56.7593],[8.3019,56.765],[8.2882,56.7675],[8.2676,56.7751],[8.2663,56.8153],[8.2841,56.8523],[8.4271,56.9844],[8.6186,57.1113],[8.7214,57.1106],[8.7371,57.1076],[8.7837,57.106],[8.8743,57.1173],[8.9144,57.1287],[8.9489,57.1496],[8.9522,57.1506],[9.0363,57.1554],[9.0873,57.1537],[9.2305,57.1423],[9.2967,57.1466],[9.2988,57.1465],[9.3003,57.1468],[9.3214,57.1482],[9.412,57.1666],[9.4322,57.174],[9.4336,57.1743],[9.4357,57.1753],[9.4976,57.1982],[9.5525,57.2316],[9.5543,57.2325],[9.555,57.2331],[9.573,57.2441],[9.6704,57.3419],[9.8151,57.4784],[9.8794,57.5232],[9.8952,57.5327],[9.8994,57.5371],[9.9623,57.581],[10.08,57.5953],[10.1074,57.5942],[10.1975,57.6024],[10.2574,57.6168],[10.2591,57.617],[10.2602,57.6175],[10.2793,57.6221],[10.3505,57.6502],[10.4003,57.678],[10.5333,57.7354],[10.61,57.7369],[10.5963,57.7276],[10.5941,57.7271],[10.5422,57.7001],[10.4603,57.6317],[10.4302,57.5718]]],[[[8.4558,56.6898],[8.4701,56.6873],[8.491,56.6782],[8.5009,56.6762],[8.5069,56.6777],[8.4684,56.6646],[8.4186,56.684],[8.4558,56.6898]]],[[[8.9082,56.9499],[8.9103,56.9456],[8.9185,56.9341],[8.8786,56.89],[8.8749,56.8923],[8.8673,56.8953],[8.8435,56.8846],[8.8395,56.881],[8.8363,56.8704],[8.8389,56.864],[8.8435,56.8594],[8.8469,56.8543],[8.8491,56.8453],[8.772,56.7253],[8.624,56.7122],[8.6216,56.7152],[8.6107,56.7233],[8.5861,56.7376],[8.5621,56.7445],[8.5557,56.7451],[8.5247,56.7385],[8.5145,56.7394],[8.518,56.7513],[8.5227,56.7562],[8.53,56.7606],[8.539,56.7637],[8.5486,56.765],[8.553,56.7694],[8.5515,56.779],[8.5477,56.7884],[8.5452,56.7922],[8.5728,56.8037],[8.6437,56.8093],[8.6687,56.827],[8.6561,56.8263],[8.6437,56.827],[8.6318,56.8293],[8.621,56.8332],[8.6265,56.8427],[8.6466,56.8575],[8.655,56.868],[8.6517,56.8673],[8.6497,56.8754],[8.6482,56.8919],[8.6514,56.8953],[8.6592,56.8956],[8.6681,56.895],[8.6749,56.8953],[8.7036,56.9013],[8.7623,56.9066],[8.7916,56.9157],[8.8135,56.9116],[8.8335,56.9259],[8.8673,56.9642],[8.8901,56.956],[8.9048,56.9672],[8.9161,56.9803],[8.9287,56.9779],[8.923,56.9697],[8.9111,56.9573],[8.9082,56.9499]]]]}},{"type":"Feature","properties":{"slug":"kola-peninsula","name":"Kola Peninsula","family":"peninsulas","kind":"peninsula","source":"Natural Earth 10m geography_regions_polys"},"geometry":{"type":"Polygon","coordinates":[[[34.4136,69.2939],[34.4469,69.2849],[34.5421,69.2703],[34.5645,69.2719],[34.6253,69.263],[34.6483,69.2533],[34.6616,69.2507],[34.7466,69.2453],[34.864,69.2281],[34.9747,69.2229],[34.9607,69.2055],[34.9555,69.1961],[34.9725,69.1945],[34.9918,69.2034],[35.0117,69.2154],[35.0282,69.2223],[35.0966,69.2262],[35.1179,69.2243],[35.1405,69.2166],[35.1464,69.2095],[35.1453,69.2033],[35.1427,69.1978],[35.1439,69.1927],[35.1564,69.1841],[35.169,69.1823],[35.1819,69.1847],[35.1957,69.1893],[35.2125,69.197],[35.2274,69.2059],[35.2434,69.2133],[35.2639,69.2166],[35.2468,69.2375],[35.2067,69.2495],[35.2332,69.2656],[35.2747,69.2728],[35.296,69.2745],[35.7386,69.2093],[35.8092,69.1976],[35.82,69.1973],[35.8579,69.1917],[36.0253,69.1503],[36.0414,69.1374],[36.0546,69.1293],[36.0674,69.1289],[36.0932,69.1335],[36.2692,69.0899],[36.2645,69.0794],[36.3123,69.0589],[36.4945,69.0341],[36.6005,69.0079],[36.6891,68.9832],[36.6918,68.9829],[36.7448,68.9681],[36.7493,68.9628],[36.7546,68.9593],[36.7642,68.9559],[36.7893,68.9509],[36.8133,68.9489],[37.0176,68.8917],[37.0286,68.8836],[37.0436,68.8757],[37.0953,68.862],[37.1416,68.857],[37.2247,68.8337],[37.2324,68.8212],[37.2426,68.8098],[37.2614,68.8051],[37.3088,68.801],[37.3551,68.7914],[37.3723,68.7839],[37.4105,68.7619],[37.4354,68.7551],[37.4537,68.7457],[37.4638,68.7436],[37.5011,68.7418],[37.5247,68.7369],[37.5698,68.7368],[37.5784,68.7347],[37.587,68.7253],[37.6293,68.7205],[37.7142,68.6967],[37.7301,68.6869],[37.7702,68.6746],[37.9661,68.5881],[37.9902,68.5714],[38.0234,68.5553],[38.0397,68.545],[38.0473,68.5368],[38.0597,68.5176],[38.0664,68.5109],[38.0911,68.5021],[38.1493,68.501],[38.1714,68.4974],[38.2103,68.4802],[38.2096,68.473],[38.21,68.4658],[38.2168,68.4625],[38.2656,68.4558],[38.3576,68.4151],[38.3906,68.3881],[38.3886,68.3444],[38.4232,68.3389],[38.429,68.3431],[38.4312,68.3502],[38.4335,68.3551],[38.459,68.3513],[38.4629,68.348],[38.4708,68.3458],[38.4946,68.3433],[38.7156,68.2928],[38.7653,68.2918],[38.704,68.313],[38.658,68.3224],[38.7056,68.3447],[38.784,68.3324],[38.7935,68.3299],[38.8107,68.3282],[38.8315,68.3249],[38.946,68.2856],[38.9304,68.2781],[38.9537,68.2675],[39.0348,68.2524],[39.2529,68.1714],[39.3123,68.1598],[39.4207,68.1226],[39.5206,68.0772],[39.6082,68.0646],[39.6874,68.0626],[39.7389,68.0492],[39.8005,68.0539],[39.8283,68.0479],[39.8386,68.0443],[39.8504,68.0437],[39.8594,68.0479],[39.8621,68.0584],[39.8593,68.0587],[39.8416,68.072],[39.7947,68.1195],[39.7828,68.1287],[39.7695,68.1354],[39.7463,68.1622],[39.8093,68.1508],[39.8956,68.1145],[39.9275,68.0919],[39.9297,68.0862],[39.9443,68.0685],[39.9901,68.03],[40.0043,68.0211],[40.0197,68.0174],[40.0347,68.0161],[40.0357,68.0154],[40.0957,67.9896],[40.1189,67.9728],[40.1484,67.9591],[40.2081,67.941],[40.3501,67.8512],[40.3213,67.8523],[40.3213,67.8461],[40.385,67.8006],[40.4667,67.7624],[40.5036,67.7514],[40.5382,67.7559],[40.5678,67.784],[40.5678,67.7847],[40.6565,67.7741],[40.7663,67.743],[40.7764,67.7415],[40.8005,67.7294],[40.8418,67.7258],[40.8644,67.7285],[40.9664,67.7135],[41.011,67.5863],[41.0076,67.5842],[40.9893,67.5649],[40.9899,67.5566],[41.0073,67.5452],[41.0134,67.5369],[41.0132,67.5304],[41.0106,67.5256],[41.0076,67.5215],[41.006,67.5172],[41.005,67.4917],[41.0033,67.4802],[40.9992,67.4687],[41.0527,67.4677],[41.0609,67.4442],[41.1339,67.386],[41.1339,67.3181],[41.1328,67.3104],[41.1195,67.2875],[41.1087,67.2549],[41.1403,67.2365],[41.2427,67.2146],[41.2584,67.2197],[41.2617,67.2185],[41.3588,67.2097],[41.3579,67.1914],[41.3383,67.1723],[41.3356,67.1608],[41.3453,67.1502],[41.3556,67.1469],[41.3543,67.1214],[41.309,67.0023],[41.3034,67.0031],[41.2797,67.0032],[41.2672,66.9896],[41.2745,66.9827],[41.2908,66.9738],[41.2965,66.9694],[41.2756,66.9143],[41.189,66.8262],[41.0694,66.7582],[41.041,66.7462],[40.9177,66.6736],[40.8605,66.6534],[40.8329,66.6334],[40.8147,66.6234],[40.7954,66.6154],[40.7631,66.6083],[40.7449,66.5985],[40.729,66.5853],[40.7186,66.5712],[40.716,66.5576],[40.7161,66.5573],[40.6233,66.5045],[40.6018,66.4977],[40.5934,66.4874],[40.5216,66.4466],[40.5084,66.442],[40.5064,66.4415],[40.5055,66.441],[40.3598,66.3899],[40.3084,66.3831],[40.1582,66.3305],[40.1026,66.2998],[39.5999,66.1961],[39.4651,66.1807],[39.4079,66.1565],[39.2891,66.132],[39.0381,66.1071],[38.9721,66.1125],[38.9502,66.1088],[38.9345,66.1033],[38.6746,66.0711],[38.6539,66.069],[38.3995,66.0645],[38.3823,66.0654],[37.9016,66.0955],[37.8213,66.1133],[37.6873,66.1222],[37.6303,66.1293],[37.6265,66.1301],[37.5019,66.1658],[37.4384,66.194],[37.3646,66.2051],[37.3025,66.2228],[37.273,66.2316],[36.8871,66.2864],[36.854,66.2853],[36.7731,66.2932],[36.7492,66.2968],[36.7176,66.2947],[36.5495,66.2984],[36.5232,66.3014],[36.4881,66.2998],[36.3744,66.3023],[36.2745,66.3221],[35.9616,66.3471],[35.7346,66.3718],[35.6709,66.3886],[35.5822,66.3883],[35.5153,66.3956],[35.5109,66.3964],[35.3642,66.4286],[35.3141,66.4581],[35.2516,66.4667],[35.0587,66.5319],[34.8876,66.6009],[34.8035,66.6147],[34.7224,66.5957],[34.6636,66.5724],[34.6103,66.5596],[34.4826,66.5503],[34.3961,66.6132],[34.4309,66.6298],[34.444,66.6434],[34.475,66.6379],[34.5029,66.6395],[34.525,66.6494],[34.5215,66.6584],[34.5053,66.663],[34.4894,66.66],[34.4961,66.6531],[34.4701,66.6473],[34.4504,66.6501],[34.4516,66.6512],[34.1461,66.7033],[34.1365,66.7034],[34.1504,66.7165],[34.161,66.7363],[34.1611,66.7443],[34.1592,66.7549],[34.1564,66.7647],[34.1536,66.7698],[34.1412,66.775],[34.136,66.7709],[34.1328,66.7612],[34.1268,66.7493],[34.1093,66.7294],[34.0902,66.7144],[34.0712,66.7043],[33.9015,66.7066],[33.8955,66.7109],[33.8861,66.7152],[33.8696,66.7162],[33.8692,66.7148],[33.796,66.739],[33.7868,66.7524],[33.7636,66.7677],[33.7089,66.7868],[33.6843,66.8008],[33.6694,66.8067],[33.6416,66.8022],[33.6294,66.8073],[33.6205,66.815],[33.5918,66.8319],[33.5873,66.8207],[33.591,66.8109],[33.6055,66.7909],[33.5613,66.8059],[33.541,66.8167],[33.5234,66.8319],[33.5194,66.8034],[33.5515,66.7816],[33.5645,66.776],[33.5562,66.7737],[33.5487,66.7767],[33.5234,66.7835],[33.5337,66.7723],[33.5381,66.7686],[33.5229,66.7644],[33.5099,66.7644],[33.5097,66.7645],[33.4888,66.7698],[33.4944,66.7645],[33.482,66.7646],[33.1502,66.8439],[33.002,66.9083],[32.8476,67.0215],[32.8853,67.0611],[32.9185,67.08],[32.9326,67.0809],[32.9686,67.092],[32.9297,67.1011],[32.8581,67.0958],[32.6881,67.1169],[32.6354,67.1341],[32.5081,67.1956],[32.4806,67.3371],[32.5249,67.5009],[32.6128,67.6289],[32.7146,67.668],[32.9618,67.6475],[33.0676,67.6716],[33.0918,67.6912],[33.1087,67.7139],[33.1969,67.8963],[33.2476,68.0219],[33.2844,68.1827],[33.2817,68.3442],[33.2423,68.5017],[33.1688,68.6503],[33.0393,68.8253],[33.0062,68.9195],[33.0413,69.0146],[33.0962,69.0538],[33.1418,69.0692],[33.1412,69.0687],[33.3191,69.096],[33.3766,69.0988],[33.4265,69.1058],[33.4479,69.1309],[33.4553,69.1422],[33.4728,69.1526],[33.5626,69.1833],[33.5646,69.1893],[33.5761,69.2004],[33.5752,69.2142],[33.5664,69.2388],[33.6271,69.2892],[33.6844,69.3103],[33.7321,69.3105],[33.7222,69.3054],[33.74,69.3079],[33.7499,69.3106],[33.8232,69.311],[33.8357,69.309],[33.8568,69.3084],[33.8692,69.3112],[34.2294,69.3131],[34.3527,69.3029],[34.4136,69.294],[34.4136,69.2939]]]}},{"type":"Feature","properties":{"slug":"baja-california","name":"Baja California","family":"peninsulas","kind":"peninsula","source":"Natural Earth 10m geography_regions_polys"},"geometry":{"type":"Polygon","coordinates":[[[-112.7571,27.912],[-112.7582,27.9006],[-112.734,27.826],[-112.5526,27.6575],[-112.5119,27.6331],[-112.3334,27.3768],[-112.2086,27.2169],[-112.1915,27.1867],[-112.1816,27.1824],[-111.9727,26.9148],[-111.883,26.839],[-111.8626,26.6785],[-111.754,26.5727],[-111.7234,26.5644],[-111.6994,26.581],[-111.7785,26.6873],[-111.8168,26.7563],[-111.8181,26.7841],[-111.6671,26.6565],[-111.3578,25.9464],[-111.3222,25.9013],[-111.2916,25.7898],[-111.1496,25.5726],[-111.0344,25.527],[-111.0136,25.4203],[-110.8939,25.1442],[-110.7586,24.9978],[-110.7544,24.9923],[-110.6927,24.8786],[-110.7195,24.7014],[-110.7189,24.6943],[-110.729,24.6715],[-110.7345,24.5898],[-110.7007,24.4781],[-110.6945,24.4047],[-110.6726,24.3853],[-110.6593,24.3415],[-110.547,24.2142],[-110.454,24.1914],[-110.421,24.1621],[-110.4077,24.1718],[-110.3997,24.1651],[-110.4096,24.131],[-110.3674,24.1005],[-110.32,24.1395],[-110.2968,24.1949],[-110.3138,24.2401],[-110.2159,24.3113],[-110.0228,24.1746],[-109.9825,24.1094],[-109.8932,24.033],[-109.8113,23.939],[-109.776,23.8649],[-109.7514,23.842],[-109.7047,23.7255],[-109.6886,23.7118],[-109.6766,23.6616],[-109.59,23.6286],[-109.4323,23.4953],[-109.4209,23.4801],[-109.4181,23.4454],[-109.4304,23.3371],[-109.4569,23.2198],[-109.6167,23.0869],[-109.6305,23.0787],[-109.6505,23.0589],[-109.7766,22.954],[-109.8729,22.9042],[-109.9234,22.8859],[-109.9673,22.8902],[-110.1334,23.2223],[-110.1637,23.2813],[-110.1806,23.3415],[-110.2134,23.3781],[-110.3018,23.5501],[-110.3284,23.5645],[-110.3627,23.6049],[-110.5961,23.7205],[-110.668,23.7767],[-110.7649,23.877],[-110.8956,23.9703],[-111.0362,24.1053],[-111.3368,24.2808],[-111.3768,24.3104],[-111.6387,24.5082],[-111.6829,24.5558],[-111.7012,24.5554],[-111.8267,24.6502],[-112.0826,24.9615],[-112.0722,25.367],[-112.0558,25.4882],[-112.0699,25.5729],[-112.0934,25.5844],[-112.1146,25.6304],[-112.1198,25.7655],[-112.1738,25.9126],[-112.2147,25.9732],[-112.2236,26.0056],[-112.278,26.067],[-112.3772,26.2139],[-112.4258,26.2334],[-112.4531,26.2641],[-112.8317,26.4489],[-112.8643,26.4682],[-113.0208,26.5833],[-113.1192,26.7165],[-113.1432,26.7922],[-113.1558,26.9462],[-113.2058,26.857],[-113.2723,26.791],[-113.4164,26.7955],[-113.4214,26.7985],[-113.6659,26.7706],[-113.7073,26.8],[-113.7566,26.8709],[-113.841,26.9665],[-113.9359,26.9853],[-113.9702,26.9866],[-114.0496,27.043],[-114.1101,27.106],[-114.1692,27.1302],[-114.4977,27.3735],[-114.4983,27.3762],[-114.5399,27.4311],[-114.6394,27.4925],[-115.0015,27.8382],[-114.689,27.7877],[-114.6338,27.7955],[-114.57,27.7839],[-114.4485,27.7969],[-114.3727,27.8412],[-114.3006,27.873],[-114.2891,27.8386],[-114.3022,27.7757],[-114.2327,27.7181],[-114.1372,27.6714],[-114.0693,27.6757],[-114.1351,27.7266],[-114.1754,27.8306],[-114.1573,27.868],[-114.1584,27.9197],[-114.2526,27.908],[-114.2659,27.9345],[-114.1853,28.0133],[-114.1633,28.0626],[-114.1288,28.0975],[-114.1312,28.1349],[-114.0927,28.2213],[-114.0485,28.4262],[-114.1455,28.6054],[-114.1621,28.6181],[-114.1656,28.6726],[-114.6316,29.0957],[-114.7638,29.1828],[-114.8759,29.2819],[-114.9373,29.3516],[-114.9935,29.3844],[-115.1162,29.4148],[-115.2324,29.4913],[-115.6809,29.7733],[-115.7298,29.8905],[-115.7947,30.1278],[-115.8156,30.3036],[-115.8582,30.3598],[-115.8582,30.3598],[-115.8642,30.3818],[-116.055,30.7849],[-116.0582,30.7897],[-116.0622,30.8041],[-116.0727,30.8117],[-116.3511,31.2338],[-116.6675,31.6773],[-116.6685,31.6986],[-116.6886,31.7121],[-116.6705,31.7416],[-116.6521,31.7403],[-116.6239,31.758],[-116.6218,31.821],[-116.6051,31.8483],[-115.7552,31.9151],[-115.0296,31.9722],[-114.8076,31.6995],[-114.8412,31.568],[-114.8437,31.5464],[-114.8481,31.5379],[-114.8617,31.3844],[-114.8716,31.2961],[-114.8838,31.1867],[-114.8798,31.1794],[-114.8819,31.1564],[-114.8447,31.0805],[-114.7632,30.9618],[-114.6435,30.4248],[-114.6394,30.4065],[-114.6498,30.2381],[-114.6299,30.1563],[-114.5505,30.0223],[-114.4034,29.8965],[-114.3726,29.8302],[-114.2354,29.7622],[-114.0777,29.6263],[-114.0619,29.6095],[-114.0376,29.5918],[-114.0333,29.5881],[-113.7783,29.3898],[-113.7555,29.3675],[-113.6857,29.2795],[-113.5435,29.0814],[-113.5385,29.0234],[-113.4997,28.9267],[-113.3818,28.9467],[-113.3289,28.873],[-113.335,28.8391],[-113.3207,28.8131],[-113.2589,28.8188],[-113.2236,28.8056],[-113.1448,28.5057],[-112.845,28.0118],[-112.7571,27.912]]]}},{"type":"Feature","properties":{"slug":"yucatan-peninsula","name":"Yucatan Peninsula","family":"peninsulas","kind":"peninsula","source":"Natural Earth 10m geography_regions_polys: PEN. DE YUCATÁN"},"geometry":{"type":"Polygon","coordinates":[[[-87.2806,21.5291],[-87.033,21.5904],[-86.9117,21.4628],[-86.8927,21.4539],[-86.8855,21.4464],[-86.8673,21.3017],[-86.8305,21.009],[-86.8301,21.0056],[-86.8309,21.0043],[-87.0137,20.699],[-87.0393,20.6564],[-87.0696,20.6236],[-87.2212,20.5073],[-87.3839,20.283],[-87.4626,20.1978],[-87.4971,19.9262],[-87.4926,19.8807],[-87.4873,19.8259],[-87.5069,19.8275],[-87.5858,19.7795],[-87.6877,19.6371],[-87.6901,19.5937],[-87.6453,19.5539],[-87.5873,19.573],[-87.5117,19.5747],[-87.4694,19.5865],[-87.464,19.5861],[-87.4618,19.5642],[-87.4616,19.4693],[-87.4827,19.4438],[-87.5129,19.4256],[-87.567,19.4157],[-87.6275,19.3827],[-87.6587,19.3523],[-87.6558,19.2579],[-87.6221,19.2505],[-87.5508,19.3209],[-87.5095,19.3175],[-87.5011,19.2878],[-87.5936,19.0464],[-87.6305,18.8923],[-87.7017,18.7117],[-87.7335,18.655],[-87.7438,18.5792],[-87.8159,18.3454],[-87.8225,18.324],[-87.8532,18.269],[-87.882,18.2739],[-87.9597,18.4409],[-88.0391,18.4839],[-88.0564,18.5245],[-88.0111,18.7269],[-88.0317,18.8389],[-88.0738,18.8345],[-88.1268,18.773],[-88.1968,18.7197],[-88.1953,18.6426],[-88.2757,18.5146],[-88.2957,18.4724],[-88.3493,18.3588],[-88.2957,18.3441],[-88.2473,18.3547],[-88.1303,18.3507],[-88.0853,18.2261],[-88.0972,18.1216],[-88.2075,17.8461],[-88.2214,17.7514],[-88.2717,17.6099],[-88.2396,17.5659],[-88.2575,17.4227],[-88.2567,17.413],[-88.2672,17.3926],[-88.2888,17.3127],[-88.294,17.1921],[-88.2618,16.963],[-88.2788,16.8543],[-88.4499,16.4446],[-88.4611,16.4338],[-88.5266,16.341],[-88.6057,16.2765],[-88.6952,16.2477],[-88.7959,16.1212],[-88.7979,16.1195],[-88.8189,16.1012],[-89.0459,15.9041],[-89.6227,15.9041],[-90.2062,15.9372],[-90.4604,16.2604],[-90.6347,16.5935],[-90.92,16.8377],[-91.4021,17.3175],[-91.4523,17.7095],[-91.7712,18.0365],[-91.8885,18.5069],[-91.8642,18.5026],[-91.803,18.4706],[-91.5997,18.4472],[-91.534,18.4565],[-91.4405,18.5418],[-91.2752,18.6245],[-91.2788,18.7207],[-91.3083,18.7733],[-91.3445,18.7758],[-91.3621,18.818],[-91.3342,18.8768],[-91.34,18.8924],[-91.2929,18.9356],[-91.2347,18.989],[-91.1359,19.0375],[-91.0589,19.0982],[-90.955,19.1517],[-90.7605,19.3325],[-90.7424,19.345],[-90.7082,19.3687],[-90.6729,19.7568],[-90.6448,19.8003],[-90.5071,19.9119],[-90.4917,19.9468],[-90.4824,20.0257],[-90.4829,20.0504],[-90.4789,20.0566],[-90.426,20.621],[-90.3566,20.9402],[-90.3396,21.0183],[-90.293,21.0488],[-90.1727,21.108],[-90.0742,21.1564],[-89.9191,21.2327],[-89.648,21.2878],[-89.5096,21.316],[-89.4592,21.3262],[-88.9461,21.4041],[-88.8787,21.4141],[-88.7467,21.4481],[-88.7396,21.4521],[-88.3135,21.5676],[-88.251,21.5669],[-88.1848,21.579],[-88.1717,21.5915],[-88.1715,21.5997],[-87.8763,21.566],[-87.8135,21.5588],[-87.7737,21.5495],[-87.6888,21.5358],[-87.4805,21.4725],[-87.2509,21.447],[-87.2179,21.458],[-87.1876,21.4773],[-87.1643,21.5142],[-87.1883,21.5464],[-87.2106,21.5439],[-87.2495,21.5266],[-87.2958,21.525],[-87.316,21.5308],[-87.2806,21.5291]]]}},{"type":"Feature","properties":{"slug":"labrador-peninsula","name":"Labrador Peninsula","family":"peninsulas","kind":"peninsula","source":"Natural Earth 10m geography_regions_polys: LABRADOR"},"geometry":{"type":"MultiPolygon","coordinates":[[[[-58.8306,54.783],[-58.499,54.783],[-58.3981,54.7741],[-58.3188,54.7916],[-57.9999,54.8068],[-57.9332,54.7852],[-57.9293,54.7731],[-57.8269,54.7187],[-57.7249,54.6737],[-57.6266,54.6503],[-57.5352,54.6439],[-57.4675,54.5291],[-57.4854,54.5175],[-57.5632,54.4404],[-57.6993,54.3866],[-57.8891,54.3841],[-58.1514,54.3504],[-58.1619,54.32],[-58.2197,54.2865],[-58.3591,54.2533],[-58.4352,54.2281],[-58.5584,54.103],[-58.6332,54.0496],[-58.7194,54.0394],[-58.8408,54.0445],[-58.9202,54.0331],[-58.9785,54.0103],[-59.0126,53.9763],[-59.0388,53.9636],[-59.2014,53.9291],[-59.4965,53.8342],[-59.6527,53.8312],[-59.7495,53.8423],[-59.823,53.8344],[-59.8733,53.8078],[-60.0142,53.7616],[-60.0565,53.7334],[-60.0813,53.701],[-60.1005,53.6342],[-60.1173,53.6101],[-60.1449,53.5961],[-60.2633,53.6101],[-60.3954,53.6533],[-60.3695,53.6075],[-60.1603,53.53],[-60.1003,53.487],[-60.1571,53.4498],[-60.2903,53.3915],[-60.3058,53.3601],[-60.2512,53.3436],[-60.2727,53.3171],[-60.3457,53.289],[-60.3375,53.2774],[-60.3364,53.2758],[-60.3649,53.2784],[-60.6454,53.6965],[-61.3941,54.4033],[-61.9875,54.5694],[-62.6758,54.8305],[-63.4764,54.9241],[-63.6727,55.329],[-64.3848,55.685],[-65.2156,55.78],[-65.4529,56.397],[-65.8564,57.1091],[-66.1412,57.7025],[-66.0947,58.6187],[-66.0851,58.6523],[-66.0446,58.6056],[-66.0295,58.5668],[-66.017,58.4308],[-66.0024,58.4312],[-65.9313,58.5351],[-65.9229,58.572],[-65.9279,58.6109],[-65.9497,58.6499],[-66.0213,58.7348],[-66.0473,58.7839],[-66.0363,58.8223],[-65.967,58.8392],[-65.8548,58.8466],[-65.8359,58.8605],[-65.9184,58.8956],[-65.9207,58.9146],[-65.8414,58.9771],[-65.7948,58.9805],[-65.7036,58.9706],[-65.7219,59.0026],[-65.721,59.0238],[-65.6953,59.032],[-65.544,59.0119],[-65.5263,59.0362],[-65.3962,59.0384],[-65.3835,59.0602],[-65.496,59.0913],[-65.6063,59.1107],[-65.6398,59.1277],[-65.6656,59.1528],[-65.7,59.2133],[-65.6917,59.2294],[-65.6607,59.2297],[-65.6071,59.2131],[-65.578,59.245],[-65.5453,59.3197],[-65.5128,59.3504],[-65.4117,59.315],[-65.4073,59.3302],[-65.4894,59.4478],[-65.4751,59.4703],[-65.3497,59.4788],[-65.2738,59.4642],[-65.0743,59.378],[-65.0382,59.3879],[-65.0688,59.4115],[-65.1709,59.4623],[-65.2632,59.4955],[-65.3455,59.511],[-65.4074,59.5394],[-65.4752,59.6168],[-65.4865,59.6487],[-65.4809,59.6902],[-65.4334,59.7765],[-65.4062,59.7952],[-65.3579,59.8091],[-65.2888,59.8181],[-65.2123,59.8095],[-65.0545,59.7528],[-65.0282,59.7707],[-65.1133,59.8016],[-65.1592,59.8301],[-65.1814,59.8666],[-65.1717,59.908],[-65.1049,59.9934],[-65.0734,60.0622],[-64.9313,60.252],[-64.8896,60.2865],[-64.845,60.3083],[-64.8173,60.3311],[-64.7059,60.3361],[-64.523,60.276],[-64.4201,60.171],[-64.5277,60.0945],[-64.7133,60.0372],[-64.7685,60.0121],[-64.7326,59.9976],[-64.5592,60.0434],[-64.4077,60.0648],[-64.3272,60.0643],[-64.1698,59.8552],[-64.1688,59.8465],[-64.2263,59.7412],[-64.1507,59.7936],[-64.1285,59.8004],[-64.0685,59.7206],[-63.8111,59.4732],[-63.8504,59.4478],[-63.9707,59.4091],[-63.9455,59.3802],[-63.7809,59.3493],[-63.7586,59.3187],[-63.7759,59.2771],[-63.752,59.2773],[-63.6454,59.337],[-63.439,59.1736],[-63.5062,59.1152],[-63.6455,59.0789],[-63.7564,59.0635],[-63.9105,59.0656],[-63.9711,59.0538],[-63.941,59.0274],[-63.7937,59.027],[-63.5679,59.047],[-63.399,59.0796],[-63.3329,59.0814],[-63.2958,59.0366],[-63.3037,59.0344],[-63.3099,59.0265],[-63.2794,59.0032],[-63.2164,58.928],[-63.2219,58.911],[-63.2821,58.8674],[-63.1854,58.8578],[-63.1517,58.8629],[-63.0334,58.7203],[-62.9291,58.6459],[-62.9259,58.6436],[-63.1023,58.5458],[-63.2187,58.5195],[-63.3899,58.4525],[-63.4379,58.3988],[-63.5371,58.3299],[-63.4736,58.3307],[-63.2965,58.4412],[-63.21,58.4669],[-63.1455,58.4604],[-63.1195,58.4417],[-63.1321,58.4108],[-63.0757,58.4148],[-62.8374,58.4794],[-62.7373,58.4922],[-62.7145,58.4929],[-62.6302,58.4329],[-62.6225,58.4188],[-62.6743,58.3192],[-62.8121,58.2004],[-63.0628,58.1271],[-63.1517,58.0842],[-63.2615,58.0147],[-63.22,58.0021],[-62.9809,58.0933],[-62.8175,58.1292],[-62.5881,58.1581],[-62.4862,58.1541],[-62.3057,57.9723],[-62.2015,57.9546],[-62.1992,57.9549],[-61.9715,57.7987],[-61.9949,57.7694],[-61.9312,57.6686],[-61.968,57.6119],[-62.084,57.5619],[-62.1669,57.5366],[-62.2536,57.5288],[-62.3386,57.4845],[-62.3771,57.478],[-62.4956,57.4892],[-62.455,57.462],[-62.3965,57.4482],[-62.3032,57.4407],[-62.1942,57.4546],[-62.0881,57.4528],[-61.9211,57.4208],[-61.8511,57.3813],[-61.8498,57.3704],[-61.8858,57.3479],[-61.9389,57.2744],[-61.9774,57.2479],[-61.9445,57.2281],[-61.8608,57.1976],[-61.7983,57.1862],[-61.7163,57.1962],[-61.6285,57.1832],[-61.5492,57.1367],[-61.412,56.9303],[-61.4252,56.672],[-61.5317,56.6546],[-62.0625,56.6991],[-62.3661,56.767],[-62.3817,56.7877],[-62.2958,56.8328],[-62.372,56.8362],[-62.4602,56.8185],[-62.4973,56.8017],[-62.3955,56.73],[-62.1165,56.6668],[-61.9916,56.5908],[-61.8549,56.5843],[-61.8134,56.5705],[-61.7377,56.526],[-61.7601,56.5107],[-61.8994,56.5054],[-62.0097,56.4539],[-61.9404,56.4236],[-61.6925,56.3971],[-61.5146,56.3903],[-61.4253,56.3606],[-61.4987,56.3276],[-61.7071,56.2887],[-61.7131,56.231],[-61.5586,56.2078],[-61.4211,56.2218],[-61.3647,56.216],[-61.3244,56.0762],[-61.3011,56.0472],[-61.4489,56.0224],[-61.4495,55.9957],[-61.3513,55.9737],[-61.1879,55.9554],[-61.1339,55.9303],[-61.123,55.8886],[-61.0894,55.8664],[-60.9958,55.8624],[-60.8927,55.9142],[-60.8318,55.9579],[-60.7527,55.9432],[-60.7421,55.9323],[-60.7366,55.887],[-60.648,55.835],[-60.5725,55.7571],[-60.5621,55.727],[-60.5522,55.736],[-60.5448,55.7285],[-60.2187,55.4505],[-60.224,55.4444],[-60.3609,55.3663],[-60.4331,55.2428],[-60.4501,55.2],[-60.5205,55.129],[-60.6171,55.0602],[-60.5565,55.0675],[-60.3408,55.1939],[-60.2125,55.2364],[-59.9303,55.2594],[-59.8916,55.2795],[-59.6851,55.1866],[-59.4994,55.1202],[-59.7417,54.9426],[-59.8164,54.8672],[-59.8378,54.814],[-59.7499,54.887],[-59.4286,55.0555],[-59.3942,55.0807],[-59.3928,55.0822],[-59.3528,55.0679],[-59.0261,55.0211],[-58.8306,54.783]]],[[[-57.3429,54.0685],[-57.1805,53.8961],[-57.149,53.8477],[-57.135,53.7918],[-57.1569,53.7569],[-57.244,53.7155],[-57.4895,53.6331],[-57.5241,53.6114],[-57.5273,53.5999],[-57.4202,53.5833],[-57.3861,53.5605],[-57.3317,53.4691],[-57.2214,53.5285],[-57.0122,53.6726],[-56.8409,53.7395],[-56.6966,53.7577],[-56.5243,53.7665],[-56.465,53.765],[-56.4443,53.7183],[-56.354,53.6245],[-56.2702,53.6001],[-56.1907,53.5939],[-55.9248,53.4027],[-55.8561,53.0997],[-55.8513,53.0658],[-55.8923,53.0004],[-55.8299,52.8784],[-55.8579,52.8234],[-55.8725,52.7357],[-55.8187,52.6771],[-55.8028,52.6432],[-55.8484,52.6233],[-56.167,52.5748],[-56.2924,52.5738],[-56.3249,52.5445],[-56.2284,52.536],[-56.0526,52.5374],[-55.8402,52.5076],[-55.7625,52.4802],[-55.732,52.3844],[-55.7771,52.3643],[-55.8967,52.3696],[-56.0117,52.3945],[-56.0046,52.3704],[-55.8336,52.3104],[-55.7835,52.2799],[-55.6911,52.2416],[-55.6788,52.207],[-55.7048,52.1784],[-55.8087,52.0644],[-56.0175,51.9293],[-56.2826,51.7971],[-56.5486,51.681],[-56.6276,51.6397],[-56.7501,51.5919],[-56.8238,51.5631],[-56.8306,51.5604],[-57.121,51.447],[-57.2992,51.4783],[-57.4617,51.4691],[-57.5313,51.4593],[-57.5369,51.46],[-57.5478,51.4612],[-57.5958,51.4667],[-57.6133,51.9979],[-57.7413,52.3277],[-57.8099,52.5044],[-58.5458,52.9791],[-59.424,53.1928],[-60.3005,53.2726],[-60.1483,53.3065],[-59.9871,53.3928],[-59.8817,53.4801],[-59.8291,53.5045],[-59.6211,53.5368],[-59.4981,53.5748],[-59.3223,53.6437],[-59.1294,53.7439],[-58.9196,53.8753],[-58.6521,53.9779],[-58.3267,54.0518],[-58.0881,54.0895],[-57.936,54.0912],[-57.9283,54.1036],[-58.0648,54.1268],[-58.1774,54.1313],[-58.3175,54.1145],[-58.3608,54.1545],[-58.3562,54.1719],[-58.31,54.2017],[-58.1921,54.2282],[-57.6149,54.1911],[-57.4161,54.1627],[-57.3466,54.0865],[-57.3429,54.0685]]],[[[-64.5944,60.3488],[-64.5737,60.3278],[-64.7379,60.3756],[-64.7836,60.398],[-64.5944,60.3488]]],[[[-61.7196,57.5382],[-61.6863,57.418],[-61.7953,57.4225],[-61.9755,57.4954],[-62.0112,57.5485],[-62.0072,57.5576],[-61.9833,57.5667],[-61.9375,57.5541],[-61.8931,57.5731],[-61.8483,57.5793],[-61.7436,57.5546],[-61.7309,57.5501],[-61.7196,57.5382]]],[[[-60.9664,56.0988],[-60.9554,56.0804],[-60.9945,56.0393],[-60.9827,56.0151],[-61.137,56.0326],[-61.1913,56.0479],[-61.1959,56.0639],[-61.1882,56.089],[-61.1576,56.1184],[-61.0869,56.1408],[-61.0485,56.1292],[-60.9664,56.0988]]]]}},{"type":"Feature","properties":{"slug":"delmarva-peninsula","name":"Delmarva Peninsula","family":"peninsulas","kind":"peninsula","source":"hand outline (see _geo_base.HAND_POLYGONS)"},"geometry":{"type":"Polygon","coordinates":[[[-75.79,39.72],[-75.05,38.8],[-75.05,38.45],[-75.24,38.03],[-75.62,37.6],[-75.97,37.1],[-76.02,37.55],[-76.0,38.2],[-76.28,38.55],[-76.05,38.9],[-75.92,39.35],[-75.79,39.72]]]}},{"type":"Feature","properties":{"slug":"guajira-peninsula","name":"Guajira Peninsula","family":"peninsulas","kind":"peninsula","source":"Natural Earth 10m geography_regions_polys: PEN. DE LA GUAJIRA"},"geometry":{"type":"Polygon","coordinates":[[[-71.9968,11.4373],[-72.3658,11.4515],[-73.0693,11.4665],[-72.6921,11.714],[-72.5699,11.7588],[-72.4997,11.7845],[-72.4471,11.8017],[-72.275,11.8893],[-72.1652,12.0602],[-72.1622,12.0733],[-72.1316,12.1184],[-72.1424,12.1595],[-72.1357,12.1886],[-72.0551,12.2384],[-71.9701,12.2383],[-71.9313,12.2695],[-71.9191,12.3091],[-71.7146,12.42],[-71.6022,12.4338],[-71.4647,12.3951],[-71.266,12.3312],[-71.173,12.1736],[-71.1508,12.1358],[-71.1373,12.0463],[-71.2243,11.9705],[-71.2873,11.9269],[-71.3004,11.8926],[-71.3197,11.8619],[-71.3494,11.8149],[-71.4146,11.7552],[-71.4884,11.7188],[-71.8687,11.6273],[-71.8917,11.6159],[-71.9542,11.6005],[-71.9755,11.5082],[-71.9968,11.4373]]]}},{"type":"Feature","properties":{"slug":"iberian-peninsula","name":"Iberian Peninsula","family":"peninsulas","kind":"peninsula","source":"Natural Earth 50m countries: Spain, Portugal"},"geometry":{"type":"MultiPolygon","coordinates":[[[[-9.0348,41.8806],[-8.6719,42.1347],[-8.2639,42.2805],[-8.0132,41.7909],[-7.4225,41.7921],[-7.2513,41.9183],[-6.6686,41.8834],[-6.3891,41.3818],[-6.8511,41.1111],[-6.864,40.3309],[-7.0264,40.1845],[-7.0666,39.7119],[-7.4986,39.6296],[-7.098,39.0301],[-7.3741,38.3731],[-7.0293,38.0758],[-7.1665,37.8039],[-7.5371,37.4289],[-7.4537,37.0978],[-7.8556,36.8383],[-8.3828,36.9789],[-8.8989,36.8688],[-8.7461,37.6513],[-8.84,38.2662],[-9.2875,38.3585],[-9.5266,38.7374],[-9.447,39.3921],[-9.0483,39.7551],[-8.9774,40.1593],[-8.7687,40.7606],[-8.7909,41.1843],[-8.9908,41.5435],[-9.0348,41.8806]]],[[[-7.4537,37.0978],[-7.5371,37.4289],[-7.1665,37.8039],[-7.0293,38.0758],[-7.3741,38.3731],[-7.098,39.0301],[-7.4986,39.6296],[-7.0666,39.7119],[-7.0264,40.1845],[-6.864,40.3309],[-6.8511,41.1111],[-6.3891,41.3818],[-6.6686,41.8834],[-7.2513,41.9183],[-7.4225,41.7921],[-8.0132,41.7909],[-8.2639,42.2805],[-8.6719,42.1347],[-9.0348,41.8806],[-8.9844,42.5928],[-9.3929,43.0266],[-7.9782,43.7483],[-6.7545,43.5679],[-5.4119,43.5742],[-4.3478,43.4034],[-3.5175,43.4559],[-1.9014,43.4228],[-1.5028,43.034],[0.338,42.5795],[0.7016,42.7957],[1.8268,42.3434],[2.986,42.473],[3.0395,41.8921],[2.0918,41.2261],[0.8105,41.0147],[0.7213,40.6783],[0.1067,40.1239],[-0.2787,39.31],[0.1113,38.7385],[-0.4671,38.2924],[-0.6834,37.6424],[-1.4384,37.4431],[-2.1465,36.6741],[-3.4158,36.6589],[-4.3689,36.6778],[-4.9952,36.3247],[-5.3772,35.9468],[-5.8664,36.0298],[-6.2367,36.3677],[-6.5202,36.9429],[-7.4537,37.0978]]]]}},{"type":"Feature","properties":{"slug":"kamchatka-peninsula","name":"Kamchatka Peninsula","family":"peninsulas","kind":"peninsula","source":"Natural Earth 10m geography_regions_polys"},"geometry":{"type":"Polygon","coordinates":[[[165.8953,62.3781],[166.0007,62.1787],[166.0905,61.9807],[166.1673,61.7793],[166.1719,61.7673],[166.2155,61.5482],[166.2538,61.0928],[166.3008,60.7776],[166.3081,60.6702],[166.3045,60.6428],[166.2922,60.5496],[166.2429,60.4896],[166.2193,60.4814],[166.1802,60.4804],[166.1271,60.4528],[166.0427,60.4328],[165.9286,60.395],[165.7072,60.3079],[165.4844,60.2383],[165.2809,60.1567],[165.1743,60.1312],[165.1738,60.1202],[165.0846,60.0986],[165.0736,59.9456],[165.0189,59.8607],[164.9537,59.8436],[164.8543,59.841],[164.7794,59.8742],[164.6697,59.9975],[164.5604,60.0458],[164.5361,60.0695],[164.426,60.1126],[164.3506,60.0812],[164.2831,60.0134],[164.1965,59.9475],[164.1229,59.936],[164.1351,59.9844],[164.0176,60.0173],[163.9129,60.0371],[163.7801,60.0411],[163.7438,60.028],[163.69,59.9784],[163.5743,59.9141],[163.4938,59.8868],[163.41,59.835],[163.3648,59.7814],[163.3212,59.7054],[163.3046,59.6463],[163.298,59.6392],[163.2713,59.5472],[163.2717,59.5296],[163.269,59.52],[163.2729,59.3026],[163.0849,59.1314],[163.0102,59.1483],[162.9749,59.1371],[162.94,59.1143],[163.0043,59.0202],[162.9698,58.9865],[162.9346,58.964],[162.8473,58.9393],[162.7493,58.8723],[162.6079,58.82],[162.4651,58.7459],[162.298,58.6256],[162.1163,58.4659],[161.9653,58.2857],[161.8898,58.1036],[161.9209,57.9746],[162.0259,57.8723],[162.169,57.8126],[162.2707,57.8118],[162.4114,57.7784],[162.3922,57.745],[162.3914,57.7172],[162.467,57.7662],[162.522,57.9041],[162.644,57.9448],[162.6994,57.9366],[163.0689,57.8457],[163.1679,57.806],[163.2221,57.758],[163.2139,57.6868],[163.1879,57.6374],[163.1088,57.5648],[162.957,57.4775],[162.9188,57.4517],[162.8967,57.4455],[162.7608,57.3853],[162.752,57.2737],[162.7897,56.8722],[162.7931,56.7848],[162.827,56.7833],[162.8499,56.7568],[162.9221,56.7227],[163.0464,56.7413],[163.1654,56.7255],[163.1913,56.7149],[163.2376,56.6778],[163.2516,56.6422],[163.2433,56.5646],[163.294,56.4477],[163.3355,56.2325],[163.2613,56.1737],[163.1894,56.1371],[163.1084,56.1031],[162.9951,56.0466],[162.963,56.0359],[162.8403,56.0656],[162.6281,56.2323],[162.7132,56.3309],[162.8933,56.3995],[162.9752,56.449],[163.0384,56.5219],[162.9441,56.5081],[162.8776,56.4764],[162.6715,56.4901],[162.5891,56.4549],[162.4887,56.3991],[162.5282,56.2607],[162.4611,56.2355],[162.4314,56.2243],[162.4187,56.2257],[162.2686,56.167],[162.1461,56.1283],[162.085,56.0896],[162.0237,55.9948],[161.9829,55.9608],[161.8103,55.7364],[161.7103,55.5108],[161.7354,55.2843],[161.7708,55.2442],[161.785,55.2053],[161.8242,55.1389],[161.9961,54.998],[162.0744,54.8939],[162.0824,54.8748],[162.1026,54.7678],[161.9338,54.7144],[161.5902,54.5167],[161.294,54.5206],[161.1299,54.5982],[160.9355,54.5784],[160.8797,54.5657],[160.7931,54.562],[160.7114,54.5457],[160.6253,54.4963],[160.5923,54.4633],[160.5172,54.4309],[160.2889,54.2882],[160.0744,54.1892],[160.0102,54.1309],[159.9379,54.0308],[159.88,53.9761],[159.8139,53.8572],[159.8229,53.7661],[159.8671,53.6744],[159.9064,53.5535],[159.9041,53.5187],[159.8792,53.4553],[159.8768,53.4207],[159.8877,53.3881],[159.9237,53.3319],[159.9387,53.3015],[159.9545,53.2467],[159.9762,53.1268],[159.9475,53.1251],[159.7716,53.2297],[159.5859,53.2377],[159.5276,53.2221],[159.4627,53.2236],[159.3816,53.1954],[159.3332,53.1699],[159.1361,53.1171],[158.9521,53.0476],[158.7508,52.9126],[158.7423,52.9103],[158.6837,52.9354],[158.6396,53.0148],[158.5646,53.05],[158.4721,53.0324],[158.4323,52.9574],[158.5602,52.9222],[158.6088,52.8736],[158.6034,52.8603],[158.5775,52.8488],[158.5007,52.782],[158.4501,52.6797],[158.4358,52.5613],[158.4452,52.3187],[158.4293,52.2494],[158.3316,52.0909],[158.1035,51.8096],[157.8232,51.6053],[157.6289,51.5346],[157.531,51.4799],[157.5035,51.4325],[157.4524,51.4039],[157.1861,51.2033],[157.1672,51.1924],[157.0794,51.1466],[156.8685,51.0554],[156.7708,50.9988],[156.745,50.9785],[156.7243,51.0471],[156.7135,51.1241],[156.6708,51.2269],[156.5435,51.3116],[156.5212,51.3803],[156.5004,51.4751],[156.4898,51.913],[156.3773,52.3666],[156.3647,52.5094],[156.2286,52.6263],[156.1544,52.7473],[156.1104,52.8662],[156.0988,53.0065],[155.9502,53.7443],[155.9049,53.9281],[155.7064,54.5215],[155.6203,54.8646],[155.5956,55.0109],[155.6046,55.5984],[155.6435,55.7936],[155.7166,56.0722],[155.9825,56.6952],[156.0254,56.752],[156.0675,56.7816],[156.5293,57.0212],[156.7284,57.1522],[156.8488,57.2902],[156.9768,57.4663],[156.9636,57.5609],[156.9482,57.6158],[156.8999,57.6769],[156.7916,57.7479],[156.8299,57.7796],[156.872,57.8037],[156.9857,57.8302],[157.1131,57.8008],[157.1831,57.7794],[157.2686,57.7689],[157.3162,57.7864],[157.4504,57.7993],[157.6664,58.0198],[157.8393,58.0008],[157.8556,57.9957],[157.8784,57.9965],[157.9746,57.9859],[158.0824,58.0039],[158.0872,58.0041],[158.0912,58.0054],[158.2104,58.0253],[158.2752,58.009],[158.3182,58.0788],[158.9367,58.3696],[159.0208,58.4174],[159.0369,58.4239],[159.2106,58.5194],[159.2259,58.5337],[159.3042,58.5781],[159.4768,58.694],[159.6006,58.8035],[159.6769,58.9116],[159.8474,59.1271],[160.3504,59.394],[160.5475,59.5474],[160.7114,59.6017],[160.8553,59.6269],[161.2189,59.8456],[161.4493,60.0273],[161.7535,60.1523],[161.846,60.2322],[162.0036,60.4202],[162.0682,60.4664],[162.2663,60.5367],[162.7132,60.6595],[162.9731,60.7829],[163.3523,60.8004],[163.4664,60.8498],[163.5852,60.8771],[163.71,60.9168],[163.5535,61.0256],[163.5893,61.0844],[163.6196,61.1113],[163.8934,61.2405],[163.9308,61.2749],[163.9443,61.2787],[163.9493,61.292],[164.0055,61.3438],[163.9921,61.3882],[163.9876,61.3955],[164.0015,61.4329],[163.9253,61.4578],[163.8506,61.476],[163.8114,61.4823],[163.8371,61.5583],[163.8827,61.6401],[164.0195,61.7107],[164.068,61.8739],[164.0742,62.045],[164.2072,62.2922],[164.2875,62.3466],[164.5983,62.4706],[164.6707,62.4738],[164.8877,62.4319],[165.1241,62.4115],[165.2081,62.374],[165.2257,62.4058],[165.2139,62.4482],[165.2804,62.463],[165.4174,62.4471],[165.3966,62.4939],[165.317,62.4991],[165.543,62.558],[165.7506,62.5231],[165.8953,62.3781]]]}},{"type":"Feature","properties":{"slug":"malay-peninsula","name":"Malay Peninsula","family":"peninsulas","kind":"peninsula","source":"Natural Earth 10m geography_regions_polys"},"geometry":{"type":"MultiPolygon","coordinates":[[[[101.9203,6.3664],[101.9805,6.3278],[101.9995,6.3205],[102.1011,6.2422],[102.274,6.2034],[102.3401,6.172],[102.5344,5.8625],[102.7902,5.6449],[102.8985,5.5638],[102.9824,5.525],[103.0971,5.4084],[103.197,5.2622],[103.4158,4.8503],[103.4539,4.6695],[103.4688,4.3933],[103.4205,3.9769],[103.362,3.7691],[103.3733,3.6711],[103.4429,3.5405],[103.448,3.4882],[103.4295,3.3786],[103.445,3.2606],[103.4395,2.9331],[103.4852,2.8366],[103.5373,2.7748],[103.8121,2.5805],[103.8122,2.5804],[103.8323,2.5085],[103.9678,2.2612],[104.2186,1.7229],[104.2885,1.4807],[104.2804,1.4156],[104.2501,1.3886],[104.1764,1.3649],[104.1149,1.4123],[104.0942,1.4462],[104.1006,1.4883],[104.0762,1.5298],[104.016,1.5793],[103.9814,1.6236],[103.9912,1.55],[103.9915,1.4548],[103.9151,1.4467],[103.8168,1.4766],[103.6945,1.4497],[103.5498,1.3328],[103.4803,1.3295],[103.4273,1.4298],[103.4,1.4979],[103.3568,1.5461],[102.8969,1.7923],[102.7271,1.8556],[102.5482,2.0424],[102.1456,2.2485],[101.8899,2.4494],[101.7812,2.5736],[101.5197,2.6836],[101.4068,2.8135],[101.3514,2.839],[101.2955,2.8852],[101.3543,3.0111],[101.3302,3.1425],[101.2999,3.2533],[101.1154,3.472],[101.0248,3.6247],[100.8513,3.7767],[100.7818,3.8645],[100.7154,3.9662],[100.757,4.0018],[100.7955,4.0234],[100.7603,4.0972],[100.661,4.2257],[100.6146,4.3734],[100.6146,4.6522],[100.4734,5.0443],[100.3526,5.5877],[100.374,5.778],[100.3433,5.9842],[100.2633,6.1825],[100.1584,6.3242],[100.1191,6.442],[99.8687,6.7499],[99.696,6.8767],[99.7203,7.1062],[99.6678,7.1509],[99.6024,7.1553],[99.553,7.2188],[99.597,7.3556],[99.5291,7.3295],[99.4352,7.3344],[99.3586,7.3722],[99.3004,7.5613],[99.2637,7.619],[99.1834,7.7181],[99.0776,7.7181],[99.0427,7.7656],[99.0511,7.8878],[98.9739,7.9628],[98.8725,8.0239],[98.7887,8.0598],[98.7035,8.2567],[98.6363,8.305],[98.5792,8.3443],[98.4998,8.3178],[98.474,8.2469],[98.421,8.1782],[98.3607,8.187],[98.3139,8.2203],[98.3037,8.2313],[98.2382,8.4231],[98.227,8.5437],[98.2418,8.7679],[98.326,8.9689],[98.3632,9.2325],[98.9301,9.2334],[99.2979,9.234],[99.3119,9.2369],[99.3354,9.2254],[99.3938,9.2137],[99.7238,9.3142],[99.8355,9.2884],[99.8775,9.1946],[99.9047,9.1129],[99.9606,8.6712],[99.9896,8.5892],[100.0563,8.5111],[100.1293,8.4281],[100.1541,8.443],[100.1589,8.4738],[100.1635,8.5084],[100.2287,8.4247],[100.2794,8.2685],[100.4535,7.4423],[100.5037,7.3373],[100.5452,7.2269],[100.4394,7.2808],[100.4107,7.4643],[100.3804,7.5415],[100.343,7.5529],[100.2838,7.5515],[100.28,7.5843],[100.3243,7.6442],[100.3174,7.716],[100.2566,7.7749],[100.1582,7.7281],[100.1607,7.5993],[100.2049,7.5005],[100.3714,7.2801],[100.4235,7.1878],[100.4897,7.1614],[100.5862,7.176],[100.7017,7.082],[100.7926,6.9947],[101.0179,6.8609],[101.1544,6.8751],[101.302,6.9083],[101.4009,6.8996],[101.4979,6.8653],[101.6143,6.754],[101.7992,6.4746],[101.8665,6.4228],[101.9203,6.3664]]],[[[100.191,5.2829],[100.2039,5.4469],[100.2455,5.4678],[100.3102,5.4379],[100.3389,5.4101],[100.289,5.2947],[100.2638,5.267],[100.191,5.2829]]],[[[101.2654,2.9965],[101.2742,3.0328],[101.3112,3.0674],[101.3284,3.0476],[101.3186,2.9885],[101.2681,2.9704],[101.2654,2.9965]]],[[[103.6502,1.3255],[103.7053,1.4234],[103.818,1.4471],[103.909,1.416],[103.9608,1.3922],[103.9964,1.3652],[103.9697,1.3314],[103.8199,1.2654],[103.6502,1.3255]]],[[[98.3012,9.1391],[98.3125,9.0804],[98.3075,9.0515],[98.2508,9.0408],[98.2584,9.0954],[98.2736,9.1299],[98.3012,9.1391]]],[[[99.0679,7.4959],[99.0377,7.5485],[99.0381,7.6257],[99.0451,7.6365],[99.0784,7.5918],[99.1044,7.4713],[99.0679,7.4959]]],[[[99.6066,6.5968],[99.654,6.7141],[99.7014,6.5706],[99.6631,6.5219],[99.644,6.5161],[99.6066,6.5968]]],[[[99.8217,6.445],[99.848,6.4657],[99.9187,6.3586],[99.8834,6.3108],[99.8658,6.2971],[99.8232,6.3127],[99.7826,6.2716],[99.7438,6.2633],[99.7047,6.3375],[99.6566,6.3671],[99.6463,6.4184],[99.7105,6.4273],[99.7492,6.4096],[99.8217,6.445]]]]}},{"type":"Feature","properties":{"slug":"scandinavian-peninsula","name":"Scandinavian Peninsula","family":"peninsulas","kind":"peninsula","source":"Natural Earth 10m geography_regions_polys: SCANDINAVIA"},"geometry":{"type":"MultiPolygon","coordinates":[[[[24.7205,65.8525],[24.5993,65.7889],[24.6232,65.8317],[24.628,65.8592],[24.5916,65.8584],[24.5326,65.822],[24.4043,65.7805],[24.2375,65.8124],[24.1555,65.8053],[24.1291,65.803],[23.6777,65.8555],[23.3781,65.8691],[23.0709,65.8629],[22.8309,65.8297],[22.7466,65.8709],[22.6203,65.8065],[22.5386,65.7943],[22.4651,65.8526],[22.401,65.8621],[22.3663,65.8427],[22.3359,65.7912],[22.2876,65.7506],[22.275,65.725],[22.2711,65.6764],[22.0949,65.6119],[22.0918,65.6105],[22.0862,65.6109],[22.0872,65.6083],[21.923,65.5323],[21.9201,65.5324],[21.9187,65.5303],[21.8023,65.4764],[21.6934,65.4047],[21.6807,65.4034],[21.5655,65.4081],[21.5326,65.3866],[21.5234,65.3586],[21.5452,65.3312],[21.5828,65.3204],[21.5336,65.2729],[21.4469,65.3208],[21.4104,65.3174],[21.4378,65.283],[21.5055,65.2458],[21.4575,65.1995],[21.3237,65.017],[21.2839,64.9348],[21.1959,64.8769],[21.1382,64.8087],[21.205,64.7743],[21.216,64.7669],[21.1957,64.6809],[21.1629,64.3927],[21.1202,64.2575],[21.0731,64.2059],[21.0185,64.178],[20.8393,63.9608],[20.5175,63.7887],[20.4537,63.7737],[20.382,63.7294],[20.1698,63.6562],[19.9137,63.6105],[19.7946,63.5453],[19.5791,63.49],[19.5023,63.509],[19.4927,63.4678],[19.4332,63.4525],[19.4264,63.4502],[19.3543,63.4775],[19.2881,63.4288],[19.2673,63.3961],[19.2515,63.3907],[19.0742,63.3166],[18.9342,63.2468],[18.8167,63.2575],[18.7923,63.2381],[18.8502,63.2241],[18.859,63.2066],[18.8194,63.1973],[18.7596,63.1982],[18.6672,63.1766],[18.6064,63.1783],[18.5776,63.1264],[18.5307,63.0635],[18.4077,63.0375],[18.3442,63.0321],[18.3129,62.9964],[18.5021,62.9889],[18.4869,62.9586],[18.4826,62.9283],[18.4821,62.9275],[18.4335,62.8894],[18.248,62.8491],[18.2149,62.8122],[18.17,62.7894],[18.0744,62.7907],[18.0779,62.812],[18.0936,62.836],[17.9511,62.8339],[17.9066,62.8868],[17.8796,62.8732],[17.8956,62.8305],[17.9329,62.7861],[17.9744,62.721],[17.9407,62.6799],[17.903,62.6595],[17.9305,62.6406],[17.9344,62.6399],[17.8565,62.6229],[17.7006,62.5764],[17.5615,62.4864],[17.5457,62.4637],[17.509,62.4825],[17.4103,62.5084],[17.3784,62.4628],[17.3733,62.4265],[17.429,62.3347],[17.4479,62.3221],[17.3814,62.1348],[17.328,61.9368],[17.2577,61.7516],[17.2398,61.7142],[17.1964,61.7246],[17.2143,61.6611],[17.209,61.6501],[17.1308,61.5757],[17.1466,61.5046],[17.1469,61.5037],[17.1056,61.3615],[17.1122,61.1723],[17.1946,60.9542],[17.216,60.9278],[17.2789,60.8122],[17.2612,60.7632],[17.251,60.7008],[17.3599,60.6408],[17.457,60.6418],[17.5555,60.6427],[17.5931,60.6277],[17.6308,60.5853],[17.6611,60.5352],[17.7422,60.5393],[17.8004,60.5576],[18.0538,60.4823],[18.1625,60.4079],[18.2505,60.3615],[18.3805,60.3403],[18.549,60.2146],[18.5354,60.1529],[18.6012,60.1192],[18.7467,60.0881],[18.8048,60.065],[18.8527,60.0259],[18.8843,59.9802],[18.9214,59.9514],[18.9327,59.8985],[18.8933,59.732],[18.7188,59.6574],[18.6399,59.6009],[18.5781,59.5658],[18.4024,59.4904],[18.3381,59.4769],[18.2765,59.4376],[18.2169,59.4205],[18.1636,59.4304],[17.9643,59.3594],[17.9798,59.3291],[18.1326,59.3162],[18.2105,59.3314],[18.2705,59.3671],[18.336,59.3753],[18.3958,59.3686],[18.4592,59.3967],[18.5089,59.408],[18.5603,59.3945],[18.6176,59.3271],[18.4986,59.2919],[18.4143,59.2903],[18.373,59.1797],[18.322,59.1322],[18.2854,59.1094],[18.0981,59.0623],[17.9746,59.0026],[17.829,58.9546],[17.7654,58.965],[17.6696,58.9162],[17.4567,58.8584],[17.4005,58.8182],[17.1376,58.7425],[16.8899,58.6875],[16.877,58.6533],[16.6394,58.6512],[16.3158,58.6636],[16.2143,58.6367],[16.3181,58.6283],[16.3908,58.6019],[16.478,58.6129],[16.683,58.5997],[16.7885,58.5853],[16.8385,58.551],[16.8062,58.4652],[16.8037,58.4566],[16.652,58.4343],[16.7166,58.3029],[16.7459,58.2542],[16.7344,58.2139],[16.728,58.1822],[16.7001,58.1608],[16.6973,58.0286],[16.6835,57.9596],[16.6796,57.9168],[16.597,57.9129],[16.5554,57.8123],[16.5862,57.7609],[16.5838,57.6417],[16.6042,57.5683],[16.6522,57.5007],[16.6309,57.4302],[16.476,57.2651],[16.4795,57.1877],[16.5073,57.1417],[16.5279,57.0682],[16.4575,56.9268],[16.4567,56.9248],[16.2226,56.5955],[16.2165,56.59],[16.1507,56.5008],[16.1343,56.4713],[16.1104,56.4376],[15.9758,56.2952],[15.8274,56.1694],[15.7806,56.1423],[15.7223,56.1642],[15.6266,56.1856],[15.5097,56.183],[15.3266,56.1508],[15.0512,56.1722],[14.782,56.1619],[14.714,56.1341],[14.7251,56.1066],[14.5964,56.1236],[14.5355,56.1033],[14.4953,56.0442],[14.4808,56.0174],[14.4732,56.0144],[14.402,55.9768],[14.2619,55.8875],[14.215,55.8326],[14.2029,55.7291],[14.2504,55.6693],[14.2417,55.6206],[14.2772,55.4932],[14.2834,55.4822],[14.1737,55.3966],[14.08,55.3922],[13.8063,55.4286],[13.3214,55.3464],[13.1239,55.3759],[12.9514,55.5115],[12.9389,55.5303],[12.9388,55.5332],[12.9634,55.6126],[12.978,55.6938],[12.9739,55.7481],[12.942,55.8061],[12.8346,55.8818],[12.6565,56.07],[12.6527,56.0794],[12.6275,56.2579],[12.7063,56.235],[12.7528,56.2421],[12.8017,56.2639],[12.7422,56.3469],[12.6911,56.3844],[12.6564,56.4406],[12.7731,56.4558],[12.8574,56.4524],[12.9195,56.5156],[12.8837,56.6177],[12.7932,56.6492],[12.7176,56.6628],[12.6603,56.7262],[12.6561,56.8138],[12.5043,57.0917],[12.2427,57.2686],[12.0995,57.3437],[12.0532,57.447],[11.9615,57.4261],[11.917,57.5219],[11.8851,57.6127],[11.8787,57.6794],[11.735,57.7177],[11.7291,57.7645],[11.7032,57.9732],[11.549,58.0012],[11.4493,58.1184],[11.4315,58.34],[11.33,58.3803],[11.2942,58.3754],[11.2649,58.4499],[11.263,58.4531],[11.2716,58.4756],[11.2238,58.6799],[11.2079,58.8664],[11.1691,58.9227],[11.1472,58.9886],[11.1669,59.0456],[11.1958,59.0783],[11.2953,59.0869],[11.3883,59.0365],[11.3864,59.0657],[11.3659,59.1045],[11.1321,59.1432],[11.0908,59.1418],[10.9989,59.1645],[10.945,59.1709],[10.8345,59.1839],[10.7426,59.296],[10.6449,59.3892],[10.6311,59.4282],[10.6344,59.6025],[10.6045,59.68],[10.5953,59.7646],[10.5339,59.6958],[10.5695,59.5871],[10.4938,59.5415],[10.3981,59.5193],[10.4071,59.4557],[10.4464,59.4436],[10.4546,59.3775],[10.4397,59.3148],[10.2982,59.268],[10.1609,59.1773],[10.0313,59.0745],[9.895,58.9854],[9.8401,58.9625],[9.8002,59.0271],[9.6352,59.1178],[9.5572,59.1127],[9.6271,59.0679],[9.6961,59.0097],[9.6569,58.9712],[9.6185,58.946],[9.5511,58.933],[9.31,58.8568],[9.3958,58.8057],[9.3229,58.7476],[9.2387,58.739],[9.1937,58.7119],[9.1898,58.7026],[9.009,58.6536],[8.885,58.6024],[8.0553,58.147],[8.0374,58.1473],[7.8756,58.08],[7.4659,58.0209],[7.1941,58.0477],[7.1236,58.0389],[6.8925,58.1106],[6.8953,58.1208],[6.9123,58.1429],[6.8771,58.1507],[6.8028,58.1545],[6.7869,58.1434],[6.6328,58.1912],[6.6925,58.224],[6.6768,58.2338],[6.6599,58.2627],[6.6176,58.2664],[6.4915,58.2594],[6.3891,58.268],[6.0547,58.3751],[5.9766,58.4323],[5.7068,58.5236],[5.5859,58.6204],[5.5173,58.7265],[5.5225,58.8227],[5.5556,58.9752],[5.6122,59.0129],[5.8543,58.9595],[6.099,58.8703],[6.1373,58.8747],[6.2142,58.9447],[6.3633,59.0009],[6.3211,59.0165],[6.0994,58.952],[6.017,58.9877],[5.8892,59.0605],[5.8892,59.0979],[5.9487,59.1354],[5.9686,59.1861],[5.9373,59.234],[5.9519,59.2991],[6.0507,59.3682],[6.1989,59.4381],[6.3057,59.5056],[6.4153,59.5471],[6.4039,59.561],[6.2785,59.5345],[6.1586,59.4896],[6.0174,59.4145],[5.8452,59.3535],[5.718,59.3298],[5.6573,59.3103],[5.5641,59.2912],[5.4676,59.2038],[5.3623,59.1664],[5.1732,59.1625],[5.1316,59.2265],[5.1851,59.4537],[5.2422,59.5643],[5.3049,59.6426],[5.4035,59.6558],[5.4725,59.7131],[5.5297,59.7131],[5.5795,59.6866],[5.7722,59.6609],[5.8673,59.734],[5.991,59.7447],[6.2166,59.8184],[6.2119,59.8318],[6.0593,59.8156],[5.9667,59.8132],[5.834,59.7947],[5.7635,59.8079],[5.7305,59.8631],[5.7836,59.9128],[5.9965,60.0315],[6.0699,60.0835],[6.1118,60.1321],[6.1052,60.1651],[6.1405,60.2335],[6.3487,60.353],[6.5181,60.4076],[6.5736,60.3606],[6.5264,60.2136],[6.5269,60.1529],[6.6609,60.3672],[6.7199,60.4182],[6.7871,60.4541],[6.9497,60.4782],[6.9957,60.512],[6.8063,60.5008],[6.347,60.4191],[6.1533,60.3462],[6.1018,60.2901],[5.9674,60.2056],[5.9044,60.1506],[5.8766,60.07],[5.8009,60.0262],[5.6988,60.01],[5.557,59.9078],[5.4945,59.8256],[5.3534,59.7601],[5.2639,59.7098],[5.2345,59.6918],[5.186,59.6423],[5.1458,59.6388],[5.1107,59.6678],[5.1049,59.7317],[5.1192,59.8337],[5.1871,59.9071],[5.2195,59.9788],[5.1744,60.0457],[5.2057,60.0879],[5.2654,60.0865],[5.3765,60.0672],[5.4945,60.0703],[5.6886,60.1232],[5.6576,60.1541],[5.5738,60.1585],[5.4174,60.1541],[5.2858,60.2057],[5.1836,60.3084],[5.1371,60.4456],[5.1682,60.4848],[5.5465,60.6246],[5.6483,60.688],[5.5894,60.6943],[5.4474,60.6173],[5.244,60.5696],[5.1158,60.636],[5.0491,60.7075],[5.0107,60.8585],[5.0246,60.9361],[5.0086,61.0382],[5.0954,61.0713],[5.1925,61.0537],[5.2882,61.0472],[5.5053,61.0561],[5.984,61.1173],[6.2926,61.081],[6.418,61.0843],[6.6099,61.137],[6.7778,61.1424],[6.9034,61.1021],[6.9721,61.056],[6.9806,60.9941],[7.0387,60.9529],[7.0779,60.9663],[7.0467,61.0153],[7.0401,61.0912],[7.545,61.1771],[7.6045,61.2105],[7.4039,61.2222],[7.3466,61.3006],[7.4525,61.4192],[7.4426,61.4346],[7.3312,61.372],[7.2763,61.2839],[7.298,61.2136],[7.276,61.181],[7.1735,61.166],[6.9426,61.1605],[6.7943,61.1904],[6.657,61.2066],[6.6103,61.2291],[6.6259,61.2793],[6.5999,61.2896],[6.5431,61.2445],[6.4926,61.1546],[6.3835,61.1339],[6.0825,61.1673],[5.6468,61.1476],[5.4513,61.1023],[5.3246,61.1083],[5.1067,61.1875],[5.0217,61.2506],[4.9899,61.3777],[5.0027,61.4336],[5.1725,61.4571],[5.2583,61.4555],[5.3387,61.4855],[5.2676,61.505],[5.1676,61.5434],[5.0994,61.6202],[4.9967,61.6452],[4.9278,61.7107],[4.9104,61.8096],[4.9301,61.8783],[4.9851,61.9004],[5.117,61.8854],[5.4653,61.8969],[5.7933,61.8271],[6.0158,61.7875],[6.4667,61.8074],[6.7308,61.8698],[6.6823,61.887],[6.3959,61.851],[6.1312,61.8524],[5.6645,61.9229],[5.473,61.9456],[5.2669,61.9356],[5.1596,61.957],[5.0965,62.0267],[5.1432,62.1599],[5.2409,62.1887],[5.2938,62.1539],[5.3577,62.1517],[5.4224,62.2074],[5.4843,62.2391],[5.5333,62.3109],[5.7182,62.3789],[5.7963,62.3847],[5.9083,62.416],[5.9798,62.4071],[6.0256,62.3757],[6.0835,62.3496],[6.209,62.3528],[6.5801,62.4073],[6.62,62.4233],[6.6924,62.4681],[6.4571,62.4481],[6.2617,62.4163],[6.1361,62.4075],[6.1185,62.4472],[6.1647,62.4824],[6.2375,62.5199],[6.2729,62.5838],[6.3529,62.6111],[6.4395,62.6097],[6.6184,62.6213],[6.7446,62.6379],[6.9611,62.6268],[7.2838,62.6023],[7.4918,62.5428],[7.5701,62.5482],[7.6531,62.564],[7.6907,62.5856],[7.5274,62.6103],[7.5182,62.6455],[7.5384,62.6721],[7.8047,62.721],[8.0955,62.7318],[8.0455,62.7712],[7.4084,62.7118],[7.2421,62.7523],[7.1108,62.752],[7.0249,62.7288],[6.78,62.7007],[6.735,62.7207],[6.7815,62.7896],[6.9282,62.9027],[6.9404,62.9305],[7.0085,62.9577],[7.3891,63.0233],[7.5719,63.0995],[7.6543,63.1092],[7.736,63.1039],[7.8604,63.1128],[8.1006,63.091],[8.2111,62.9955],[8.3105,62.9655],[8.6231,62.8462],[8.6092,62.8806],[8.3386,63.0422],[8.2352,63.0822],[8.158,63.1615],[8.1845,63.2365],[8.2715,63.2866],[8.5802,63.3134],[8.6355,63.3423],[8.641,63.3921],[8.5938,63.4261],[8.4802,63.4242],[8.3865,63.4453],[8.3607,63.4989],[8.3981,63.5351],[8.5762,63.6012],[8.6736,63.6226],[8.8424,63.6459],[9.1358,63.5937],[9.1581,63.5663],[9.0759,63.5004],[9.0842,63.4634],[9.1561,63.4593],[9.3236,63.5704],[9.5207,63.5857],[9.6022,63.6096],[9.6969,63.6246],[9.8322,63.5242],[9.8915,63.492],[9.936,63.4789],[9.9792,63.3953],[10.021,63.3908],[10.0806,63.4327],[10.1886,63.4548],[10.34,63.4693],[10.5909,63.4472],[10.7045,63.4636],[10.7602,63.4613],[10.7067,63.5363],[10.6736,63.558],[10.7253,63.625],[10.7792,63.6512],[10.9525,63.6982],[11.1179,63.7192],[11.2258,63.7638],[11.3707,63.8048],[11.3479,63.8377],[11.3076,63.8757],[11.2139,63.8781],[11.1756,63.8989],[11.2946,63.9482],[11.4576,64.003],[11.4292,64.0245],[11.3066,64.0489],[11.2136,64.0305],[11.0752,63.9881],[10.9143,63.9211],[10.9667,63.9016],[11.0473,63.8452],[10.9349,63.7702],[10.3392,63.571],[10.0551,63.5127],[9.924,63.5218],[9.8928,63.5762],[9.8323,63.6165],[9.7675,63.6995],[9.6572,63.6973],[9.5946,63.679],[9.5673,63.7062],[9.6147,63.7948],[9.708,63.8649],[9.8645,63.9178],[9.9395,63.9817],[10.01,64.0832],[10.2362,64.1796],[10.5656,64.4183],[10.834,64.4945],[10.9323,64.5777],[11.0904,64.6146],[11.2254,64.6795],[11.3313,64.6859],[11.5238,64.7444],[11.6329,64.8139],[11.5617,64.8183],[11.3925,64.773],[11.2968,64.7548],[11.3035,64.8294],[11.3499,64.9059],[11.4894,64.9758],[12.1597,65.179],[12.2266,65.1454],[12.3065,65.086],[12.5084,65.0994],[12.7384,65.2144],[12.9155,65.3393],[12.8198,65.3175],[12.7153,65.2664],[12.5117,65.1953],[12.4176,65.1841],[12.3639,65.1933],[12.334,65.2407],[12.2634,65.2561],[12.1996,65.2455],[12.1339,65.2792],[12.1222,65.3624],[12.2063,65.4862],[12.2729,65.5682],[12.3448,65.6302],[12.6277,65.8062],[12.6889,65.9022],[12.8168,65.9529],[12.983,65.9416],[13.0331,65.9562],[12.9761,66.0192],[12.7949,66.0691],[12.7838,66.1004],[13.3871,66.1828],[13.6744,66.18],[13.7597,66.221],[13.9158,66.2474],[14.0342,66.2976],[13.9731,66.3197],[13.6813,66.2736],[13.4989,66.2519],[13.4164,66.2526],[13.3521,66.2367],[13.1188,66.2307],[13.0682,66.4308],[13.1047,66.5394],[13.1916,66.5372],[13.2114,66.6408],[13.3118,66.7019],[13.4504,66.7155],[13.5202,66.7417],[13.6211,66.7948],[13.788,66.7825],[13.9595,66.7943],[13.917,66.8194],[13.7041,66.8517],[13.6516,66.9071],[13.7267,66.938],[13.8084,66.9608],[13.8802,66.9649],[14.0224,67.0731],[14.1088,67.1192],[14.2056,67.1112],[14.3403,67.1589],[14.4727,67.1427],[14.6007,67.1739],[14.7756,67.1945],[15.4157,67.2024],[15.4348,67.2467],[15.3001,67.2569],[14.8244,67.2683],[14.5815,67.2674],[14.4793,67.256],[14.4417,67.2714],[14.4483,67.2979],[14.5366,67.3397],[14.5785,67.386],[14.755,67.499],[14.9619,67.5743],[15.1205,67.555],[15.2892,67.4832],[15.4094,67.4742],[15.4653,67.4509],[15.5529,67.3518],[15.5944,67.3485],[15.5757,67.4438],[15.6915,67.5214],[15.6613,67.5428],[15.4873,67.5148],[15.354,67.5439],[15.2487,67.6021],[15.2187,67.6554],[15.2841,67.708],[15.3458,67.7344],[15.3039,67.7653],[15.0408,67.6826],[14.8547,67.6633],[14.7813,67.6749],[14.8211,67.7499],[14.7989,67.8093],[15.0484,67.9558],[15.1343,67.9727],[15.2744,67.9609],[15.4009,67.9196],[15.5066,67.9262],[15.6214,67.9483],[15.6058,67.9879],[15.3569,68.0036],[15.2929,68.0365],[15.316,68.0687],[15.4868,68.1028],[15.6566,68.1644],[15.8513,68.1822],[16.0079,68.2287],[16.0381,68.2182],[16.0646,68.1999],[16.1208,68.0273],[16.2607,67.8866],[16.3123,67.8814],[16.2586,68.0012],[16.3087,68.0356],[16.3722,68.0618],[16.392,68.0916],[16.3192,68.1018],[16.2598,68.1445],[16.1748,68.2812],[16.2038,68.3167],[16.3879,68.3896],[16.6188,68.4063],[16.8649,68.3553],[16.9514,68.3547],[17.094,68.3684],[17.3361,68.4104],[17.4785,68.4263],[17.5528,68.4263],[17.5712,68.4475],[17.5023,68.4611],[17.4802,68.4743],[17.4262,68.4819],[17.2023,68.4593],[16.5849,68.4665],[16.5253,68.4907],[16.5144,68.5326],[16.5799,68.5927],[16.6519,68.6258],[16.8847,68.6854],[17.1312,68.6935],[17.3908,68.7994],[17.49,68.8788],[17.5463,69.0011],[17.7046,69.1],[18.1015,69.1563],[18.1175,69.1812],[18.0754,69.2326],[18.0787,69.3252],[18.1875,69.4331],[18.2598,69.4706],[18.2932,69.4751],[18.3787,69.4398],[18.4826,69.3648],[18.6455,69.3219],[18.859,69.3145],[18.9159,69.3356],[18.75,69.3784],[18.6244,69.4344],[18.6145,69.4906],[18.674,69.5204],[18.7666,69.517],[18.8828,69.5233],[18.9911,69.5611],[19.0068,69.5877],[19.0113,69.6237],[19.0384,69.6604],[19.1973,69.7479],[19.687,69.8047],[19.7225,69.7816],[19.696,69.6129],[19.6397,69.5038],[19.6415,69.424],[19.7368,69.5038],[19.8646,69.7221],[19.9605,69.8246],[20.0689,69.8834],[20.1464,69.8967],[20.223,69.9272],[20.3242,69.9453],[20.3552,69.9219],[20.3872,69.8676],[20.3327,69.677],[20.3382,69.6167],[20.2771,69.5358],[20.0437,69.3557],[20.0545,69.3327],[20.1072,69.3412],[20.1977,69.3709],[20.4867,69.5421],[20.7395,69.5205],[20.7426,69.5345],[20.6615,69.5847],[20.5625,69.6328],[20.5327,69.6923],[20.546,69.8511],[20.6221,69.9139],[20.8403,69.9073],[20.9711,69.916],[21.0321,69.8875],[21.1631,69.8895],[21.2537,70.0032],[21.4329,70.0132],[21.5902,69.938],[21.7796,69.8875],[21.9317,69.8147],[21.9747,69.8346],[21.8926,70.0042],[21.8027,70.0661],[21.6078,70.0982],[21.4004,70.1745],[21.3463,70.2083],[21.3558,70.2334],[21.5388,70.2577],[21.7803,70.2299],[21.9955,70.2934],[22.0544,70.276],[22.2194,70.3092],[22.322,70.2645],[22.3848,70.2777],[22.4212,70.3376],[22.6846,70.3748],[22.8517,70.3405],[22.9412,70.305],[22.9828,70.2368],[23.0465,70.1019],[23.177,70.0291],[23.2579,69.9933],[23.3539,69.9834],[23.4002,70.0198],[23.3103,70.0636],[23.286,70.1048],[23.3291,70.2072],[23.3794,70.2475],[23.6612,70.3998],[23.8972,70.4788],[24.0385,70.4854],[24.2855,70.6624],[24.3556,70.6946],[24.42,70.702],[24.4035,70.7453],[24.2682,70.7727],[24.2635,70.8263],[24.4418,70.8916],[24.658,71.001],[24.7647,71.0084],[24.8316,70.978],[25.0422,70.9286],[25.1712,70.872],[25.2646,70.8435],[25.3254,70.8494],[25.3756,70.8919],[25.4359,70.9119],[25.5698,70.9007],[25.6497,70.8733],[25.7119,70.8697],[25.7682,70.8532],[25.7814,70.8168],[25.6656,70.7771],[25.4683,70.672],[25.2735,70.5524],[25.2093,70.4894],[25.1464,70.324],[24.9942,70.2182],[24.9827,70.144],[25.0438,70.109],[25.2118,70.1365],[25.4188,70.2355],[25.4705,70.3406],[25.9881,70.6254],[26.2309,70.7826],[26.5069,70.9128],[26.6613,70.9397],[26.734,70.8536],[26.6755,70.741],[26.5582,70.6691],[26.6446,70.6362],[26.6281,70.5509],[26.6012,70.5035],[26.584,70.4538],[26.5851,70.41],[26.6661,70.4217],[26.9894,70.5114],[27.0713,70.6084],[27.1473,70.6812],[27.1837,70.744],[27.3094,70.8036],[27.5465,70.804],[27.5557,70.8274],[27.269,70.91],[27.2353,70.9472],[27.3316,70.9967],[27.5971,71.0913],[27.7335,71.0809],[27.815,71.0594],[28.1417,71.043],[28.3923,70.9753],[28.3827,70.8694],[28.3269,70.8252],[28.2719,70.7979],[27.951,70.7176],[27.898,70.6779],[27.9988,70.6643],[28.2156,70.7043],[28.2718,70.668],[28.2027,70.5769],[28.191,70.4402],[28.166,70.3604],[28.166,70.2876],[28.193,70.2486],[28.2801,70.4034],[28.3099,70.4431],[28.4373,70.5014],[28.4848,70.6188],[28.6094,70.7597],[28.7498,70.8415],[28.8315,70.864],[29.1023,70.8607],[29.2186,70.8299],[29.3211,70.7615],[29.3977,70.7341],[29.6391,70.705],[29.722,70.6686],[29.7375,70.6468],[29.7965,70.6425],[29.9594,70.6944],[30.0651,70.703],[30.2377,70.6222],[30.203,70.5623],[30.2132,70.5433],[30.4221,70.5472],[30.5959,70.5237],[30.9264,70.4011],[30.9606,70.3438],[30.9527,70.3104],[30.9375,70.2733],[30.4689,70.1979],[30.263,70.1247],[29.9259,70.0965],[28.7812,70.1454],[28.8043,70.0925],[29.6014,69.9768],[29.6469,69.9437],[29.6214,69.8741],[29.621,69.8182],[29.6359,69.7801],[29.6946,69.7446],[29.7921,69.7279],[29.8697,69.7313],[29.5477,69.5504],[28.9415,69.1243],[27.5045,68.1146],[25.5087,66.4929],[24.7205,65.8525]]],[[[26.0776,71.0332],[26.1469,71.0395],[26.1338,70.9958],[25.9997,70.9751],[25.7913,70.9625],[25.7602,70.9538],[25.582,70.9608],[25.482,71.0196],[25.3149,71.0341],[25.3152,71.053],[25.4234,71.0974],[25.5863,71.1421],[25.8535,71.1039],[25.945,71.1046],[26.0776,71.0332]]],[[[23.3956,70.8426],[23.4405,70.8158],[23.4209,70.7844],[23.3871,70.7539],[23.3052,70.7217],[23.0682,70.5941],[22.9289,70.5735],[22.8848,70.5535],[22.8291,70.5416],[22.6561,70.559],[22.6054,70.5332],[22.5575,70.5159],[22.4322,70.5092],[22.3587,70.5148],[22.1687,70.5621],[22.0558,70.6133],[21.9945,70.6571],[22.17,70.6563],[22.2326,70.6669],[22.3503,70.6577],[22.421,70.7026],[22.5707,70.6972],[22.8581,70.7284],[22.9636,70.711],[23.2047,70.8155],[23.2802,70.8127],[23.3956,70.8426]]],[[[23.6633,70.6752],[23.6892,70.7228],[23.7784,70.7474],[23.8365,70.7294],[23.8521,70.7144],[23.9564,70.6996],[24.0783,70.6506],[24.0176,70.5674],[23.8271,70.5275],[23.7166,70.5619],[23.6701,70.5971],[23.6633,70.6752]]],[[[23.5789,70.5937],[23.6153,70.5493],[23.634,70.5025],[23.641,70.464],[23.5478,70.4082],[23.3328,70.335],[23.3451,70.3153],[23.2707,70.2965],[23.1592,70.2826],[23.1003,70.2961],[23.1084,70.3588],[23.0906,70.3776],[23.006,70.3528],[22.9179,70.3847],[22.9178,70.4167],[22.941,70.4446],[23.0225,70.4869],[23.1584,70.5161],[23.248,70.5051],[23.5467,70.6171],[23.5789,70.5937]]],[[[19.599,70.2662],[19.6838,70.2736],[19.7675,70.2167],[19.8184,70.205],[19.8687,70.2123],[19.9104,70.2019],[19.9941,70.1493],[20.0843,70.1286],[20.0885,70.1021],[20.006,70.0762],[19.8973,70.0685],[19.7809,70.0774],[19.7467,70.1105],[19.7108,70.1653],[19.6135,70.2191],[19.599,70.2662]]],[[[20.6549,70.2309],[20.786,70.2195],[20.8194,70.2055],[20.7792,70.0897],[20.7253,70.0665],[20.6426,70.057],[20.598,70.0714],[20.5347,70.0809],[20.4643,70.0766],[20.4051,70.1191],[20.4117,70.1549],[20.4928,70.2033],[20.6549,70.2309]]],[[[19.2551,70.0664],[19.3438,70.012],[19.4223,70.0172],[19.4459,70.0377],[19.4995,70.0479],[19.6078,70.0191],[19.5923,69.9702],[19.4424,69.9084],[19.3348,69.8203],[19.1971,69.7998],[19.1309,69.8104],[19.0078,69.7596],[18.9092,69.7067],[18.8069,69.6398],[18.8007,69.6054],[18.7848,69.579],[18.4103,69.5528],[18.2741,69.5355],[18.1299,69.5579],[18.0615,69.6021],[18.0835,69.6261],[18.2274,69.6357],[18.232,69.6768],[18.2685,69.7018],[18.315,69.7155],[18.3493,69.7679],[18.4062,69.7815],[18.5124,69.7687],[18.584,69.8066],[18.6243,69.813],[18.674,69.7816],[18.6979,69.8249],[18.674,69.8643],[18.6865,69.8909],[18.8238,69.9601],[18.8832,70.0105],[18.9687,70.043],[19.051,70.0378],[19.0749,70.0857],[19.051,70.1347],[19.0601,70.1666],[19.1327,70.2441],[19.2127,70.2475],[19.2494,70.1786],[19.2551,70.0664]]],[[[17.8628,69.543],[17.9274,69.5066],[18.0041,69.505],[18.0522,69.4575],[18.0768,69.3958],[18.0211,69.3496],[17.9421,69.3287],[17.9207,69.2743],[17.9507,69.1981],[17.7735,69.172],[17.5682,69.1604],[17.4879,69.1968],[17.3236,69.13],[17.1609,69.0259],[17.0825,69.0137],[17.0771,69.0466],[16.9602,69.0694],[16.8104,69.0707],[16.8154,69.0951],[16.8426,69.1124],[16.9718,69.1379],[16.9976,69.1906],[16.9741,69.2847],[16.9969,69.3304],[17.0018,69.3619],[17.083,69.3988],[17.3608,69.3815],[17.3945,69.4167],[17.3734,69.4389],[17.2299,69.4777],[17.252,69.5038],[17.3556,69.5271],[17.4536,69.5302],[17.4831,69.5697],[17.4882,69.5869],[17.503,69.5962],[17.6232,69.5391],[17.6773,69.5565],[17.7837,69.563],[17.8628,69.543]]],[[[16.1295,69.2739],[16.1148,69.2164],[15.9927,69.1126],[15.8117,69.0242],[15.8338,68.9607],[15.9059,68.9085],[15.9235,68.8192],[15.9279,68.7332],[15.7907,68.617],[15.7604,68.5612],[15.7724,68.5542],[15.9086,68.6505],[16.0596,68.6805],[16.0689,68.714],[16.1274,68.7464],[16.1208,68.7994],[16.1506,68.8424],[16.2275,68.8538],[16.2756,68.8683],[16.3289,68.8763],[16.4252,68.8416],[16.4797,68.8029],[16.5474,68.7166],[16.5192,68.633],[16.338,68.5679],[16.1939,68.5385],[16.0484,68.4637],[15.9753,68.4025],[15.9125,68.3893],[15.8728,68.3942],[15.8374,68.409],[15.7637,68.4091],[15.6825,68.356],[15.4375,68.3128],[15.3414,68.3253],[15.337,68.3782],[15.2797,68.3738],[15.1879,68.3104],[15.098,68.2892],[15.0377,68.2827],[14.9269,68.3066],[14.6289,68.1985],[14.3495,68.1783],[14.2575,68.1908],[14.2572,68.2569],[14.4378,68.3416],[14.5858,68.4003],[15.0953,68.4414],[15.4126,68.6158],[15.4893,68.8053],[15.5643,68.8737],[15.529,68.9124],[15.4437,68.9192],[15.4385,68.9786],[15.483,69.0435],[15.6495,69.1326],[15.742,69.1705],[15.8927,69.2779],[15.9653,69.3021],[16.048,69.3021],[16.1295,69.2739]]],[[[14.1188,68.2468],[14.0968,68.2186],[14.0293,68.1875],[13.8877,68.1685],[13.824,68.1211],[13.7784,68.105],[13.6562,68.1048],[13.584,68.0938],[13.4952,68.0517],[13.4242,68.0828],[13.4044,68.0607],[13.3915,68.0212],[13.3521,68.0097],[13.2294,67.9954],[13.1995,68.0873],[13.256,68.1206],[13.3002,68.1604],[13.368,68.1666],[13.4287,68.1632],[13.538,68.249],[13.6877,68.2734],[13.7841,68.2761],[13.8729,68.2653],[13.9323,68.2482],[14.0877,68.2532],[14.1188,68.2468]]],[[[13.1229,68.0494],[13.0978,68.0027],[13.0982,67.9564],[13.0746,67.9346],[12.9718,67.8741],[12.824,67.8212],[12.8779,67.9178],[12.9577,68.0155],[13.0681,68.0713],[13.1229,68.0494]]],[[[15.1281,69.004],[15.1756,68.9815],[15.2071,68.9431],[15.3372,68.8424],[15.3966,68.7836],[15.3484,68.6724],[15.2221,68.6163],[15.0271,68.6063],[14.8902,68.611],[14.804,68.638],[14.7933,68.6683],[14.7435,68.6772],[14.6121,68.6383],[14.5208,68.6331],[14.4047,68.6632],[14.3734,68.7114],[14.4967,68.7719],[14.5537,68.8188],[14.6904,68.8147],[14.7246,68.8001],[14.8019,68.791],[14.8488,68.8476],[14.838,68.8867],[14.8724,68.9139],[15.0375,68.8943],[15.0378,69.0005],[15.1019,69.008],[15.1281,69.004]]],[[[12.3428,66.0808],[12.4177,66.1227],[12.4464,66.1513],[12.4613,66.185],[12.5274,66.2105],[12.6208,66.1779],[12.6227,66.1225],[12.5764,66.0719],[12.4199,66.0433],[12.3273,66.0366],[12.3428,66.0808]]],[[[12.4302,65.9399],[12.4761,65.9771],[12.5488,66.0019],[12.6424,66.0085],[12.7471,66.0114],[12.7788,65.9917],[12.7187,65.9639],[12.5096,65.902],[12.4295,65.8991],[12.4302,65.9399]]],[[[11.8004,65.6839],[11.8754,65.7059],[11.9724,65.7016],[12.0032,65.6794],[11.968,65.6265],[11.9019,65.5957],[11.7783,65.6045],[11.7651,65.631],[11.8004,65.6839]]],[[[10.7398,64.8703],[10.8135,64.9232],[11.021,64.9787],[11.1326,64.9762],[11.2462,64.9079],[11.2314,64.8659],[11.179,64.838],[11.0625,64.8604],[10.8325,64.8431],[10.7398,64.8703]]],[[[8.2871,63.6872],[8.4513,63.7318],[8.7089,63.7743],[8.7334,63.8013],[8.7646,63.8046],[8.8092,63.7714],[8.8148,63.726],[8.7865,63.7035],[8.4708,63.6671],[8.3562,63.6648],[8.2871,63.6872]]],[[[7.804,63.4139],[7.9384,63.4498],[8.0735,63.4708],[8.1361,63.4313],[8.1409,63.3664],[8.1027,63.3376],[8.0047,63.3369],[7.8883,63.3523],[7.8153,63.3851],[7.804,63.4139]]],[[[4.799,61.0827],[4.8244,61.1782],[4.8616,61.1938],[4.9154,61.1994],[4.9732,61.1482],[4.9587,61.0846],[4.8701,61.0719],[4.799,61.0827]]],[[[4.9572,60.4473],[4.9906,60.4521],[5.0502,60.389],[5.0858,60.3076],[5.0891,60.1888],[4.997,60.1978],[4.9556,60.2433],[4.9436,60.2724],[4.9508,60.3412],[4.9301,60.4121],[4.9572,60.4473]]],[[[18.5954,59.4704],[18.5703,59.4373],[18.5451,59.4778],[18.5552,59.4858],[18.5724,59.5258],[18.6209,59.5478],[18.6984,59.5346],[18.6979,59.5246],[18.6238,59.4922],[18.5954,59.4704]]],[[[29.7442,69.7916],[29.7859,69.8291],[29.8358,69.9056],[29.914,69.9024],[29.993,69.8732],[30.0552,69.8384],[29.9562,69.7968],[29.7662,69.7675],[29.7442,69.7916]]]]}},{"type":"Feature","properties":{"slug":"cape-york-peninsula","name":"Cape York Peninsula","family":"peninsulas","kind":"peninsula","source":"Natural Earth 10m geography_regions_polys: CAPE YORK PEN."},"geometry":{"type":"Polygon","coordinates":[[[142.9449,-11.8885],[142.9885,-11.919],[143.0664,-11.9241],[143.1771,-11.954],[143.1771,-11.9628],[143.1707,-11.9928],[143.1497,-12.0286],[143.1108,-12.0716],[143.0776,-12.1158],[143.0571,-12.1677],[143.0449,-12.2265],[143.0411,-12.2868],[143.0454,-12.343],[143.0883,-12.3543],[143.1787,-12.3526],[143.1906,-12.3612],[143.2509,-12.3958],[143.2573,-12.4069],[143.2896,-12.4988],[143.4016,-12.6399],[143.3982,-12.7213],[143.3906,-12.7457],[143.3801,-12.7883],[143.3801,-12.8371],[143.4497,-12.8398],[143.4577,-12.8558],[143.512,-13.0944],[143.5105,-13.1335],[143.5182,-13.2283],[143.5259,-13.2604],[143.5295,-13.3038],[143.5458,-13.3437],[143.5807,-13.4897],[143.5484,-13.741],[143.5893,-13.8628],[143.6434,-13.9637],[143.7072,-14.1646],[143.7563,-14.3488],[143.805,-14.3873],[143.8082,-14.3947],[143.8185,-14.445],[143.8047,-14.5102],[143.7887,-14.5856],[143.6953,-14.6725],[143.565,-14.7209],[143.2368,-14.7825],[143.0649,-14.8405],[142.6947,-14.9651],[142.4743,-15.0245],[142.2299,-15.0759],[141.9824,-15.1005],[141.7534,-15.08],[141.6733,-15.0402],[141.6189,-14.9725],[141.6156,-14.9652],[141.6035,-14.8527],[141.5327,-14.5165],[141.5469,-14.4596],[141.5827,-14.3436],[141.5955,-14.275],[141.5933,-14.2084],[141.5875,-14.1885],[141.5943,-14.1528],[141.5354,-14.0187],[141.4807,-13.9268],[141.4726,-13.7976],[141.5342,-13.5538],[141.5888,-13.4251],[141.611,-13.3598],[141.6267,-13.3274],[141.6475,-13.2728],[141.6558,-13.217],[141.6489,-13.1534],[141.6326,-13.1064],[141.6293,-13.0991],[141.6136,-12.9435],[141.7346,-12.8335],[141.7822,-12.7787],[141.8758,-12.7782],[141.9203,-12.8029],[141.9298,-12.7398],[141.8929,-12.6813],[141.8783,-12.6133],[141.8521,-12.5787],[141.8417,-12.5765],[141.8389,-12.5688],[141.7865,-12.5604],[141.7467,-12.5294],[141.6777,-12.4914],[141.6886,-12.3511],[141.7958,-12.1031],[141.8081,-12.0825],[141.8739,-11.9888],[141.8776,-11.9829],[141.913,-12.0192],[141.9611,-12.0543],[141.9678,-11.9763],[141.9516,-11.8962],[142.0405,-11.6317],[142.1049,-11.3972],[142.1196,-11.3517],[142.1252,-11.3234],[142.139,-11.2732],[142.1684,-10.9466],[142.3265,-10.8842],[142.4068,-10.8022],[142.4564,-10.7073],[142.5448,-10.7073],[142.5906,-10.7384],[142.544,-10.8066],[142.5525,-10.8603],[142.5554,-10.8627],[142.5527,-10.8744],[142.723,-11.0104],[142.7797,-11.1153],[142.8033,-11.214],[142.8368,-11.3069],[142.851,-11.4176],[142.8513,-11.5687],[142.8506,-11.6323],[142.8515,-11.6399],[142.8517,-11.7626],[142.8596,-11.8173],[142.884,-11.8585],[142.9365,-11.8873],[142.9449,-11.8885]]]}},{"type":"Feature","properties":{"slug":"peloponnese","name":"Peloponnese","family":"peninsulas","kind":"peninsula","source":"hand outline (see _geo_base.HAND_POLYGONS)"},"geometry":{"type":"Polygon","coordinates":[[[22.9,38.3],[23.2,37.6],[23.1,37.0],[22.6,36.5],[22.2,36.8],[21.9,36.4],[21.6,37.0],[21.1,37.6],[21.5,38.2],[22.2,38.4],[22.9,38.3]]]}},{"type":"Feature","properties":{"slug":"aegean-sea-plate","name":"Aegean Sea Plate","family":"minor-plates","kind":"minor_tectonic_plate","source":"PB2002 (Bird 2003) via github.com/fraxen/tectonicplates"},"geometry":{"type":"Polygon","coordinates":[[[29.7309,35.4273],[29.3451,35.4249],[29.0702,35.378],[28.7789,35.3116],[28.478,35.1272],[28.0502,34.8702],[27.6845,34.706],[27.2265,34.3347],[26.4653,34.1983],[25.5767,34.2487],[24.5928,34.3397],[23.8739,34.6283],[23.3986,34.99],[22.8662,35.4367],[22.3752,35.7424],[21.8932,35.9334],[21.5988,36.2159],[21.3266,36.6289],[20.7603,37.0983],[20.3001,37.8039],[20.2819,38.1148],[20.4374,38.4712],[21.0967,38.4389],[21.5822,38.4205],[22.1637,38.3553],[22.7272,38.2713],[22.9546,38.599],[23.212,38.9484],[23.4634,39.2869],[23.7866,39.7204],[24.0022,39.9178],[24.5595,40.0554],[24.931,40.0922],[25.4165,40.1564],[25.8605,39.7078],[26.2562,39.5286],[26.6101,39.298],[27.138,38.8764],[27.6719,38.4991],[27.9538,38.2275],[28.1998,37.9645],[28.278,37.757],[28.2543,37.5205],[28.2545,37.2689],[28.4107,36.9833],[28.7888,36.3607],[29.1369,35.9703],[29.3888,35.7284],[29.7309,35.4273]]]}},{"type":"Feature","properties":{"slug":"altiplano-plate","name":"Altiplano Plate","family":"minor-plates","kind":"minor_tectonic_plate","source":"PB2002 (Bird 2003) via github.com/fraxen/tectonicplates"},"geometry":{"type":"Polygon","coordinates":[[[-75.9163,-15.7355],[-75.4176,-15.1167],[-74.9219,-14.4969],[-74.4289,-13.876],[-73.85,-13.1819],[-73.2744,-12.4865],[-72.6548,-12.4178],[-72.0356,-12.3476],[-71.3917,-12.5783],[-70.7466,-12.8075],[-70.1246,-13.035],[-69.5014,-13.2611],[-69.0461,-13.3947],[-68.5902,-13.5274],[-68.0077,-14.0278],[-67.4226,-14.5267],[-67.2176,-15.0785],[-66.6957,-15.7138],[-66.1705,-16.3479],[-65.7954,-16.7293],[-65.4189,-17.11],[-64.5845,-17.4023],[-63.8563,-17.4643],[-63.8362,-17.8783],[-63.6168,-18.3751],[-63.3962,-18.8716],[-63.2865,-19.5109],[-63.176,-20.1502],[-63.36,-20.7593],[-63.5454,-21.3683],[-64.1386,-21.3989],[-64.7321,-21.4275],[-65.4275,-21.4652],[-66.1233,-21.5],[-66.6339,-21.5],[-67.1445,-21.5],[-67.6552,-21.5],[-68.1658,-21.5],[-69.1138,-21.5],[-70.0618,-21.5],[-70.6833,-21.7339],[-71.3068,-21.9654],[-71.2495,-21.2622],[-71.3228,-20.7577],[-71.3623,-20.2491],[-71.4865,-19.8112],[-71.7465,-19.2981],[-72.2664,-18.7215],[-72.7366,-18.2567],[-73.3997,-17.747],[-73.9493,-17.3735],[-74.6095,-16.823],[-75.2923,-16.3302],[-75.9163,-15.7355]]]}},{"type":"Feature","properties":{"slug":"amur-plate","name":"Amur Plate","family":"minor-plates","kind":"minor_tectonic_plate","source":"PB2002 (Bird 2003) via github.com/fraxen/tectonicplates"},"geometry":{"type":"Polygon","coordinates":[[[132.824,30.7544],[132.581,30.9906],[132.269,31.2571],[132.03,31.4844],[131.717,31.7606],[131.284,31.8771],[130.835,31.9821],[130.185,32.0194],[129.768,32.0417],[129.442,31.7926],[128.812,31.6013],[128.258,31.4706],[127.655,31.362],[127.054,31.273],[126.404,31.2274],[125.729,31.2017],[125.03,31.1957],[124.487,31.2501],[123.867,31.3257],[123.364,31.4713],[124.072,32.1727],[124.791,32.8701],[125.521,33.5633],[126.263,34.2521],[126.196,34.9364],[126.128,35.6207],[126.115,36.1691],[126.101,36.7175],[125.914,37.5413],[125.723,38.3648],[125.551,38.824],[125.376,39.2829],[125.199,39.7415],[125.019,40.1999],[124.272,40.8675],[123.51,41.5302],[122.732,42.1878],[122.255,41.9035],[121.782,41.6173],[121.313,41.3292],[120.848,41.0392],[119.846,40.6543],[118.856,40.2608],[118.245,40.0536],[117.638,39.8433],[117.01,40.0571],[116.379,40.2675],[115.81,40.5955],[115.235,40.9206],[114.392,41.163],[113.542,41.3993],[112.911,41.0237],[112.287,40.6446],[111.435,41.1262],[110.57,41.6014],[109.693,42.07],[109.041,42.6365],[108.131,43.1492],[107.205,43.6546],[107.061,44.099],[106.914,44.5432],[106.765,44.9873],[106.614,45.4311],[106.46,45.8748],[106.304,46.3182],[106.177,46.849],[106.048,47.3797],[105.916,47.9102],[105.781,48.4406],[105.582,49.2921],[105.375,50.1433],[104.904,50.786],[104.42,51.4267],[105.058,51.7648],[105.705,52.0994],[106.362,52.4305],[107.029,52.7578],[107.706,53.0813],[108.393,53.4009],[108.691,54.1503],[109.0,54.8989],[109.375,55.3308],[109.758,55.7616],[110.924,56.2207],[112.305,56.2954],[113.656,56.4179],[115.015,56.5256],[116.382,56.6184],[117.253,56.8021],[118.133,56.9796],[119.021,57.1509],[119.918,57.3159],[120.851,57.3021],[121.784,57.2814],[122.715,57.2538],[123.645,57.2194],[124.573,57.1781],[125.499,57.1299],[126.96,56.7741],[128.393,56.4015],[129.798,56.0127],[130.747,55.8611],[131.688,55.7022],[132.674,55.4913],[133.65,55.2726],[135.138,55.0602],[136.61,54.8299],[137.918,54.5883],[139.211,54.3328],[140.145,54.1028],[141.278,54.0742],[142.409,54.0349],[142.849,53.3843],[142.784,53.0425],[142.692,52.5418],[142.541,51.6998],[142.398,50.8574],[142.521,50.3178],[142.641,49.7781],[142.761,49.2409],[142.878,48.7036],[142.023,48.0512],[141.178,47.3923],[140.553,46.9557],[139.938,46.5157],[139.37,46.224],[139.158,45.9466],[139.038,45.4118],[138.85,44.8113],[138.577,44.2948],[138.563,43.9389],[138.801,43.1922],[138.811,42.7664],[138.824,41.9955],[138.743,41.7693],[138.489,41.4818],[138.475,41.103],[138.756,40.7823],[138.655,40.4744],[138.655,40.0722],[138.352,39.8324],[138.085,39.6594],[137.845,39.4043],[137.774,38.9816],[137.848,38.4846],[137.889,37.8556],[137.902,37.184],[137.854,36.5997],[137.894,36.3109],[138.121,36.0267],[138.259,35.734],[138.421,35.36],[138.674,35.0337],[138.508,34.5822],[138.383,34.059],[138.066,33.7495],[137.546,33.4046],[137.03,33.0526],[136.524,32.8681],[136.025,32.686],[135.612,32.5372],[135.356,32.46],[135.026,32.3264],[134.691,32.1997],[134.042,31.8821],[133.5,31.5152],[133.197,31.2162],[132.965,30.9698],[132.824,30.7544]]]}},{"type":"Feature","properties":{"slug":"anatolia-plate","name":"Anatolia Plate","family":"minor-plates","kind":"minor_tectonic_plate","source":"PB2002 (Bird 2003) via github.com/fraxen/tectonicplates"},"geometry":{"type":"Polygon","coordinates":[[[25.4165,40.1564],[26.0097,40.3255],[26.5968,40.5532],[27.2559,40.7892],[27.5677,40.64],[27.9873,40.6176],[28.7245,40.6679],[29.0302,40.6861],[30.0071,40.7682],[30.7745,40.601],[31.1161,40.6149],[31.4817,40.6786],[32.3925,40.8601],[33.4053,41.0231],[34.2864,41.1587],[34.8317,41.1231],[35.5272,41.0018],[36.1686,40.8487],[37.062,40.6003],[38.0213,40.269],[38.7948,40.0091],[39.2684,39.9087],[39.892,39.7025],[40.4492,39.3925],[41.0015,39.0799],[40.6242,38.8568],[40.1627,38.7681],[39.4017,38.497],[38.8565,38.3141],[38.3652,38.1214],[38.0417,37.9941],[37.6822,37.8337],[37.0832,37.5118],[36.7895,37.3979],[36.4665,36.7303],[36.3892,36.2596],[36.4134,36.0232],[35.7912,35.689],[35.3621,35.4051],[34.9001,35.091],[34.4998,34.7855],[34.0542,34.5045],[33.7354,34.3017],[33.1007,34.2903],[32.6678,34.3899],[32.1719,34.4871],[31.7399,34.6341],[31.256,34.826],[30.7929,34.9908],[30.2208,35.1543],[29.7309,35.4273],[29.3888,35.7284],[29.1369,35.9703],[28.7888,36.3607],[28.4107,36.9833],[28.2545,37.2689],[28.2543,37.5205],[28.278,37.757],[28.1998,37.9645],[27.9538,38.2275],[27.6719,38.4991],[27.138,38.8764],[26.6101,39.298],[26.2562,39.5286],[25.8605,39.7078],[25.4165,40.1564]]]}},{"type":"Feature","properties":{"slug":"balmoral-reef-plate","name":"Balmoral Reef Plate","family":"minor-plates","kind":"minor_tectonic_plate","source":"PB2002 (Bird 2003) via github.com/fraxen/tectonicplates"},"geometry":{"type":"MultiPolygon","coordinates":[[[[175.659,-13.3265],[175.947,-13.4221],[176.021,-13.6431],[176.256,-13.6723],[176.618,-13.7312],[176.966,-13.8531],[177.167,-13.9483],[177.417,-14.0551],[178.029,-14.309],[178.469,-14.5006],[179.012,-14.7838],[179.389,-14.975],[179.79,-15.2177],[180.0,-15.3624],[180.0,-15.6207],[179.89,-15.6538],[179.614,-15.6775],[179.332,-15.7295],[178.936,-15.8124],[178.562,-15.8973],[178.524,-15.9838],[178.491,-16.0924],[178.402,-16.1039],[178.283,-16.1096],[178.171,-16.1151],[178.086,-16.1485],[178.007,-16.1723],[177.876,-16.2224],[177.806,-16.2269],[177.721,-16.2285],[177.588,-16.2245],[177.4,-16.2119],[177.345,-16.3016],[177.414,-16.3005],[177.412,-16.5099],[177.269,-16.5059],[177.19,-16.504],[177.13,-16.5049],[177.035,-16.5159],[176.949,-16.5235],[176.883,-16.5435],[176.79,-16.5447],[176.671,-16.5527],[176.545,-16.5574],[176.377,-16.569],[176.184,-16.5521],[175.893,-16.5582],[175.612,-16.586],[175.487,-16.6218],[175.381,-16.6289],[175.226,-16.7409],[175.107,-16.748],[174.885,-16.8728],[174.503,-16.5632],[173.901,-16.8493],[173.788,-16.7984],[173.718,-16.7127],[173.669,-16.6143],[173.593,-16.4967],[173.455,-16.2585],[173.567,-16.1509],[173.531,-16.0271],[173.485,-15.9223],[173.4,-15.7793],[173.555,-15.6973],[173.539,-15.6053],[173.516,-15.5671],[173.464,-15.5036],[173.428,-15.4369],[173.388,-15.3607],[173.359,-15.2337],[173.346,-15.1544],[173.32,-15.0814],[173.294,-14.9925],[173.259,-14.8973],[173.21,-14.7703],[173.178,-14.6687],[173.139,-14.51],[173.019,-14.294],[172.881,-13.9649],[172.74,-13.6927],[172.571,-13.4106],[173.049,-13.4895],[173.671,-13.5168],[173.941,-13.2954],[174.482,-13.3961],[174.661,-13.4146],[174.784,-13.3952],[174.898,-13.3345],[175.314,-13.2436],[175.659,-13.3265]]],[[[-180.0,-15.6207],[-180.0,-15.3624],[-179.739,-15.5422],[-180.0,-15.6207]]]]}},{"type":"Feature","properties":{"slug":"banda-sea-plate","name":"Banda Sea Plate","family":"minor-plates","kind":"minor_tectonic_plate","source":"PB2002 (Bird 2003) via github.com/fraxen/tectonicplates"},"geometry":{"type":"Polygon","coordinates":[[[127.325,-3.7191],[127.51,-3.1625],[127.667,-2.447],[127.666,-1.7582],[128.383,-2.2864],[129.258,-2.4163],[130.107,-2.5192],[130.585,-2.6939],[131.063,-2.8684],[131.489,-3.1489],[131.915,-3.4293],[132.316,-3.9348],[132.717,-4.44],[133.311,-4.6263],[133.906,-4.812],[133.449,-5.3443],[133.982,-5.6406],[133.686,-6.3477],[133.188,-6.5146],[132.689,-6.681],[132.133,-6.6617],[131.577,-6.6417],[131.01,-6.6799],[130.443,-6.7174],[129.839,-6.5262],[129.236,-6.3342],[128.776,-6.5648],[128.315,-6.7949],[127.854,-6.9898],[127.393,-7.1842],[126.755,-7.1852],[126.258,-7.3091],[125.761,-7.4325],[125.264,-7.5031],[124.75,-7.644],[124.235,-7.7843],[123.383,-7.7836],[122.673,-7.8529],[121.891,-8.0622],[121.253,-7.9902],[120.543,-7.8122],[120.546,-6.9676],[120.62,-6.1223],[120.516,-5.2755],[120.341,-4.6397],[119.953,-4.3029],[119.565,-3.9659],[118.823,-3.6096],[118.578,-3.2552],[118.723,-2.4082],[118.884,-1.9498],[119.045,-1.4914],[119.296,-0.6803],[119.475,-0.081],[119.896,-0.8593],[120.388,-1.4614],[120.811,-1.7101],[121.234,-1.9586],[121.728,-2.1542],[122.223,-2.3496],[122.823,-2.598],[123.424,-2.8461],[123.672,-3.0936],[123.706,-3.9412],[123.458,-4.5764],[124.06,-4.7007],[124.662,-4.8244],[125.282,-4.7892],[125.901,-4.7535],[126.432,-4.4707],[126.963,-4.1875],[127.325,-3.7191]]]}},{"type":"Feature","properties":{"slug":"birds-head-plate","name":"Birds Head Plate","family":"minor-plates","kind":"minor_tectonic_plate","source":"PB2002 (Bird 2003) via github.com/fraxen/tectonicplates"},"geometry":{"type":"Polygon","coordinates":[[[129.197,1.0593],[129.989,0.6842],[130.546,0.4749],[131.102,0.2656],[131.738,0.1497],[132.373,0.0339],[132.515,0.0171],[132.824,-0.0429],[133.327,-0.1457],[133.899,0.0567],[134.471,0.259],[134.938,0.4212],[135.656,-0.023],[136.451,-0.2281],[136.943,-0.4223],[137.435,-0.6164],[138.054,-0.7182],[138.674,-0.8198],[138.793,-1.1594],[138.972,-1.6075],[138.488,-1.7538],[138.003,-1.8999],[137.634,-2.0801],[137.282,-2.2954],[136.931,-2.4928],[136.562,-2.7964],[136.167,-3.1],[135.771,-3.4035],[135.262,-3.849],[134.966,-4.298],[134.488,-4.4373],[133.906,-4.812],[133.311,-4.6263],[132.717,-4.44],[132.316,-3.9348],[131.915,-3.4293],[131.489,-3.1489],[131.063,-2.8684],[130.585,-2.6939],[130.107,-2.5192],[129.258,-2.4163],[128.383,-2.2864],[127.666,-1.7582],[127.241,-1.3881],[126.817,-1.018],[126.393,-0.6478],[125.969,-0.2776],[125.969,0.19],[126.144,1.0013],[126.426,1.7065],[126.872,2.3457],[127.446,2.3194],[128.081,2.2903],[128.187,1.9737],[128.752,1.623],[129.197,1.0593]]]}},{"type":"Feature","properties":{"slug":"burma-plate","name":"Burma Plate","family":"minor-plates","kind":"minor_tectonic_plate","source":"PB2002 (Bird 2003) via github.com/fraxen/tectonicplates"},"geometry":{"type":"Polygon","coordinates":[[[96.4803,14.4],[96.5031,14.1292],[95.8571,13.7825],[95.5046,12.918],[95.1546,12.053],[94.8068,11.1876],[94.4146,10.679],[94.0238,10.17],[94.2164,9.7168],[94.4146,9.2702],[93.986,9.0195],[94.1712,8.686],[94.4288,8.3119],[94.7747,7.8472],[94.4599,7.6027],[94.8826,7.1393],[94.4975,6.8369],[94.9496,6.2591],[95.435,5.7153],[96.0135,5.1136],[96.5669,4.6445],[96.6014,3.7722],[96.6968,2.9791],[96.7828,2.1854],[96.7427,1.7628],[96.2019,1.345],[96.0886,1.4873],[95.5419,1.8818],[94.9794,2.1041],[94.4052,2.4568],[93.7535,3.0477],[93.227,3.716],[92.903,4.3845],[92.6651,5.0051],[92.5375,5.702],[92.3761,6.3325],[92.2781,6.9476],[91.9032,7.6627],[91.7809,8.1598],[91.6511,8.6562],[91.5959,9.1302],[91.5334,9.6037],[91.5586,10.056],[91.5764,10.5142],[91.5907,11.3003],[91.6426,11.7915],[91.7,12.2832],[91.8889,13.1537],[92.0682,13.7149],[92.5168,14.3843],[92.9413,14.8688],[93.3678,15.3526],[93.7878,15.5618],[94.2086,15.7702],[95.0951,15.8126],[95.9115,15.5345],[96.4061,15.1355],[96.4537,14.9093],[96.4803,14.4]]]}},{"type":"Feature","properties":{"slug":"caroline-plate","name":"Caroline Plate","family":"minor-plates","kind":"minor_tectonic_plate","source":"PB2002 (Bird 2003) via github.com/fraxen/tectonicplates"},"geometry":{"type":"Polygon","coordinates":[[[138.359,9.3787],[139.192,9.0649],[139.886,8.8663],[140.579,8.6664],[141.048,8.3925],[141.517,8.118],[142.262,7.6108],[142.666,7.3884],[143.07,7.1658],[143.558,6.8053],[144.026,6.677],[144.664,6.611],[145.067,6.5035],[145.471,6.3535],[146.001,6.1602],[146.382,5.883],[146.73,5.5107],[147.078,5.1382],[147.425,4.7655],[147.772,4.3926],[148.191,3.7756],[148.694,3.1366],[148.668,2.6293],[148.684,2.0583],[148.7,1.4874],[148.863,0.9366],[149.112,0.4063],[149.191,-0.1432],[149.251,-0.397],[149.27,-0.6502],[148.913,-0.4569],[148.724,-0.3919],[148.344,-0.4095],[147.859,-0.4264],[147.354,-0.2747],[147.059,-0.2935],[146.595,-0.2902],[145.919,-0.3492],[145.497,-0.4733],[145.033,-0.5341],[144.357,-0.7419],[143.808,-0.9506],[143.26,-1.1596],[142.922,-1.4535],[142.626,-1.9159],[142.394,-2.4622],[142.246,-2.6931],[141.868,-2.3984],[141.594,-2.2721],[141.195,-2.1667],[140.837,-1.8933],[140.226,-1.7674],[139.805,-1.5574],[139.257,-1.39],[138.793,-1.1594],[138.674,-0.8198],[138.054,-0.7182],[137.435,-0.6164],[136.943,-0.4223],[136.451,-0.2281],[135.656,-0.023],[134.938,0.4212],[134.471,0.259],[133.899,0.0567],[133.327,-0.1457],[132.824,-0.0429],[132.515,0.0171],[132.651,0.8116],[132.72,1.1645],[132.734,1.7285],[132.766,2.2569],[132.817,2.5387],[132.85,2.9083],[132.795,3.3122],[132.74,3.6983],[132.79,4.1199],[132.911,4.4538],[133.032,4.7875],[133.189,5.0162],[133.24,5.3491],[133.308,5.7343],[133.429,5.9622],[133.674,6.1559],[133.989,6.3326],[134.269,6.6102],[134.521,6.9902],[135.415,6.8951],[136.183,6.9889],[136.759,7.3677],[137.144,7.6196],[137.529,7.8712],[137.982,8.5336],[138.309,9.1962],[138.359,9.3787]]]}},{"type":"Feature","properties":{"slug":"conway-reef-plate","name":"Conway Reef Plate","family":"minor-plates","kind":"minor_tectonic_plate","source":"PB2002 (Bird 2003) via github.com/fraxen/tectonicplates"},"geometry":{"type":"Polygon","coordinates":[[[173.901,-16.8493],[174.503,-16.5632],[174.885,-16.8728],[175.107,-16.748],[175.226,-16.7409],[175.381,-16.6289],[175.487,-16.6218],[175.612,-16.586],[175.893,-16.5582],[176.184,-16.5521],[176.179,-16.6696],[176.148,-16.8158],[176.106,-16.9654],[176.065,-17.0895],[176.036,-17.2389],[175.986,-17.5408],[175.973,-17.8043],[176.336,-17.8227],[176.342,-18.0384],[176.3,-18.1403],[176.244,-18.2425],[176.215,-18.3189],[176.212,-18.6107],[176.136,-18.732],[176.061,-18.8945],[175.975,-19.0222],[175.922,-19.0798],[175.9,-19.1624],[175.885,-19.3274],[175.839,-19.4451],[175.772,-19.5471],[175.559,-19.7548],[175.574,-19.9765],[175.59,-20.1887],[175.828,-20.6294],[176.121,-21.1655],[175.733,-21.4216],[175.231,-21.75],[174.584,-22.1704],[174.034,-22.4881],[174.056,-22.2358],[174.09,-21.8407],[174.112,-21.5779],[174.115,-21.3565],[174.119,-21.1477],[173.379,-21.1405],[173.383,-20.9949],[173.38,-20.8367],[173.384,-20.6245],[173.351,-20.3774],[173.335,-20.086],[173.36,-19.8896],[173.398,-19.6616],[173.429,-19.4303],[173.439,-19.2211],[173.453,-18.9992],[173.447,-18.774],[173.425,-18.5203],[173.251,-18.5324],[173.409,-18.238],[173.55,-17.9623],[173.66,-17.6802],[173.744,-17.49],[173.88,-17.1634],[173.901,-16.8493]]]}},{"type":"Feature","properties":{"slug":"easter-plate","name":"Easter Plate","family":"minor-plates","kind":"minor_tectonic_plate","source":"PB2002 (Bird 2003) via github.com/fraxen/tectonicplates"},"geometry":{"type":"Polygon","coordinates":[[[-114.421,-22.1145],[-114.125,-22.1057],[-113.906,-22.1022],[-113.61,-22.1264],[-113.28,-22.2231],[-112.934,-22.407],[-112.575,-22.6195],[-112.208,-22.8209],[-111.924,-23.0158],[-111.741,-23.2087],[-111.871,-23.3267],[-111.864,-23.475],[-111.832,-23.7275],[-111.763,-23.8598],[-111.713,-24.032],[-112.098,-24.1104],[-112.123,-24.2224],[-112.103,-24.4485],[-112.048,-24.6591],[-111.977,-24.8907],[-111.978,-25.0266],[-112.453,-25.0594],[-112.443,-25.1985],[-112.388,-25.4292],[-112.366,-25.5642],[-112.364,-25.6637],[-112.437,-25.6827],[-112.455,-25.786],[-112.541,-25.7874],[-112.55,-25.9259],[-112.62,-25.9342],[-112.672,-26.0379],[-112.683,-26.2823],[-112.658,-26.5538],[-112.684,-26.8009],[-112.947,-26.7241],[-112.976,-26.8302],[-113.608,-26.8088],[-113.944,-26.7897],[-114.526,-26.7251],[-115.105,-26.604],[-115.291,-26.4659],[-115.518,-26.2434],[-115.769,-25.9677],[-116.028,-25.6738],[-116.353,-25.4158],[-116.49,-25.172],[-116.099,-24.8475],[-116.225,-24.5558],[-116.184,-24.4583],[-115.968,-24.3829],[-115.912,-24.2418],[-115.482,-24.1051],[-115.402,-24.0174],[-115.424,-23.8844],[-115.599,-23.4684],[-115.254,-23.3975],[-115.183,-23.237],[-114.962,-23.1789],[-114.875,-23.0396],[-114.567,-23.0236],[-114.498,-22.5426],[-114.505,-22.1961],[-114.421,-22.1145]]]}},{"type":"Feature","properties":{"slug":"futuna-plate","name":"Futuna Plate","family":"minor-plates","kind":"minor_tectonic_plate","source":"PB2002 (Bird 2003) via github.com/fraxen/tectonicplates"},"geometry":{"type":"Polygon","coordinates":[[[-177.13,-15.5594],[-177.691,-15.3981],[-178.264,-15.3255],[-178.812,-15.3773],[-179.444,-15.5268],[-179.288,-14.9356],[-179.048,-14.9275],[-178.888,-14.2241],[-178.768,-14.2304],[-178.733,-13.9861],[-178.24,-14.3166],[-177.746,-14.6461],[-177.415,-14.7064],[-176.88,-14.6708],[-176.346,-14.634],[-176.339,-14.7803],[-176.319,-14.904],[-176.331,-15.0501],[-176.341,-15.1836],[-176.387,-15.3117],[-176.462,-15.4194],[-176.526,-15.4894],[-176.66,-15.6041],[-177.13,-15.5594]]]}},{"type":"Feature","properties":{"slug":"galapagos-plate","name":"Galapagos Plate","family":"minor-plates","kind":"minor_tectonic_plate","source":"PB2002 (Bird 2003) via github.com/fraxen/tectonicplates"},"geometry":{"type":"Polygon","coordinates":[[[-102.068,2.6353],[-101.878,2.6421],[-101.697,2.6397],[-101.49,2.605],[-101.512,2.2323],[-101.438,2.1601],[-101.356,2.1044],[-101.27,2.0485],[-101.149,1.9802],[-101.049,1.9064],[-100.974,1.8319],[-100.908,1.7435],[-100.973,1.6788],[-100.964,1.6551],[-101.074,1.5137],[-101.047,1.4708],[-101.153,1.3858],[-101.195,1.4231],[-101.315,1.3501],[-101.348,1.3991],[-101.423,1.3382],[-101.487,1.3889],[-101.58,1.3177],[-101.644,1.4038],[-101.825,1.3344],[-101.959,1.2688],[-102.082,1.2065],[-102.181,1.1343],[-102.223,1.214],[-102.203,1.2207],[-102.243,1.3486],[-102.222,1.3611],[-102.257,1.5278],[-102.23,1.5414],[-102.262,1.7515],[-102.133,1.7784],[-102.104,1.9038],[-102.088,1.9035],[-102.076,1.9715],[-102.075,2.0245],[-102.067,2.1373],[-102.075,2.161],[-102.08,2.3083],[-102.088,2.3273],[-102.09,2.3909],[-102.085,2.412],[-102.085,2.4861],[-102.077,2.5025],[-102.082,2.5744],[-102.068,2.6353]]]}},{"type":"Feature","properties":{"slug":"juan-fernandez-plate","name":"Juan Fernandez Plate","family":"minor-plates","kind":"minor_tectonic_plate","source":"PB2002 (Bird 2003) via github.com/fraxen/tectonicplates"},"geometry":{"type":"Polygon","coordinates":[[[-112.023,-31.5362],[-111.66,-31.5564],[-111.202,-31.5638],[-110.687,-31.715],[-110.21,-31.9198],[-109.791,-32.1152],[-109.435,-32.4],[-109.206,-32.6615],[-108.972,-32.9365],[-109.183,-33.0204],[-109.41,-33.1401],[-109.323,-33.3917],[-109.205,-33.7019],[-109.27,-33.9167],[-109.277,-34.2037],[-109.259,-34.5446],[-109.691,-34.6092],[-109.919,-34.7019],[-110.141,-34.8171],[-110.326,-34.946],[-110.527,-35.0613],[-110.827,-35.0908],[-111.126,-34.9948],[-111.399,-34.9123],[-111.756,-34.8114],[-112.187,-34.6742],[-112.417,-34.5562],[-112.562,-34.2996],[-112.628,-33.9988],[-112.604,-33.6626],[-112.504,-33.6498],[-112.46,-33.3989],[-112.442,-33.112],[-112.418,-32.7938],[-112.415,-32.4889],[-112.356,-32.3278],[-112.151,-32.3426],[-112.065,-32.1144],[-112.063,-31.9485],[-112.041,-31.7737],[-112.023,-31.5362]]]}},{"type":"Feature","properties":{"slug":"kermadec-plate","name":"Kermadec Plate","family":"minor-plates","kind":"minor_tectonic_plate","source":"PB2002 (Bird 2003) via github.com/fraxen/tectonicplates"},"geometry":{"type":"MultiPolygon","coordinates":[[[[-180.0,-37.1607],[-180.0,-32.3041],[-179.74,-31.751],[-179.515,-31.3328],[-179.393,-30.9968],[-179.226,-30.3553],[-179.074,-29.7924],[-178.966,-29.4983],[-178.713,-28.6927],[-178.482,-27.9855],[-178.248,-27.3765],[-178.017,-26.7672],[-177.793,-25.9755],[-177.657,-25.1971],[-177.552,-24.7196],[-177.448,-24.242],[-177.419,-24.1051],[-176.887,-24.0295],[-176.356,-23.952],[-175.691,-23.8526],[-174.985,-23.7499],[-175.102,-24.0701],[-175.209,-24.4719],[-175.229,-24.8362],[-175.261,-25.1425],[-175.297,-25.4257],[-175.382,-25.7295],[-175.415,-26.0248],[-175.423,-26.4372],[-175.4,-26.8569],[-175.545,-27.318],[-175.785,-27.7843],[-175.885,-28.2638],[-175.995,-28.6971],[-176.078,-29.0653],[-176.153,-29.4691],[-176.339,-29.8808],[-176.547,-30.3215],[-176.69,-30.6779],[-176.919,-31.0374],[-177.108,-31.4517],[-177.301,-31.7932],[-177.538,-31.9574],[-177.649,-32.2028],[-177.666,-32.6959],[-177.81,-33.1908],[-177.981,-33.5795],[-178.208,-33.8459],[-178.294,-34.2413],[-178.413,-34.4854],[-178.539,-34.7058],[-178.641,-35.0218],[-179.044,-35.5423],[-179.371,-36.179],[-179.811,-36.793],[-180.0,-37.1607]]],[[[176.081,-41.91],[175.503,-42.0593],[174.945,-41.7569],[174.763,-41.5656],[174.632,-41.1571],[175.012,-40.9786],[175.324,-40.7906],[175.537,-40.5983],[175.868,-40.3108],[176.074,-40.0461],[175.609,-39.2297],[175.932,-38.7623],[175.995,-38.6742],[176.241,-38.2869],[176.509,-37.8849],[176.77,-37.485],[177.049,-37.1022],[177.507,-36.461],[177.89,-35.9174],[178.403,-35.1612],[178.681,-34.7863],[178.996,-34.246],[179.345,-33.6016],[179.657,-33.0187],[179.98,-32.3467],[180.0,-32.3041],[180.0,-37.1607],[179.838,-37.4758],[179.569,-38.2045],[179.366,-38.538],[179.215,-38.8885],[179.125,-39.2296],[178.95,-39.6848],[178.792,-40.087],[178.566,-40.424],[178.284,-40.8071],[178.015,-41.1879],[177.607,-41.4997],[177.123,-41.6566],[176.673,-41.756],[176.081,-41.91]]]]}},{"type":"Feature","properties":{"slug":"manus-plate","name":"Manus Plate","family":"minor-plates","kind":"minor_tectonic_plate","source":"PB2002 (Bird 2003) via github.com/fraxen/tectonicplates"},"geometry":{"type":"Polygon","coordinates":[[[151.301,-3.6562],[151.222,-3.7366],[151.095,-3.8063],[150.987,-3.692],[150.909,-3.7235],[150.793,-3.775],[150.678,-3.8182],[150.552,-3.8391],[150.447,-3.8571],[150.32,-3.8809],[150.24,-3.9027],[150.226,-3.8736],[150.192,-3.8294],[150.121,-3.7899],[150.027,-3.752],[149.938,-3.7238],[149.872,-3.6591],[149.817,-3.6166],[149.913,-3.4915],[150.034,-3.3717],[150.135,-3.2744],[150.249,-3.202],[150.352,-3.1409],[150.436,-3.0926],[150.509,-3.0611],[150.56,-3.0507],[150.616,-3.0473],[150.615,-3.0849],[150.634,-3.1627],[150.683,-3.2345],[150.732,-3.2952],[150.789,-3.3294],[150.824,-3.3485],[150.879,-3.3311],[150.931,-3.3723],[150.982,-3.419],[151.021,-3.4757],[151.095,-3.5473],[151.142,-3.5871],[151.204,-3.6017],[151.25,-3.6067],[151.301,-3.6562]]]}},{"type":"Feature","properties":{"slug":"maoke-plate","name":"Maoke Plate","family":"minor-plates","kind":"minor_tectonic_plate","source":"PB2002 (Bird 2003) via github.com/fraxen/tectonicplates"},"geometry":{"type":"Polygon","coordinates":[[[140.798,-5.1096],[140.264,-4.9306],[139.731,-4.7513],[138.959,-4.5478],[138.484,-4.4425],[138.01,-4.3368],[137.177,-4.2212],[136.672,-4.1993],[136.167,-4.1771],[135.459,-4.2182],[134.966,-4.298],[135.262,-3.849],[135.771,-3.4035],[136.167,-3.1],[136.562,-2.7964],[136.931,-2.4928],[137.282,-2.2954],[137.634,-2.0801],[138.003,-1.8999],[138.488,-1.7538],[138.972,-1.6075],[139.205,-2.0926],[139.439,-2.5777],[139.809,-3.1778],[140.07,-3.6445],[140.328,-4.045],[140.566,-4.5857],[140.798,-5.1096]]]}},{"type":"Feature","properties":{"slug":"mariana-plate","name":"Mariana Plate","family":"minor-plates","kind":"minor_tectonic_plate","source":"PB2002 (Bird 2003) via github.com/fraxen/tectonicplates"},"geometry":{"type":"Polygon","coordinates":[[[143.097,11.5689],[143.082,11.7921],[143.106,12.0301],[143.143,12.265],[143.239,12.4781],[143.403,12.6947],[143.51,12.8222],[143.662,13.0577],[143.771,13.2676],[143.871,13.5409],[143.903,13.6235],[143.942,13.8108],[143.976,14.087],[144.082,14.6394],[144.216,14.6557],[144.334,14.8845],[144.53,14.9167],[144.453,15.5256],[144.799,15.6531],[144.792,16.1227],[144.841,16.478],[144.798,16.9793],[144.671,17.4201],[144.97,17.5346],[144.773,17.8295],[144.706,18.0198],[144.663,18.1656],[144.626,18.3591],[144.601,18.7556],[144.543,19.0727],[144.527,19.1234],[144.252,19.7253],[144.137,19.7533],[144.083,19.8577],[143.97,20.1109],[143.842,20.4178],[143.575,20.3968],[143.493,20.5325],[143.392,20.7283],[143.281,20.9619],[143.321,21.0606],[143.28,21.3203],[143.218,21.659],[143.15,21.9278],[142.997,22.1385],[142.774,22.3766],[142.56,22.662],[142.257,23.0091],[142.886,23.7012],[143.522,24.3908],[144.022,23.7644],[144.706,23.2501],[145.292,22.7123],[146.062,22.2015],[146.545,21.7298],[146.822,21.3306],[147.019,20.8051],[147.207,20.3034],[147.46,19.7452],[147.619,19.1724],[147.82,18.6465],[147.811,18.0602],[147.856,17.2831],[147.787,16.5234],[147.684,15.653],[147.462,14.9661],[147.201,14.2158],[146.752,13.3632],[146.221,13.0015],[145.691,12.6466],[145.349,12.3141],[145.024,12.2112],[144.619,12.0206],[144.157,11.7896],[143.503,11.4936],[143.097,11.5689]]]}},{"type":"Feature","properties":{"slug":"molucca-sea-plate","name":"Molucca Sea Plate","family":"minor-plates","kind":"minor_tectonic_plate","source":"PB2002 (Bird 2003) via github.com/fraxen/tectonicplates"},"geometry":{"type":"Polygon","coordinates":[[[126.426,1.7065],[126.144,1.0013],[125.969,0.19],[125.969,-0.2776],[126.393,-0.6478],[126.817,-1.018],[127.241,-1.3881],[127.666,-1.7582],[127.667,-2.447],[127.51,-3.1625],[127.325,-3.7191],[126.963,-4.1875],[126.432,-4.4707],[125.901,-4.7535],[125.282,-4.7892],[124.662,-4.8244],[124.06,-4.7007],[123.458,-4.5764],[123.706,-3.9412],[123.672,-3.0936],[123.424,-2.8461],[122.823,-2.598],[122.223,-2.3496],[121.728,-2.1542],[121.234,-1.9586],[120.811,-1.7101],[120.388,-1.4614],[119.896,-0.8593],[119.475,-0.081],[119.249,0.7137],[119.306,1.5771],[119.696,2.0334],[120.189,2.2075],[120.824,2.3109],[121.669,2.3085],[122.48,2.3771],[123.219,2.0239],[123.43,2.006],[123.448,1.8123],[123.535,1.3542],[123.746,0.8428],[124.01,0.437],[124.416,0.0133],[124.857,-0.2691],[125.263,-0.4456],[125.616,-0.1278],[125.969,0.19],[126.144,1.0013],[126.426,1.7065]]]}},{"type":"Feature","properties":{"slug":"new-hebrides-plate","name":"New Hebrides Plate","family":"minor-plates","kind":"minor_tectonic_plate","source":"PB2002 (Bird 2003) via github.com/fraxen/tectonicplates"},"geometry":{"type":"Polygon","coordinates":[[[166.154,-13.7794],[167.157,-13.6491],[168.159,-13.5147],[168.596,-13.5142],[168.577,-13.6024],[168.792,-13.6302],[169.026,-13.6393],[169.234,-13.6507],[169.231,-13.7995],[169.456,-13.8111],[169.622,-13.8084],[169.739,-13.8236],[169.739,-13.9535],[170.15,-13.9744],[170.638,-13.942],[170.642,-14.0878],[170.945,-14.0926],[171.181,-14.0834],[171.295,-14.0659],[171.296,-13.7934],[171.619,-13.75],[171.972,-13.6778],[172.163,-13.5688],[172.3,-13.4814],[172.434,-13.4349],[172.571,-13.4106],[172.74,-13.6927],[172.881,-13.9649],[173.019,-14.294],[173.139,-14.51],[173.178,-14.6687],[173.21,-14.7703],[173.259,-14.8973],[173.294,-14.9925],[173.32,-15.0814],[173.346,-15.1544],[173.359,-15.2337],[173.388,-15.3607],[173.428,-15.4369],[173.464,-15.5036],[173.516,-15.5671],[173.539,-15.6053],[173.555,-15.6973],[173.4,-15.7793],[173.485,-15.9223],[173.531,-16.0271],[173.567,-16.1509],[173.455,-16.2585],[173.593,-16.4967],[173.669,-16.6143],[173.718,-16.7127],[173.788,-16.7984],[173.901,-16.8493],[173.88,-17.1634],[173.744,-17.49],[173.66,-17.6802],[173.55,-17.9623],[173.409,-18.238],[173.251,-18.5324],[173.425,-18.5203],[173.447,-18.774],[173.453,-18.9992],[173.439,-19.2211],[173.429,-19.4303],[173.398,-19.6616],[173.36,-19.8896],[173.335,-20.086],[173.351,-20.3774],[173.384,-20.6245],[173.38,-20.8367],[173.383,-20.9949],[173.379,-21.1405],[174.119,-21.1477],[174.115,-21.3565],[174.112,-21.5779],[174.09,-21.8407],[174.056,-22.2358],[174.034,-22.4881],[173.606,-22.835],[173.212,-22.8339],[173.04,-23.0068],[172.783,-23.0686],[172.439,-23.1781],[172.361,-23.1775],[172.278,-23.1707],[172.197,-23.1763],[172.06,-23.173],[171.95,-23.1553],[171.854,-23.1491],[171.703,-23.1464],[171.62,-23.1268],[171.496,-23.1096],[171.385,-23.0915],[171.288,-23.0724],[171.162,-23.0299],[171.037,-22.9998],[170.939,-22.968],[170.842,-22.9486],[170.745,-22.9166],[170.66,-22.8838],[170.547,-22.8274],[170.42,-22.7591],[170.321,-22.7017],[170.221,-22.6442],[170.109,-22.5873],[170.036,-22.5157],[169.95,-22.4447],[169.835,-22.3499],[169.719,-22.2298],[169.577,-22.1236],[169.491,-22.0522],[169.419,-21.9801],[169.32,-21.9092],[169.288,-21.8225],[169.215,-21.725],[169.143,-21.6401],[169.054,-21.5055],[168.996,-21.4198],[168.879,-21.261],[168.776,-21.1015],[168.705,-21.0162],[168.645,-20.8926],[168.585,-20.7815],[168.512,-20.6457],[168.396,-20.4737],[168.335,-20.3246],[168.263,-20.2012],[168.191,-20.0903],[168.16,-20.0031],[168.075,-19.8926],[168.003,-19.769],[167.943,-19.6322],[167.886,-19.5332],[167.812,-19.3716],[167.727,-19.2356],[167.68,-19.0477],[167.607,-18.8859],[167.521,-18.7118],[167.504,-18.6113],[167.486,-18.4855],[167.455,-18.3601],[167.424,-18.2473],[167.394,-18.1472],[167.35,-18.0221],[167.32,-17.9219],[167.275,-17.759],[167.245,-17.6335],[167.215,-17.5206],[167.171,-17.3955],[167.155,-17.3074],[167.059,-17.209],[166.95,-17.0982],[166.868,-16.9866],[166.81,-16.8363],[166.728,-16.7372],[166.659,-16.6251],[166.604,-16.538],[166.562,-16.4378],[166.506,-16.3],[166.45,-16.1874],[166.395,-16.0875],[166.34,-15.9749],[166.285,-15.8875],[166.27,-15.7993],[166.227,-15.6737],[166.225,-15.5599],[166.209,-15.4337],[166.193,-15.3454],[166.217,-15.2437],[166.228,-15.1296],[166.213,-15.0413],[166.262,-14.8885],[166.271,-14.6859],[166.268,-14.5594],[166.252,-14.4205],[166.25,-14.3447],[166.234,-14.1805],[166.204,-13.9913],[166.161,-13.8276],[166.154,-13.7794]]]}},{"type":"Feature","properties":{"slug":"niuafo-ou-plate","name":"Niuafo'ou Plate","family":"minor-plates","kind":"minor_tectonic_plate","source":"PB2002 (Bird 2003) via github.com/fraxen/tectonicplates"},"geometry":{"type":"Polygon","coordinates":[[[-173.836,-14.5338],[-173.905,-14.629],[-174.007,-14.7666],[-174.077,-14.8946],[-174.139,-15.015],[-174.188,-15.133],[-174.264,-15.3138],[-174.567,-15.2505],[-174.667,-15.3705],[-174.731,-15.4708],[-174.822,-15.6161],[-174.866,-15.7392],[-174.87,-15.8804],[-174.601,-15.9358],[-174.568,-16.0521],[-174.569,-16.2008],[-174.576,-16.3545],[-174.55,-16.5967],[-174.535,-16.7355],[-174.529,-16.8742],[-174.523,-17.0658],[-174.565,-17.1007],[-174.599,-17.3197],[-174.571,-17.3603],[-174.597,-17.6122],[-174.56,-17.6301],[-174.568,-17.8418],[-174.659,-18.0351],[-174.757,-18.2308],[-174.87,-18.4163],[-174.956,-18.6045],[-175.035,-18.7878],[-175.095,-19.0015],[-175.155,-19.2253],[-175.189,-19.4594],[-175.21,-19.7037],[-175.979,-19.3865],[-176.549,-19.2174],[-176.57,-18.9752],[-176.587,-18.8364],[-176.584,-18.7684],[-176.551,-18.6855],[-176.511,-18.6002],[-176.44,-18.4723],[-176.346,-18.3068],[-176.33,-18.2666],[-176.297,-18.1308],[-176.304,-18.0551],[-176.403,-17.8727],[-176.462,-17.731],[-176.532,-17.574],[-176.625,-17.3992],[-176.713,-17.2194],[-176.82,-17.0344],[-176.921,-16.8772],[-177.068,-16.7246],[-177.201,-16.5746],[-177.364,-16.437],[-177.513,-16.3196],[-177.678,-16.1769],[-177.664,-16.1065],[-177.634,-16.0236],[-177.575,-15.9611],[-177.493,-15.8989],[-177.384,-15.8066],[-177.248,-15.7096],[-177.13,-15.5594],[-176.66,-15.6041],[-176.526,-15.4894],[-176.462,-15.4194],[-176.387,-15.3117],[-176.341,-15.1836],[-176.331,-15.0501],[-176.319,-14.904],[-176.339,-14.7803],[-176.346,-14.634],[-175.865,-14.4781],[-175.309,-14.4066],[-174.754,-14.3339],[-174.083,-14.3791],[-173.836,-14.5338]]]}},{"type":"Feature","properties":{"slug":"north-andes-plate","name":"North Andes Plate","family":"minor-plates","kind":"minor_tectonic_plate","source":"PB2002 (Bird 2003) via github.com/fraxen/tectonicplates"},"geometry":{"type":"Polygon","coordinates":[[[-78.008,6.0045],[-78.0504,6.0527],[-78.0861,6.1218],[-78.1293,6.2395],[-78.1514,6.3434],[-78.1946,6.4611],[-78.265,6.5019],[-78.3356,6.5636],[-78.3997,6.6601],[-78.4428,6.7568],[-78.5419,6.8528],[-78.599,6.9423],[-78.6976,6.9965],[-78.747,7.0306],[-78.7619,7.0998],[-78.7148,7.2323],[-78.6463,7.3373],[-78.2285,7.5095],[-78.0129,7.6373],[-77.7067,7.8288],[-77.5335,8.0117],[-77.3309,8.1046],[-77.1492,8.1902],[-76.906,8.4434],[-76.684,8.7313],[-76.7013,9.0165],[-76.7056,9.3785],[-76.7033,9.7614],[-76.5944,10.09],[-76.4559,10.3285],[-76.2748,10.5744],[-76.0645,10.765],[-75.905,11.0873],[-75.6313,11.39],[-75.3703,11.5948],[-75.1228,11.7645],[-74.7964,11.9138],[-74.4764,12.0208],[-74.3066,12.2243],[-74.0577,12.3863],[-73.8738,12.7431],[-73.632,13.0583],[-73.3032,13.2898],[-72.9161,13.3675],[-72.4282,13.4097],[-71.8397,13.4647],[-71.1949,13.5029],[-70.9525,13.4376],[-70.6594,13.3101],[-70.4957,13.1623],[-70.1827,12.9296],[-69.8634,12.6685],[-69.5944,12.4496],[-69.3478,12.1751],[-69.0241,11.8437],[-68.7297,11.5126],[-68.3792,11.1736],[-68.0865,10.8145],[-67.9613,10.4995],[-68.1311,10.5111],[-68.3502,10.535],[-68.5065,10.5021],[-68.67,10.4554],[-68.9764,10.2986],[-69.1403,10.1959],[-69.2969,10.1208],[-69.5106,9.9764],[-69.6962,9.7967],[-69.8747,9.582],[-70.0812,9.3882],[-70.3584,9.1389],[-70.5145,9.0142],[-70.7271,8.8757],[-70.9251,8.8068],[-71.081,8.6609],[-71.2084,8.5707],[-71.4557,8.4528],[-71.6958,8.3417],[-71.7948,8.1953],[-71.9148,8.1047],[-72.0913,7.9025],[-72.2464,7.8189],[-72.4366,7.7003],[-72.3592,7.5677],[-72.0637,7.3232],[-72.0709,7.1976],[-72.0499,7.0301],[-71.8886,6.6809],[-71.9029,6.4646],[-71.9242,6.2622],[-72.0789,6.046],[-72.1492,5.7878],[-72.1985,5.5365],[-72.3528,5.2644],[-72.6331,5.1178],[-72.7732,4.9363],[-72.9202,4.7408],[-73.13,4.4126],[-73.3259,4.3077],[-73.5917,4.1678],[-73.7803,3.9791],[-73.815,3.8186],[-73.9265,3.5602],[-74.101,3.4204],[-74.3454,3.2944],[-74.5894,3.0219],[-74.8753,2.7912],[-75.2097,2.4976],[-75.4325,2.2811],[-75.7736,1.9319],[-75.9891,1.618],[-76.2537,1.5061],[-76.5737,1.2757],[-76.9216,1.1012],[-77.3318,0.8989],[-77.707,0.5856],[-78.0055,0.1476],[-78.1931,-0.2345],[-78.4366,-0.7481],[-78.667,-1.4209],[-78.9289,-1.9944],[-79.2253,-2.2789],[-79.4968,-2.4716],[-79.8028,-2.643],[-80.2061,-2.8826],[-80.5745,-3.0736],[-80.9772,-3.2638],[-81.3022,-3.2679],[-81.5989,-3.2445],[-81.6519,-3.0002],[-81.5318,-2.4375],[-81.5985,-1.8138],[-81.4146,-1.0955],[-81.2294,-0.2845],[-80.8866,0.4319],[-80.5738,1.0534],[-80.2917,1.5494],[-79.7913,2.0737],[-79.478,2.427],[-79.1646,2.7802],[-78.6617,3.392],[-78.3419,4.0659],[-78.08,4.8315],[-77.9101,5.5053],[-78.008,6.0045]]]}},{"type":"Feature","properties":{"slug":"north-bismarck-plate","name":"North Bismarck Plate","family":"minor-plates","kind":"minor_tectonic_plate","source":"PB2002 (Bird 2003) via github.com/fraxen/tectonicplates"},"geometry":{"type":"Polygon","coordinates":[[[153.93,-6.265],[153.823,-6.0459],[153.614,-5.7037],[153.403,-5.3611],[153.193,-5.0183],[152.927,-4.6033],[152.662,-4.1882],[152.616,-4.1301],[152.557,-4.0392],[152.478,-3.9736],[152.415,-3.903],[152.328,-3.8222],[152.226,-3.739],[152.132,-3.6658],[152.038,-3.6357],[151.987,-3.6486],[151.929,-3.6767],[151.814,-3.7201],[151.675,-3.7687],[151.563,-3.6651],[151.428,-3.7542],[151.375,-3.7062],[151.301,-3.6562],[151.25,-3.6067],[151.204,-3.6017],[151.142,-3.5871],[151.095,-3.5473],[151.021,-3.4757],[150.982,-3.419],[150.931,-3.3723],[150.879,-3.3311],[150.824,-3.3485],[150.789,-3.3294],[150.732,-3.2952],[150.683,-3.2345],[150.634,-3.1627],[150.615,-3.0849],[150.616,-3.0473],[150.56,-3.0507],[150.509,-3.0611],[150.436,-3.0926],[150.352,-3.1409],[150.249,-3.202],[150.135,-3.2744],[150.034,-3.3717],[149.913,-3.4915],[149.817,-3.6166],[149.816,-3.6176],[149.773,-3.5923],[149.717,-3.5797],[149.603,-3.5696],[149.453,-3.5443],[149.295,-3.5215],[149.089,-3.4657],[148.878,-3.3946],[148.675,-3.3058],[148.499,-3.222],[148.329,-3.1406],[148.123,-3.0263],[147.983,-2.9221],[147.816,-2.8128],[147.605,-2.8786],[147.539,-2.881],[147.478,-2.9089],[147.407,-2.962],[147.325,-3.0533],[147.241,-3.1521],[147.162,-3.261],[147.083,-3.3851],[146.999,-3.5143],[146.918,-3.641],[146.836,-3.7549],[146.415,-3.4377],[146.11,-3.4706],[145.399,-3.4851],[144.807,-3.5501],[144.368,-3.5312],[143.743,-3.4604],[143.508,-3.1559],[143.172,-3.0531],[142.936,-3.0181],[142.633,-2.9323],[142.449,-2.8136],[142.246,-2.6931],[142.394,-2.4622],[142.626,-1.9159],[142.922,-1.4535],[143.26,-1.1596],[143.808,-0.9506],[144.357,-0.7419],[145.033,-0.5341],[145.497,-0.4733],[145.919,-0.3492],[146.595,-0.2902],[147.059,-0.2935],[147.354,-0.2747],[147.859,-0.4264],[148.344,-0.4095],[148.724,-0.3919],[148.913,-0.4569],[149.27,-0.6502],[149.481,-0.8185],[149.769,-1.0045],[150.023,-1.0214],[150.344,-1.1228],[150.717,-1.224],[151.089,-1.3083],[151.427,-1.4602],[151.816,-1.6456],[152.155,-1.8647],[152.578,-2.1341],[152.916,-2.1502],[153.119,-2.2003],[153.39,-2.4357],[153.542,-2.6039],[153.711,-2.6876],[153.882,-3.041],[154.035,-3.3268],[154.256,-3.6121],[154.359,-3.9484],[154.7,-4.2829],[154.955,-4.5503],[154.992,-4.8866],[154.978,-5.2401],[154.592,-5.5805],[154.545,-5.901],[154.533,-6.4232],[154.73,-6.8581],[154.927,-7.2928],[154.54,-6.8178],[154.225,-6.5069],[153.93,-6.265]]]}},{"type":"Feature","properties":{"slug":"okhotsk-plate","name":"Okhotsk Plate","family":"minor-plates","kind":"minor_tectonic_plate","source":"PB2002 (Bird 2003) via github.com/fraxen/tectonicplates"},"geometry":{"type":"Polygon","coordinates":[[[141.883,34.2127],[141.441,34.3565],[141.104,34.4389],[140.87,34.5295],[140.44,34.631],[139.923,34.7126],[139.429,34.8599],[139.234,35.0141],[138.674,35.0337],[138.421,35.36],[138.259,35.734],[138.121,36.0267],[137.894,36.3109],[137.854,36.5997],[137.902,37.184],[137.889,37.8556],[137.848,38.4846],[137.774,38.9816],[137.845,39.4043],[138.085,39.6594],[138.352,39.8324],[138.655,40.0722],[138.655,40.4744],[138.756,40.7823],[138.475,41.103],[138.489,41.4818],[138.743,41.7693],[138.824,41.9955],[138.811,42.7664],[138.801,43.1922],[138.563,43.9389],[138.577,44.2948],[138.85,44.8113],[139.038,45.4118],[139.158,45.9466],[139.37,46.224],[139.938,46.5157],[140.553,46.9557],[141.178,47.3923],[142.023,48.0512],[142.878,48.7036],[142.761,49.2409],[142.641,49.7781],[142.521,50.3178],[142.398,50.8574],[142.541,51.6998],[142.692,52.5418],[142.784,53.0425],[142.849,53.3843],[142.409,54.0349],[142.179,54.5738],[141.943,55.1123],[141.7,55.6503],[141.451,56.1878],[141.535,56.6581],[141.621,57.1283],[141.709,57.5985],[141.8,58.0686],[141.893,58.5387],[141.988,59.0087],[142.086,59.4786],[142.187,59.9484],[142.943,60.2817],[143.715,60.6107],[144.502,60.9351],[145.306,61.2549],[146.126,61.5698],[146.963,61.8797],[146.499,62.734],[146.008,63.5867],[145.487,64.4376],[144.932,65.2865],[146.595,64.7332],[148.191,64.1621],[149.721,63.5742],[151.189,62.9707],[152.596,62.3526],[153.946,61.7209],[155.337,61.6067],[156.717,61.4785],[158.045,61.4068],[159.367,61.3222],[160.363,61.3128],[161.359,61.2961],[162.353,61.2721],[163.345,61.2409],[165.013,61.3376],[166.691,61.4138],[167.696,61.5055],[168.706,61.5898],[169.722,61.6666],[170.743,61.7358],[169.865,61.0172],[169.027,60.2932],[167.623,59.842],[166.258,59.3762],[164.93,58.8966],[164.518,58.4869],[164.115,58.076],[163.721,57.6638],[163.336,57.2505],[162.96,56.836],[162.592,56.4203],[163.34,55.817],[164.066,55.2092],[163.67,54.7786],[163.282,54.3468],[162.79,53.6249],[162.458,53.0032],[161.584,52.654],[160.945,52.1588],[160.599,51.4877],[159.877,50.8551],[159.174,50.1545],[158.644,49.8546],[158.121,49.5524],[157.568,49.1072],[157.024,48.6594],[156.353,48.1828],[155.742,47.7246],[155.141,47.2632],[154.664,46.8526],[154.195,46.44],[153.528,45.8973],[152.88,45.5293],[152.24,45.1576],[151.419,44.704],[150.877,44.447],[150.339,44.1874],[149.311,43.7205],[148.34,43.2079],[147.345,42.6851],[146.69,42.3623],[146.198,42.0762],[145.71,41.788],[145.077,41.3192],[144.454,40.847],[144.479,40.5494],[144.399,40.3668],[144.328,40.2029],[144.283,40.0672],[144.254,39.9281],[144.225,39.7667],[144.236,39.5572],[144.203,39.3737],[144.189,39.1233],[144.119,38.9086],[144.061,38.7095],[144.017,38.5356],[143.973,38.3585],[143.928,38.1655],[143.888,37.9281],[143.843,37.7097],[143.743,37.4792],[143.637,37.2899],[143.518,37.0594],[143.408,36.8604],[143.275,36.6488],[143.151,36.5195],[143.02,36.3393],[142.887,36.2636],[142.761,36.1878],[142.681,36.0642],[142.606,36.0009],[142.555,35.9438],[142.46,35.673],[142.325,35.5027],[142.221,35.3333],[142.17,35.2168],[142.067,35.1636],[142.029,34.8886],[141.992,34.6663],[141.883,34.2127]]]}},{"type":"Feature","properties":{"slug":"okinawa-plate","name":"Okinawa Plate","family":"minor-plates","kind":"minor_tectonic_plate","source":"PB2002 (Bird 2003) via github.com/fraxen/tectonicplates"},"geometry":{"type":"Polygon","coordinates":[[[128.462,25.4576],[127.907,24.969],[127.398,24.5029],[126.901,24.1011],[126.426,23.7606],[125.954,23.4977],[125.55,23.3799],[125.042,23.4009],[124.534,23.4203],[124.026,23.4381],[123.518,23.4541],[123.01,23.4686],[122.501,23.6429],[122.14,23.9492],[121.779,24.2554],[121.575,24.6914],[122.024,24.853],[122.554,25.0649],[123.182,24.8598],[123.721,24.8985],[123.755,25.0165],[124.148,25.0702],[124.705,25.1197],[124.697,25.4751],[125.159,25.5691],[125.736,25.6437],[125.663,25.927],[126.065,26.1233],[126.383,26.37],[126.477,26.5403],[126.82,26.8106],[126.745,27.0057],[126.885,27.1491],[127.417,27.4855],[127.347,27.6615],[127.599,27.7896],[128.049,28.0528],[128.557,28.401],[128.321,28.7079],[128.687,29.0321],[129.055,29.3554],[128.646,29.8931],[128.881,30.1042],[128.848,30.387],[129.032,30.5854],[128.819,31.0245],[129.059,31.2645],[129.121,31.4094],[129.442,31.7926],[129.768,32.0417],[130.185,32.0194],[130.835,31.9821],[131.284,31.8771],[131.717,31.7606],[132.03,31.4844],[132.269,31.2571],[132.581,30.9906],[132.824,30.7544],[132.63,30.4926],[132.402,30.2149],[132.073,29.8177],[131.76,29.3921],[131.628,28.9874],[131.524,28.8591],[131.467,28.7508],[131.309,28.4508],[131.097,28.3182],[130.649,28.1358],[130.523,27.7094],[130.211,27.2135],[129.785,26.6709],[129.36,26.1908],[128.978,25.8591],[128.462,25.4576]]]}},{"type":"Feature","properties":{"slug":"panama-plate","name":"Panama Plate","family":"minor-plates","kind":"minor_tectonic_plate","source":"PB2002 (Bird 2003) via github.com/fraxen/tectonicplates"},"geometry":{"type":"Polygon","coordinates":[[[-76.684,8.7313],[-76.906,8.4434],[-77.1492,8.1902],[-77.3309,8.1046],[-77.5335,8.0117],[-77.7067,7.8288],[-78.0129,7.6373],[-78.2285,7.5095],[-78.6463,7.3373],[-78.7511,7.3289],[-78.9818,7.3187],[-79.2402,7.3011],[-79.4697,7.2283],[-79.6576,7.1838],[-79.8456,7.1601],[-80.0958,7.1007],[-80.2498,7.1327],[-80.3628,7.2207],[-80.5391,7.3352],[-80.687,7.4154],[-80.7835,7.3584],[-80.8937,7.2942],[-81.0385,7.2224],[-81.1628,7.1717],[-81.3423,7.0993],[-81.4874,7.0552],[-81.5843,7.0395],[-81.741,7.0605],[-81.8886,6.9784],[-81.9436,6.9497],[-82.0896,6.9674],[-82.1252,7.008],[-82.2021,7.0408],[-82.2734,7.1288],[-82.3385,7.2513],[-82.492,7.2961],[-82.6171,7.307],[-82.6857,7.278],[-82.7482,7.2834],[-82.811,7.3026],[-82.8748,7.3664],[-83.0742,7.5917],[-83.2331,7.8485],[-83.3599,7.9276],[-83.6054,8.0444],[-83.8377,8.1819],[-84.0072,8.3003],[-84.1577,8.4738],[-84.4187,8.6367],[-84.6858,8.7717],[-85.0438,8.9372],[-85.3805,9.0891],[-85.6124,9.2033],[-85.9105,9.4234],[-86.2036,9.6836],[-86.4487,9.9383],[-86.648,10.235],[-86.2479,10.3882],[-85.969,10.4886],[-85.7164,10.5674],[-85.4349,10.6269],[-85.1238,10.6534],[-84.7462,10.5933],[-84.4241,10.5374],[-84.0727,10.4479],[-83.7824,10.3213],[-83.4648,10.2088],[-83.2085,10.0526],[-83.0213,9.8731],[-82.8019,9.7699],[-82.5246,9.5994],[-82.3126,9.5091],[-82.0802,9.4398],[-81.6542,9.4443],[-81.4692,9.5871],[-81.3063,9.7776],[-81.0792,9.9354],[-80.879,10.0579],[-80.6357,10.1539],[-80.3646,10.2712],[-80.1053,10.305],[-79.7482,10.3894],[-79.4321,10.4311],[-79.2344,10.4145],[-79.1511,10.4787],[-78.9698,10.5795],[-78.7455,10.6534],[-78.4272,10.6388],[-78.2289,10.6146],[-78.1287,10.547],[-77.9217,10.4324],[-77.6786,10.2696],[-77.4993,10.0985],[-77.2914,9.8998],[-77.0829,9.6313],[-76.9243,9.3759],[-76.7653,9.0646],[-76.684,8.7313]]]}},{"type":"Feature","properties":{"slug":"rivera-plate","name":"Rivera Plate","family":"minor-plates","kind":"minor_tectonic_plate","source":"PB2002 (Bird 2003) via github.com/fraxen/tectonicplates"},"geometry":{"type":"Polygon","coordinates":[[[-108.582,21.9047],[-108.397,21.8348],[-108.114,21.72],[-107.928,21.6861],[-107.774,21.7397],[-107.586,21.7417],[-107.393,21.7478],[-107.171,21.7522],[-107.046,21.7536],[-106.89,21.7992],[-106.862,21.7156],[-106.808,21.6403],[-106.757,21.483],[-106.624,21.3106],[-106.551,21.2355],[-106.525,21.1838],[-106.442,21.1208],[-106.381,20.8397],[-106.387,20.6379],[-106.385,20.4281],[-106.352,20.2027],[-106.271,19.9158],[-106.121,19.6437],[-105.949,19.4019],[-105.739,19.1644],[-105.546,18.9807],[-105.247,18.7619],[-105.352,18.5511],[-105.442,18.3552],[-105.51,18.1403],[-105.586,17.8808],[-106.308,17.929],[-106.318,18.0163],[-106.311,18.1198],[-106.281,18.2814],[-106.244,18.5199],[-106.527,18.5444],[-106.756,18.5899],[-107.002,18.6471],[-107.272,18.7561],[-107.523,18.8632],[-107.816,18.936],[-108.233,19.1073],[-108.198,19.2235],[-108.534,19.3837],[-108.896,19.5496],[-108.903,19.6255],[-109.16,19.8065],[-109.45,20.0271],[-109.373,20.1418],[-109.378,20.1757],[-109.319,20.2423],[-109.215,20.3973],[-109.187,20.4995],[-109.285,20.5584],[-109.261,20.6426],[-109.194,20.7392],[-109.111,20.824],[-109.013,20.949],[-108.915,21.0679],[-108.809,21.2529],[-108.977,21.347],[-108.936,21.4513],[-108.868,21.536],[-108.784,21.6428],[-108.669,21.7739],[-108.582,21.9047]]]}},{"type":"Feature","properties":{"slug":"sandwich-plate","name":"Sandwich Plate","family":"minor-plates","kind":"minor_tectonic_plate","source":"PB2002 (Bird 2003) via github.com/fraxen/tectonicplates"},"geometry":{"type":"Polygon","coordinates":[[[-29.4885,-55.0334],[-28.6466,-55.0049],[-27.6044,-55.0948],[-26.9949,-55.2319],[-26.414,-55.4244],[-25.7205,-55.8396],[-25.1492,-56.292],[-24.6963,-56.7336],[-24.2327,-57.1736],[-24.1302,-57.4253],[-23.8194,-58.195],[-23.9907,-58.9209],[-24.4559,-59.3858],[-25.0688,-59.9733],[-26.0709,-60.391],[-26.8895,-60.506],[-27.6967,-60.6171],[-27.7048,-60.4673],[-28.6771,-60.4587],[-29.598,-60.4347],[-29.8812,-60.1736],[-30.0314,-59.937],[-30.1075,-59.515],[-29.5547,-59.5138],[-29.5634,-58.8167],[-29.9509,-58.8052],[-30.0069,-58.2719],[-29.8442,-58.2619],[-29.8517,-57.5979],[-30.0692,-57.5995],[-30.1292,-57.0954],[-30.38,-57.0937],[-30.469,-56.851],[-30.7431,-56.8593],[-30.7434,-56.5699],[-30.7271,-56.511],[-30.721,-56.4492],[-30.3779,-56.4434],[-30.3338,-56.2904],[-30.3253,-56.1345],[-30.3324,-56.0517],[-30.3343,-55.9491],[-30.3263,-55.8635],[-30.3157,-55.7539],[-29.817,-55.6835],[-29.7728,-55.6048],[-29.7936,-55.5009],[-29.8147,-55.3268],[-29.7147,-55.2043],[-29.4885,-55.0334]]]}},{"type":"Feature","properties":{"slug":"shetland-plate","name":"Shetland Plate","family":"minor-plates","kind":"minor_tectonic_plate","source":"PB2002 (Bird 2003) via github.com/fraxen/tectonicplates"},"geometry":{"type":"Polygon","coordinates":[[[-56.925,-60.5647],[-56.2692,-60.7422],[-55.8097,-60.7001],[-55.0666,-60.7631],[-54.309,-60.9776],[-54.3007,-61.5102],[-55.4359,-61.6868],[-56.3056,-62.0627],[-57.3896,-62.3038],[-58.6143,-62.5533],[-60.118,-62.9452],[-61.7501,-63.2928],[-62.4198,-63.0013],[-63.2916,-62.8247],[-63.9693,-62.4224],[-63.1053,-62.11],[-62.2029,-61.8412],[-61.3323,-61.5431],[-60.6502,-61.3632],[-59.836,-61.1768],[-58.8906,-61.0818],[-58.1308,-60.9615],[-57.4938,-60.8546],[-56.925,-60.5647]]]}},{"type":"Feature","properties":{"slug":"solomon-sea-plate","name":"Solomon Sea Plate","family":"minor-plates","kind":"minor_tectonic_plate","source":"PB2002 (Bird 2003) via github.com/fraxen/tectonicplates"},"geometry":{"type":"Polygon","coordinates":[[[153.93,-6.265],[154.225,-6.5069],[154.54,-6.8178],[154.927,-7.2928],[155.454,-7.4887],[155.262,-7.6286],[154.872,-7.9624],[154.481,-8.2962],[154.087,-8.6326],[153.697,-8.9665],[153.255,-9.1861],[153.237,-8.8895],[153.17,-8.7827],[153.108,-8.684],[152.959,-8.5442],[152.685,-8.3878],[152.411,-8.2601],[152.062,-8.1036],[151.68,-7.9553],[151.307,-7.8522],[150.917,-7.7572],[150.555,-7.687],[150.173,-7.629],[149.866,-7.6122],[149.609,-7.6242],[149.334,-7.6649],[149.148,-7.6647],[148.944,-7.6069],[148.733,-7.4752],[148.587,-7.3945],[149.314,-7.0322],[149.86,-6.9394],[150.146,-6.8815],[150.663,-6.6936],[151.148,-6.4425],[151.519,-6.2103],[151.876,-5.9255],[152.257,-5.7549],[152.653,-5.6402],[153.107,-5.7407],[153.519,-5.9464],[153.93,-6.265]]]}},{"type":"Feature","properties":{"slug":"south-bismarck-plate","name":"South Bismarck Plate","family":"minor-plates","kind":"minor_tectonic_plate","source":"PB2002 (Bird 2003) via github.com/fraxen/tectonicplates"},"geometry":{"type":"Polygon","coordinates":[[[148.587,-7.3945],[148.01,-7.3124],[147.476,-7.1029],[146.956,-6.7179],[146.497,-6.5129],[146.007,-6.1123],[145.505,-5.7622],[145.007,-5.2019],[144.867,-4.9681],[144.733,-4.6972],[144.583,-4.3758],[144.416,-4.0037],[144.079,-3.7657],[143.743,-3.4604],[144.368,-3.5312],[144.807,-3.5501],[145.399,-3.4851],[146.11,-3.4706],[146.415,-3.4377],[146.836,-3.7549],[146.918,-3.641],[146.999,-3.5143],[147.083,-3.3851],[147.162,-3.261],[147.241,-3.1521],[147.325,-3.0533],[147.407,-2.962],[147.478,-2.9089],[147.539,-2.881],[147.605,-2.8786],[147.816,-2.8128],[147.983,-2.9221],[148.123,-3.0263],[148.329,-3.1406],[148.499,-3.222],[148.675,-3.3058],[148.878,-3.3946],[149.089,-3.4657],[149.295,-3.5215],[149.453,-3.5443],[149.603,-3.5696],[149.717,-3.5797],[149.773,-3.5923],[149.816,-3.6176],[149.817,-3.6166],[149.872,-3.6591],[149.938,-3.7238],[150.027,-3.752],[150.121,-3.7899],[150.192,-3.8294],[150.226,-3.8736],[150.24,-3.9027],[150.32,-3.8809],[150.447,-3.8571],[150.552,-3.8391],[150.678,-3.8182],[150.793,-3.775],[150.909,-3.7235],[150.987,-3.692],[151.095,-3.8063],[151.222,-3.7366],[151.301,-3.6562],[151.375,-3.7062],[151.428,-3.7542],[151.563,-3.6651],[151.675,-3.7687],[151.814,-3.7201],[151.929,-3.6767],[151.987,-3.6486],[152.038,-3.6357],[152.132,-3.6658],[152.226,-3.739],[152.328,-3.8222],[152.415,-3.903],[152.478,-3.9736],[152.557,-4.0392],[152.616,-4.1301],[152.662,-4.1882],[152.927,-4.6033],[153.193,-5.0183],[153.403,-5.3611],[153.614,-5.7037],[153.823,-6.0459],[153.93,-6.265],[153.519,-5.9464],[153.107,-5.7407],[152.653,-5.6402],[152.257,-5.7549],[151.876,-5.9255],[151.519,-6.2103],[151.148,-6.4425],[150.663,-6.6936],[150.146,-6.8815],[149.86,-6.9394],[149.314,-7.0322],[148.587,-7.3945]]]}},{"type":"Feature","properties":{"slug":"timor-plate","name":"Timor Plate","family":"minor-plates","kind":"minor_tectonic_plate","source":"PB2002 (Bird 2003) via github.com/fraxen/tectonicplates"},"geometry":{"type":"Polygon","coordinates":[[[120.886,-11.4925],[120.995,-10.8294],[121.033,-10.165],[120.821,-9.586],[120.61,-9.007],[120.576,-8.4096],[120.543,-7.8122],[121.253,-7.9902],[121.891,-8.0622],[122.673,-7.8529],[123.383,-7.7836],[124.235,-7.7843],[124.75,-7.644],[125.264,-7.5031],[125.761,-7.4325],[126.258,-7.3091],[126.755,-7.1852],[127.393,-7.1842],[127.854,-6.9898],[128.315,-6.7949],[128.776,-6.5648],[129.236,-6.3342],[129.839,-6.5262],[130.443,-6.7174],[131.01,-6.6799],[131.577,-6.6417],[132.133,-6.6617],[132.689,-6.681],[132.431,-6.9894],[131.867,-7.6612],[131.415,-8.2675],[130.933,-8.5625],[130.54,-8.7256],[129.861,-8.9262],[129.106,-9.0203],[128.376,-9.0955],[127.9,-9.1331],[127.43,-9.2208],[126.853,-9.3898],[126.333,-9.5964],[125.869,-9.784],[125.482,-9.984],[125.159,-10.159],[124.734,-10.39],[123.96,-10.7081],[123.217,-10.9948],[122.627,-11.1878],[121.783,-11.4118],[121.11,-11.4927],[120.886,-11.4925]]]}},{"type":"Feature","properties":{"slug":"tonga-plate","name":"Tonga Plate","family":"minor-plates","kind":"minor_tectonic_plate","source":"PB2002 (Bird 2003) via github.com/fraxen/tectonicplates"},"geometry":{"type":"Polygon","coordinates":[[[-174.985,-23.7499],[-175.691,-23.8526],[-176.356,-23.952],[-176.887,-24.0295],[-177.419,-24.1051],[-177.25,-23.7079],[-177.102,-23.4144],[-176.913,-23.0481],[-176.748,-22.7345],[-176.709,-22.5005],[-176.691,-22.2864],[-176.635,-22.2314],[-176.601,-22.0074],[-176.52,-21.8115],[-176.449,-21.6005],[-176.405,-21.4874],[-176.372,-21.3012],[-176.322,-21.1126],[-176.289,-20.9995],[-176.264,-20.8913],[-176.237,-20.7958],[-176.19,-20.655],[-176.176,-20.4939],[-176.159,-20.4234],[-176.152,-20.2647],[-176.116,-20.1289],[-176.182,-20.1056],[-176.122,-19.8843],[-176.079,-19.8141],[-176.027,-19.6508],[-175.979,-19.3865],[-175.21,-19.7037],[-175.189,-19.4594],[-175.155,-19.2253],[-175.095,-19.0015],[-175.035,-18.7878],[-174.956,-18.6045],[-174.87,-18.4163],[-174.757,-18.2308],[-174.659,-18.0351],[-174.568,-17.8418],[-174.56,-17.6301],[-174.597,-17.6122],[-174.571,-17.3603],[-174.599,-17.3197],[-174.565,-17.1007],[-174.523,-17.0658],[-174.529,-16.8742],[-174.535,-16.7355],[-174.55,-16.5967],[-174.576,-16.3545],[-174.569,-16.2008],[-174.568,-16.0521],[-174.601,-15.9358],[-174.87,-15.8804],[-174.866,-15.7392],[-174.822,-15.6161],[-174.731,-15.4708],[-174.667,-15.3705],[-174.567,-15.2505],[-174.264,-15.3138],[-174.188,-15.133],[-174.139,-15.015],[-174.077,-14.8946],[-174.007,-14.7666],[-173.905,-14.629],[-173.836,-14.5338],[-173.407,-14.584],[-173.273,-14.6967],[-173.13,-14.7848],[-172.939,-14.8669],[-172.774,-15.033],[-172.602,-15.1514],[-172.428,-15.3734],[-172.355,-15.5611],[-172.331,-15.732],[-172.3,-16.041],[-172.307,-16.3319],[-172.311,-16.7157],[-172.335,-16.9629],[-172.374,-17.2706],[-172.445,-17.6766],[-172.54,-17.9348],[-172.591,-18.1523],[-172.698,-18.4832],[-172.786,-18.7769],[-172.874,-19.071],[-172.97,-19.4608],[-173.053,-19.7788],[-173.218,-20.204],[-173.403,-20.5862],[-173.551,-20.8926],[-173.703,-21.2476],[-173.818,-21.5263],[-173.952,-21.9153],[-174.139,-22.2898],[-174.323,-22.6169],[-174.489,-22.9058],[-174.663,-23.2205],[-174.842,-23.5126],[-174.985,-23.7499]]]}},{"type":"Feature","properties":{"slug":"woodlark-plate","name":"Woodlark Plate","family":"minor-plates","kind":"minor_tectonic_plate","source":"PB2002 (Bird 2003) via github.com/fraxen/tectonicplates"},"geometry":{"type":"Polygon","coordinates":[[[138.972,-1.6075],[138.793,-1.1594],[139.257,-1.39],[139.805,-1.5574],[140.226,-1.7674],[140.837,-1.8933],[141.195,-2.1667],[141.594,-2.2721],[141.868,-2.3984],[142.246,-2.6931],[142.449,-2.8136],[142.633,-2.9323],[142.936,-3.0181],[143.172,-3.0531],[143.508,-3.1559],[143.743,-3.4604],[144.079,-3.7657],[144.416,-4.0037],[144.583,-4.3758],[144.733,-4.6972],[144.867,-4.9681],[145.007,-5.2019],[145.505,-5.7622],[146.007,-6.1123],[146.497,-6.5129],[146.956,-6.7179],[147.476,-7.1029],[148.01,-7.3124],[148.587,-7.3945],[148.733,-7.4752],[148.944,-7.6069],[149.148,-7.6647],[149.334,-7.6649],[149.609,-7.6242],[149.866,-7.6122],[150.173,-7.629],[150.555,-7.687],[150.917,-7.7572],[151.307,-7.8522],[151.68,-7.9553],[152.062,-8.1036],[152.411,-8.2601],[152.685,-8.3878],[152.959,-8.5442],[153.108,-8.684],[153.17,-8.7827],[153.237,-8.8895],[153.255,-9.1861],[153.697,-8.9665],[154.087,-8.6326],[154.481,-8.2962],[154.872,-7.9624],[155.262,-7.6286],[155.454,-7.4887],[155.812,-7.7059],[156.047,-7.8838],[156.296,-8.174],[156.331,-8.3849],[156.361,-8.5984],[156.39,-8.8094],[156.428,-9.1788],[156.35,-9.2055],[156.258,-9.225],[156.101,-9.2685],[156.124,-9.3814],[156.066,-9.4052],[156.086,-9.5384],[155.989,-9.558],[155.979,-9.5481],[155.908,-9.5546],[155.813,-9.5715],[155.797,-9.5265],[155.708,-9.5484],[155.599,-9.5807],[155.577,-9.5307],[155.473,-9.5679],[155.436,-9.493],[155.347,-9.5324],[155.291,-9.5562],[155.172,-9.6214],[155.172,-9.7299],[155.07,-9.7949],[154.951,-9.8348],[154.856,-9.839],[154.849,-9.723],[154.719,-9.763],[154.596,-9.8106],[154.379,-9.8722],[154.218,-9.9126],[154.219,-10.2792],[154.169,-10.323],[154.125,-10.3313],[154.01,-10.3407],[153.847,-10.3254],[153.752,-10.3446],[153.552,-10.355],[153.362,-10.3981],[153.174,-10.3981],[152.855,-10.3844],[152.849,-10.0881],[152.651,-10.0777],[152.547,-10.056],[152.413,-10.0473],[152.223,-10.039],[152.214,-9.9453],[152.086,-9.944],[152.024,-9.942],[151.918,-9.9303],[151.838,-9.9056],[151.834,-9.7611],[151.654,-9.76],[151.545,-9.6759],[151.005,-9.6814],[150.466,-9.6869],[150.245,-9.9453],[149.676,-9.8009],[149.133,-9.3526],[148.751,-9.5697],[148.207,-9.2118],[147.539,-8.8865],[146.954,-8.5983],[146.918,-8.4104],[146.398,-8.1025],[145.666,-7.6609],[145.249,-7.3736],[144.74,-7.0234],[144.136,-6.8131],[143.569,-6.5582],[142.956,-6.2947],[142.231,-5.9864],[141.483,-5.7274],[140.847,-5.145],[140.798,-5.1096],[140.566,-4.5857],[140.328,-4.045],[140.07,-3.6445],[139.809,-3.1778],[139.439,-2.5777],[139.205,-2.0926],[138.972,-1.6075]]]}},{"type":"Feature","properties":{"slug":"yangtze-plate","name":"Yangtze Plate","family":"minor-plates","kind":"minor_tectonic_plate","source":"PB2002 (Bird 2003) via github.com/fraxen/tectonicplates"},"geometry":{"type":"Polygon","coordinates":[[[114.0,18.4377],[113.759,18.863],[113.517,19.288],[113.274,19.7126],[113.03,20.1369],[112.784,20.5609],[112.537,20.9845],[112.288,21.4078],[112.038,21.8307],[111.175,22.1652],[110.308,22.4951],[109.436,22.8203],[108.561,23.1408],[107.681,23.4564],[107.132,24.0524],[106.578,24.6464],[106.018,25.2383],[105.72,25.7969],[105.419,26.3549],[105.182,27.1169],[104.942,27.8784],[105.17,28.3343],[105.399,28.7898],[106.262,29.2543],[107.133,29.7132],[108.043,30.0049],[108.959,30.2903],[109.88,30.5693],[110.806,30.8418],[111.209,31.2517],[111.615,31.6603],[111.633,32.2519],[111.651,32.8434],[112.274,33.4649],[112.905,34.0833],[113.25,34.469],[113.599,34.8538],[114.28,34.8426],[114.96,34.8277],[115.746,34.2128],[116.521,33.593],[117.284,32.9684],[117.719,32.5725],[118.15,32.1751],[118.577,31.7763],[119.001,31.376],[119.711,31.1994],[120.368,31.3919],[121.027,31.581],[121.611,31.5571],[122.195,31.5305],[122.78,31.5022],[123.364,31.4713],[123.867,31.3257],[124.487,31.2501],[125.03,31.1957],[125.729,31.2017],[126.404,31.2274],[127.054,31.273],[127.655,31.362],[128.258,31.4706],[128.812,31.6013],[129.442,31.7926],[129.121,31.4094],[129.059,31.2645],[128.819,31.0245],[129.032,30.5854],[128.848,30.387],[128.881,30.1042],[128.646,29.8931],[129.055,29.3554],[128.687,29.0321],[128.321,28.7079],[128.557,28.401],[128.049,28.0528],[127.599,27.7896],[127.347,27.6615],[127.417,27.4855],[126.885,27.1491],[126.745,27.0057],[126.82,26.8106],[126.477,26.5403],[126.383,26.37],[126.065,26.1233],[125.663,25.927],[125.736,25.6437],[125.159,25.5691],[124.697,25.4751],[124.705,25.1197],[124.148,25.0702],[123.755,25.0165],[123.721,24.8985],[123.182,24.8598],[122.554,25.0649],[122.024,24.853],[121.575,24.6914],[121.335,24.963],[120.981,24.6536],[120.546,23.9788],[120.36,23.1983],[120.394,22.5813],[120.425,22.0434],[120.452,21.6321],[120.036,21.9509],[119.618,22.2686],[118.958,22.0031],[118.484,22.1067],[118.045,21.4983],[117.864,20.7199],[117.504,20.3301],[117.145,19.9395],[116.319,19.8153],[115.494,19.6873],[114.926,19.3405],[114.419,18.8261],[114.0,18.4377]]]}},{"type":"Feature","properties":{"slug":"mid-atlantic-ridge","name":"Mid-Atlantic Ridge","family":"named-boundaries","kind":"plate_boundary","source":"PB2002 (Bird 2003) via github.com/fraxen/tectonicplates; pairs + bbox in families/data/named-boundaries.json"},"geometry":{"type":"MultiLineString","coordinates":[[[-46.7658,15.4506],[-46.6476,16.0187],[-46.5287,16.5868],[-46.5887,16.6067],[-46.4982,17.0865],[-46.4072,17.5663],[-46.5202,17.5883],[-46.3907,18.422],[-46.3182,18.4215],[-46.2243,18.9351],[-46.1844,18.9319],[-46.0932,19.3773],[-46.0015,19.8227],[-45.9398,19.8022],[-45.7737,20.618],[-45.557,20.5958],[-45.4187,21.2217],[-45.5152,21.2465],[-45.3853,21.8223],[-45.2483,21.8064],[-45.1574,22.3898],[-45.0658,22.9731],[-45.0239,22.9632],[-44.9245,23.6459],[-45.6993,23.7836],[-46.4758,23.9174],[-46.1961,24.5974],[-46.1188,24.5904],[-45.7915,25.2542],[-45.4988,25.1918],[-45.296,25.6367],[-45.0917,26.0814],[-44.8989,26.0554],[-44.8163,26.27],[-44.8666,26.2796],[-44.687,26.7668],[-44.5059,27.2538],[-44.3831,27.2355],[-44.2031,27.6713],[-44.0217,28.1069],[-43.9423,28.1049],[-43.5632,28.8108],[-43.4828,28.8021],[-43.0882,29.4691],[-43.0373,29.4714],[-42.7286,30.0697],[-42.1364,29.9733],[-41.7857,30.6056],[-41.4304,31.237],[-41.1836,31.1941],[-40.71,31.8173],[-40.5526,31.8025],[-40.1293,32.444],[-39.6999,33.0841],[-39.586,33.0673],[-39.3993,33.7676],[-38.5972,33.637],[-37.7975,33.5012],[-37.6776,33.7362],[-37.5328,33.7052],[-37.3364,34.1362],[-37.2446,34.1238],[-37.0461,34.5669],[-36.8618,34.5542],[-36.7846,34.7122],[-36.6231,34.6929],[-36.3731,35.2798],[-35.5584,35.1477],[-34.7464,35.0102],[-34.4595,35.6246],[-34.3354,35.616],[-34.1424,36.0794],[-34.0568,36.0713],[-33.9816,36.2212],[-33.7717,36.185],[-33.5947,36.7422],[-33.3135,36.691],[-33.2246,36.9408],[-33.0049,36.9159],[-32.9431,37.0654],[-32.7077,37.0333],[-32.6456,37.1763],[-32.3946,37.1369],[-32.2826,37.3915],[-31.5164,37.2823],[-31.3713,37.7049],[-31.0706,37.6802],[-30.6055,38.4025],[-30.4301,38.3883],[-30.1714,38.888],[-29.9091,39.3871],[-29.7698,39.3996]],[[-46.7658,15.4506],[-45.9475,15.3604],[-45.13,15.2673],[-45.1362,14.6467],[-45.1423,14.0261],[-45.0614,13.9917],[-45.0493,13.3358],[-45.0373,12.6799],[-44.262,12.6256],[-44.2775,12.1008],[-43.8845,12.0854],[-43.9026,11.5062],[-43.9206,10.927],[-43.4482,10.9055],[-42.9758,10.8832],[-42.5035,10.8602],[-42.0313,10.8365],[-41.5592,10.8121],[-41.0871,10.7869],[-41.0829,9.9794],[-40.8615,9.9727],[-40.8648,9.3894],[-40.6402,9.3728],[-40.6522,8.8406],[-40.1196,8.8153],[-40.1408,8.2154],[-39.6608,8.1973],[-39.1808,8.1786],[-38.7009,8.1593],[-38.221,8.1395],[-38.2065,7.7033],[-37.5356,7.6794],[-36.8648,7.6543],[-36.8514,7.4009],[-36.0577,7.3634],[-36.0469,7.0232],[-35.3665,6.9349],[-35.3629,6.6139],[-34.4937,6.6158],[-33.6244,6.6176],[-33.6203,6.1042],[-33.5136,6.0762],[-33.5068,5.6495],[-32.978,5.6472],[-32.9198,4.8038],[-32.8617,3.9604],[-32.387,3.9859],[-31.9122,4.0111],[-31.4374,4.0361],[-30.9625,4.0608],[-30.8868,3.2548],[-30.8113,2.4487],[-30.7358,1.6427],[-30.0269,1.6071],[-29.9203,0.7974],[-29.2096,0.8489],[-28.3465,0.953],[-27.8309,1.0075],[-27.3153,1.0618],[-26.474,1.1592],[-26.2887,0.4981],[-25.6591,0.5562],[-25.0294,0.6141],[-24.8206,-0.2446],[-24.6117,-1.1033],[-24.0507,-1.0339],[-23.4897,-0.9643],[-22.9355,-0.8804],[-22.3813,-0.7964],[-21.5437,-0.6802],[-21.0168,-0.5885],[-20.4899,-0.4967],[-19.6747,-0.3334],[-18.8497,-0.1761],[-18.3693,-0.0728],[-17.8889,0.0306],[-17.3229,0.1496],[-16.7569,0.2686],[-16.4982,0.2989],[-16.2522,-0.5562],[-16.0372,-0.5196],[-15.8406,-1.1432],[-15.5652,-1.0732],[-15.4103,-1.4934],[-14.6594,-1.3009],[-13.9087,-1.1082],[-13.158,-0.9153],[-12.9298,-1.5072],[-12.7014,-2.0991],[-12.1641,-1.9454],[-11.9989,-2.4003],[-11.8336,-2.855],[-12.0293,-3.0135],[-11.8975,-3.4927],[-11.7655,-3.972],[-12.0968,-4.103],[-12.0386,-4.5874],[-12.1445,-4.6088],[-12.0185,-5.0256],[-11.6044,-4.9423],[-11.5161,-5.415],[-11.1669,-5.3771],[-11.0222,-5.9302],[-11.2671,-6.0202],[-11.1805,-6.7554],[-11.9933,-6.9608],[-12.8068,-7.1648],[-13.621,-7.3674],[-13.4894,-7.8891],[-13.3574,-8.4107],[-13.1911,-8.374],[-13.023,-9.2252],[-13.2482,-9.2765],[-13.1663,-9.7944],[-13.3151,-9.8247],[-13.1736,-10.6231],[-13.0313,-11.4215],[-13.5243,-11.5387],[-14.0177,-11.6551],[-14.5115,-11.7706],[-15.0058,-11.8853],[-14.9077,-12.339],[-14.8611,-12.3196],[-14.791,-12.6562],[-14.5501,-12.577],[-14.4102,-13.2181],[-14.5996,-13.2655],[-14.5391,-13.7366],[-14.4784,-14.2077],[-13.6428,-14.0355],[-13.4352,-14.8494],[-13.2261,-15.6632],[-13.3835,-15.6882],[-13.2386,-16.2117],[-13.7702,-16.3229],[-14.3024,-16.4327],[-14.2381,-16.7645],[-14.3688,-16.777],[-14.2242,-17.3859],[-14.0786,-17.9946],[-13.5189,-17.893],[-12.9598,-17.7898],[-12.8598,-18.2872],[-12.7593,-18.7845],[-12.4772,-18.7465],[-12.3703,-19.3409],[-12.2626,-19.9353],[-11.9446,-19.8248],[-11.8522,-20.2784],[-11.9708,-20.2991],[-11.7632,-21.1759],[-12.0066,-21.2091],[-11.8495,-21.7351],[-11.9359,-21.7522],[-11.8192,-22.1534],[-12.3643,-22.2671],[-12.9102,-22.379],[-12.8511,-22.6298],[-13.3398,-22.7302],[-13.8293,-22.8292],[-13.6637,-23.5442],[-13.5703,-23.5143],[-13.4259,-24.1458],[-13.2801,-24.7771],[-13.8106,-24.8874],[-13.6632,-25.648],[-14.0485,-25.7376],[-13.8156,-26.5856],[-13.6896,-26.5644],[-13.4823,-27.4429],[-13.2716,-28.321],[-12.7456,-28.2133],[-12.5326,-28.9409]],[[-12.5326,-28.9409],[-13.2624,-29.098],[-13.9902,-29.251],[-13.8201,-29.8515],[-13.7159,-29.828],[-13.5428,-30.4913],[-13.3666,-31.1567],[-13.4988,-31.1791],[-13.3714,-31.6612],[-13.2453,-32.1432],[-13.883,-32.2745],[-14.5229,-32.4002],[-14.4461,-32.8976],[-14.3668,-33.4989],[-14.7018,-33.5691],[-14.5151,-34.0434],[-15.2741,-34.2376],[-15.0834,-34.6898],[-15.2659,-34.7702],[-15.1,-35.1824],[-16.0274,-35.3431],[-16.9619,-35.4994],[-17.7032,-35.6633],[-17.4191,-36.0684],[-17.0847,-36.4724],[-17.4404,-36.5623],[-17.3331,-36.9436],[-17.2335,-37.3744],[-17.5331,-37.4724],[-17.3878,-38.0251],[-17.0505,-38.4467],[-16.7985,-38.4012],[-16.361,-38.5584],[-16.0438,-38.8834],[-15.9651,-39.3516],[-15.9224,-39.6807],[-16.4146,-39.79],[-16.4698,-40.2729],[-16.8674,-40.3663],[-16.8166,-40.7897],[-16.7436,-41.1763],[-16.678,-41.5191],[-16.3316,-41.8065],[-16.2146,-42.3377],[-16.4299,-42.8677]],[[-16.4299,-42.8677],[-16.3296,-43.387],[-16.2445,-43.6835],[-16.0856,-44.1319],[-15.9242,-44.58],[-15.7603,-45.0279],[-15.5939,-45.4756],[-14.894,-45.3714],[-14.7155,-45.8985],[-13.81,-45.7972],[-13.5715,-46.6878],[-13.3251,-47.5778],[-12.6102,-47.4714],[-11.8982,-47.3605],[-11.1892,-47.2452],[-10.4834,-47.1256],[-10.2958,-47.6487],[-10.1045,-48.1715],[-9.9093,-48.6939],[-9.7099,-49.216],[-8.9225,-49.0912],[-8.1391,-48.961],[-8.0221,-49.2826],[-7.9609,-49.2702],[-7.6377,-50.0587],[-7.4328,-50.0013],[-7.1585,-50.6096],[-6.1598,-50.4171],[-5.1694,-50.2161],[-4.9433,-50.6749],[-4.7128,-51.1333],[-4.4776,-51.5912],[-4.2377,-52.0486],[-3.9556,-51.9788],[-3.4469,-52.764],[-2.9195,-53.5469],[-2.3723,-54.3274],[-1.3822,-54.0533],[-0.9147,-54.4535],[-0.4379,-54.8518]],[[-15.7156,69.5499],[-15.4245,69.8397],[-15.0245,70.1685],[-14.7339,70.3891],[-14.4479,70.3539],[-14.2367,70.5174],[-14.0364,70.7261],[-13.8924,70.8158],[-13.3957,70.7716],[-12.9046,70.6977],[-12.2549,70.563],[-12.0094,70.7065],[-11.6689,70.8763],[-11.3563,71.0519],[-11.8649,71.1472],[-12.3591,71.2522],[-12.1057,71.3958],[-11.7138,71.5878],[-11.3695,71.7744],[-10.356,71.6145],[-9.3934,71.4561],[-7.9412,71.2166],[-7.3747,71.1248],[-6.8999,71.2816],[-6.3327,71.3872],[-5.9171,71.4646],[-5.6985,71.5398],[-5.1573,71.431],[-4.7412,71.3332],[-4.3604,71.4324],[-4.0724,71.4905],[-3.6923,71.398],[-2.9366,71.5002],[-2.3989,71.5917],[-1.7425,71.6851],[-0.975,71.8151],[-0.3925,71.9105],[0.2811,72.0148],[0.9007,72.1337],[1.9906,72.3278],[2.781,72.4331],[3.6094,72.5801],[4.2999,72.697],[4.9696,72.8205],[5.586,72.9243],[6.0551,73.0188],[6.7817,73.1448],[7.0707,73.2035],[7.391,73.2524],[7.7912,73.3712],[8.1502,73.4272],[8.3858,73.4853],[8.6521,73.5335],[8.838,73.6282],[8.957,73.7064],[9.0369,73.7585],[9.1396,73.882],[9.2029,73.9795],[9.2077,74.0964],[9.1526,74.2327],[9.1326,74.3772],[8.984,74.5426],[8.781,74.7631],[8.6304,74.9462],[8.4603,75.0755],[8.2122,75.1882],[7.9464,75.3817],[7.8416,75.5273],[7.6033,75.7289],[7.5929,75.9807],[7.5152,76.1167],[7.4804,76.279],[7.5571,76.4307],[7.563,76.6015],[7.6155,76.7985],[7.6223,76.9692],[7.672,77.1484],[7.809,77.4791],[7.88,77.7119],[7.7712,77.9112]],[[-29.7698,39.3996],[-29.6089,39.9928],[-29.6127,40.0328],[-29.5802,40.0788],[-29.5881,40.1065],[-29.6565,40.1068],[-29.6398,40.2082],[-29.6313,40.2851],[-29.5984,40.3835],[-29.5695,40.4695],[-29.577,40.5495],[-29.5605,40.5987],[-29.346,40.5699],[-29.2999,40.705],[-29.2777,40.871],[-29.256,40.9847],[-29.242,41.1261],[-29.2286,41.2153],[-29.3223,41.2467],[-29.292,41.3849],[-29.2452,41.52],[-29.206,41.6828],[-29.2003,41.7997],[-29.1616,41.9101],[-29.2606,41.9294],[-29.242,42.0831],[-29.2449,42.1754],[-29.2233,42.2368],[-29.2226,42.2891],[-29.4347,42.2905],[-29.3918,42.4133],[-29.3696,42.5271],[-29.3394,42.613],[-29.3177,42.6744],[-29.3214,42.7145],[-29.3715,42.724],[-29.3492,42.8378],[-29.3268,42.9515],[-29.3175,43.0284],[-29.3168,43.0807],[-29.1736,43.0796],[-29.0914,43.2082],[-29.0079,43.389],[-28.9339,43.4929],[-28.8845,43.6278],[-28.8405,43.6981],[-28.7964,43.7684],[-28.5237,43.768],[-28.5131,43.8448],[-28.4809,43.9305],[-28.4827,44.0229],[-28.4549,44.0963],[-28.4364,44.1453],[-28.4349,44.1976],[-28.3666,44.1843],[-28.32,44.3067],[-28.2825,44.4046],[-28.2574,44.518],[-28.215,44.6281],[-28.1676,44.7505],[-28.1438,44.8116],[-28.1421,44.8639],[-28.1057,44.9094],[-28.1575,44.9196],[-28.1385,44.9685],[-28.1146,45.0296],[-28.1002,45.0663],[-28.0763,45.1274],[-27.9945,45.0983],[-27.9877,45.1628],[-27.9857,45.2151],[-27.979,45.2796],[-27.9721,45.3441],[-27.9374,45.3373],[-27.9354,45.3896],[-27.9382,45.4296],[-27.9236,45.4663],[-27.8714,45.4561],[-27.8616,45.4805],[-27.8644,45.5206],[-27.877,45.5362],[-27.8246,45.5259],[-27.7952,45.5992],[-27.7734,45.7003],[-27.7592,45.8293],[-27.7394,45.8782],[-27.6994,45.8835],[-27.6971,45.9358],[-27.6773,45.9846],[-27.602,45.983],[-27.5847,46.0719],[-27.5723,46.1486],[-27.5649,46.2131],[-27.512,46.2027],[-27.4893,46.3037],[-27.4868,46.356],[-27.4717,46.485],[-27.4463,46.6383],[-27.4437,46.6906],[-27.436,46.7551],[-27.3775,46.7568],[-27.3774,46.8491],[-27.3466,46.9223],[-27.3336,46.999],[-27.3819,47.114],[-27.4407,47.2047],[-27.4741,47.264],[-27.4612,47.3406],[-27.4585,47.3929],[-27.4636,47.4731],[-27.4429,47.5219],[-27.448,47.602],[-27.4635,47.6578],[-27.5644,47.6508],[-27.5905,47.7746],[-27.6218,47.8861],[-27.6351,47.9942],[-27.6536,48.09],[-27.7036,48.205],[-27.7118,48.3252],[-27.7306,48.421],[-27.7494,48.5169],[-27.7602,48.5848],[-27.8895,48.6089],[-28.0108,48.605],[-28.0353,48.6885],[-28.0868,48.8034],[-28.1622,48.9093],[-28.2058,48.9962],[-28.2631,49.0987],[-28.3174,49.1611],[-28.353,49.2201],[-28.4262,49.2858],[-28.4518,49.3693],[-28.4861,49.4806],[-28.5446,49.583],[-28.5619,49.6386],[-28.7183,49.6528],[-28.8181,49.657],[-28.8686,49.7314],[-28.8952,49.8148],[-28.96,49.9047],[-28.9868,49.988],[-28.9947,50.0681],[-29.0217,50.1515],[-29.1265,50.1954],[-29.1982,50.2206],[-29.3218,50.3199],[-29.4266,50.4159],[-29.5081,50.4686],[-29.5368,50.4995],[-29.6619,50.5984],[-29.768,50.6941],[-29.8309,50.7435],[-29.8746,50.7897],[-29.9085,50.8605],[-29.9425,50.9313],[-29.9815,50.9898],[-29.9765,51.1067],[-30.001,51.2544],[-29.9961,51.4236],[-30.001,51.6205],[-30.006,51.7652],[-30.011,51.8575],[-30.0361,51.9528],[-30.0262,52.0297],[-30.3764,52.0568],[-30.8074,52.0945],[-31.0579,52.1048],[-31.2684,52.1089],[-31.2527,52.2628],[-31.2651,52.3427],[-31.2573,52.4197],[-31.5817,52.4649],[-31.866,52.5038],[-32.0535,52.516],[-32.3589,52.5564],[-32.6486,52.581],[-32.857,52.5946],[-33.0204,52.6151],[-33.3354,52.6281],[-33.7119,52.6477],[-34.1745,52.663],[-34.5719,52.6822],[-34.9248,52.708],[-34.8837,52.7036],[-35.0107,52.7044],[-35.1376,52.7051],[-35.1561,52.8611],[-35.1613,52.9901],[-35.1837,53.1336],[-35.1828,53.2105],[-35.3248,53.238],[-35.2818,53.3875],[-35.2565,53.4747],[-35.2457,53.5121],[-35.4517,53.5459],[-35.395,53.6684],[-35.3272,53.8282],[-35.2698,53.9507],[-35.2012,54.1105],[-35.1469,54.2204],[-35.121,54.3076],[-35.3132,54.3269],[-35.4878,54.3313],[-35.4123,54.5161],[-35.3651,54.6781],[-35.289,54.786],[-35.2739,54.9127],[-35.212,54.9707],[-35.3386,54.9959],[-35.2508,55.1412],[-35.1732,55.3259],[-35.0804,55.4835],[-34.9717,55.6909],[-34.9006,55.7738],[-34.8774,55.8485],[-34.6376,55.8119],[-34.6203,55.9386],[-34.5583,56.0608],[-34.5104,56.2101],[-34.4927,56.3368],[-34.4604,56.4363],[-34.4402,56.4985],[-34.346,56.502],[-34.3214,56.5766],[-34.2474,56.6592],[-34.2185,56.7462],[-34.0724,56.7388],[-34.043,56.7799],[-34.0035,56.8274],[-33.9781,56.9019],[-33.7961,56.8833],[-33.6824,56.8715],[-33.5871,56.8745],[-33.5662,57.001],[-33.5354,57.088],[-33.509,57.1625],[-33.4966,57.2643],[-33.3773,57.2647],[-33.2031,57.2849],[-33.0703,57.4512],[-33.0104,57.548],[-32.9641,57.6076],[-32.9177,57.6671],[-32.8065,57.6422],[-32.7082,57.7735],[-32.6188,57.88],[-32.4918,57.9566],[-32.4724,58.0062],[-32.2805,57.9979],[-32.1225,58.1484],[-31.9835,58.2492],[-31.8723,58.3402],[-31.7996,58.3967],[-31.7451,58.4683],[-31.556,58.4466],[-31.4274,58.5743],[-31.3031,58.6896],[-31.178,58.8048],[-31.0392,58.8923],[-30.977,58.9759],[-30.7911,58.9408],[-30.6466,59.0925],[-30.4527,59.2383],[-30.3055,59.3897],[-30.163,59.5286],[-30.0429,59.6182],[-29.8495,59.7508],[-29.6362,59.8678],[-29.5075,59.9692],[-29.3717,60.0827]],[[-15.7156,69.5499],[-16.0335,69.2647],[-16.2627,69.0379],[-16.4874,68.8084],[-17.1537,68.8649],[-17.3917,68.6995],[-17.8291,68.3998],[-18.2203,68.0662],[-18.4899,67.7376],[-18.7562,67.4434],[-19.0988,67.0581],[-18.118,66.9337],[-18.2473,66.7807],[-17.4735,66.6852],[-17.7178,66.3645],[-16.5068,66.203],[-16.6561,65.9435],[-16.8594,65.6773],[-17.025,65.3793],[-17.141,64.9952],[-17.3675,64.7367],[-17.8218,64.4892],[-18.6261,64.1823],[-19.0407,63.9849],[-19.2377,63.8625],[-20.0967,63.9494],[-20.7313,64.0171],[-21.2976,64.0672],[-22.0656,63.9224],[-22.5374,63.8361],[-22.872,63.7673],[-23.0586,63.6498],[-23.3303,63.6508],[-23.4873,63.5682],[-23.7405,63.4737],[-24.0095,63.3551],[-24.2547,63.2297],[-24.5193,63.1102],[-24.7207,62.9922],[-24.8881,62.9238],[-25.0351,62.8003],[-25.1564,62.71],[-25.3112,62.6137],[-25.4487,62.62],[-25.6435,62.5031],[-25.8748,62.3751],[-26.1072,62.2373],[-26.3089,62.105],[-26.5265,61.9392],[-26.768,61.8252],[-27.0316,61.6654],[-27.2257,61.532],[-27.3888,61.3976],[-27.5817,61.2519],[-27.8545,61.0664],[-28.0237,60.9563],[-28.1924,60.8483],[-28.4077,60.7045],[-28.6416,60.5661],[-28.8286,60.4186],[-28.9266,60.3334],[-29.0285,60.3399],[-29.118,60.2731],[-29.2245,60.1678],[-29.3717,60.0827]]]}},{"type":"Feature","properties":{"slug":"east-pacific-rise","name":"East Pacific Rise","family":"named-boundaries","kind":"plate_boundary","source":"PB2002 (Bird 2003) via github.com/fraxen/tectonicplates; pairs + bbox in families/data/named-boundaries.json"},"geometry":{"type":"MultiLineString","coordinates":[[[-105.586,17.8808],[-105.399,17.7679],[-105.367,17.0308],[-105.398,16.2605],[-105.357,15.5576],[-105.32,15.1076],[-104.69,15.2745],[-104.563,14.6722],[-104.437,14.0698],[-104.181,13.3284],[-103.927,12.5868],[-103.772,11.8904],[-103.875,11.8723],[-103.807,11.4045],[-103.739,10.9366],[-103.628,10.2746],[-103.598,10.1232],[-104.296,10.0171],[-104.296,9.1747],[-104.258,8.4557],[-104.229,8.34],[-103.595,8.3705],[-102.961,8.3999],[-102.81,7.7908],[-102.659,7.1817],[-102.558,6.3553],[-102.457,5.529],[-102.32,4.6533],[-102.184,3.7775],[-102.259,3.7507],[-102.199,3.4582],[-102.219,3.2387]],[[-102.319,-0.0155],[-102.397,-0.5032],[-102.524,-1.2828],[-102.399,-1.2834],[-102.462,-1.5327],[-102.307,-1.5959],[-102.402,-1.9075],[-102.621,-1.9061],[-102.687,-2.4357],[-102.754,-2.9339],[-102.566,-2.9357],[-102.571,-3.4347],[-102.735,-4.0564],[-103.637,-3.9509],[-104.539,-3.8444],[-104.699,-4.1516],[-105.38,-4.0785],[-105.544,-4.5694],[-106.253,-4.4939],[-106.45,-5.0432],[-106.587,-5.6238],[-106.741,-5.6199],[-106.752,-6.0187],[-106.845,-6.0162],[-106.95,-6.4428],[-107.441,-6.3667],[-107.607,-6.7592],[-107.653,-7.1859],[-107.88,-7.5141],[-108.063,-8.2401],[-108.192,-8.3569],[-108.32,-9.1448],[-109.038,-9.0354],[-109.756,-8.9245],[-109.857,-9.6766],[-110.071,-9.6651],[-110.218,-10.0804],[-110.292,-10.8017],[-110.447,-10.8224],[-110.485,-11.3942],[-110.675,-11.4724],[-110.926,-11.9684],[-111.077,-12.7417],[-110.892,-12.7553],[-111.007,-13.4108],[-111.191,-13.3964],[-111.266,-13.5413],[-111.846,-13.4645],[-112.426,-13.3863],[-112.439,-13.8646],[-112.581,-14.0619],[-112.613,-14.718],[-112.766,-14.7038],[-112.869,-15.2478],[-112.973,-15.7917],[-113.066,-16.3513],[-112.973,-16.3609],[-113.165,-16.6703],[-113.041,-16.6834],[-113.241,-17.0515],[-113.117,-17.065],[-113.329,-17.5211],[-113.174,-17.5384],[-113.388,-17.9938],[-113.264,-18.0081],[-113.383,-18.4442],[-113.52,-18.7579],[-113.364,-18.7766],[-113.623,-19.2852],[-113.498,-19.3006],[-113.697,-19.9675],[-113.796,-20.321],[-113.931,-20.5745],[-114.087,-20.5993],[-114.229,-21.1213],[-114.318,-21.5636],[-114.379,-21.627],[-114.421,-22.1145]],[[-114.421,-22.1145],[-114.505,-22.1961],[-114.498,-22.5426],[-114.567,-23.0236],[-114.875,-23.0396],[-114.962,-23.1789],[-115.183,-23.237],[-115.254,-23.3975],[-115.599,-23.4684],[-115.424,-23.8844],[-115.402,-24.0174],[-115.482,-24.1051],[-115.912,-24.2418],[-115.968,-24.3829],[-116.184,-24.4583],[-116.225,-24.5558],[-116.099,-24.8475],[-116.49,-25.172],[-116.353,-25.4158],[-116.028,-25.6738],[-115.769,-25.9677],[-115.518,-26.2434],[-115.291,-26.4659],[-115.105,-26.604],[-114.526,-26.7251],[-113.944,-26.7897],[-113.608,-26.8088],[-112.976,-26.8302]],[[-112.976,-26.8302],[-112.947,-26.7241],[-112.684,-26.8009],[-112.658,-26.5538],[-112.683,-26.2823],[-112.672,-26.0379],[-112.62,-25.9342],[-112.55,-25.9259],[-112.541,-25.7874],[-112.455,-25.786],[-112.437,-25.6827],[-112.364,-25.6637],[-112.366,-25.5642],[-112.388,-25.4292],[-112.443,-25.1985],[-112.453,-25.0594],[-111.978,-25.0266],[-111.977,-24.8907],[-112.048,-24.6591],[-112.103,-24.4485],[-112.123,-24.2224],[-112.098,-24.1104],[-111.713,-24.032],[-111.763,-23.8598],[-111.832,-23.7275],[-111.864,-23.475],[-111.871,-23.3267],[-111.741,-23.2087],[-111.924,-23.0158],[-112.208,-22.8209],[-112.575,-22.6195],[-112.934,-22.407],[-113.28,-22.2231],[-113.61,-22.1264],[-113.906,-22.1022],[-114.125,-22.1057],[-114.421,-22.1145]],[[-112.023,-31.5362],[-112.041,-31.7737],[-112.063,-31.9485],[-112.065,-32.1144],[-112.151,-32.3426],[-112.356,-32.3278],[-112.415,-32.4889],[-112.418,-32.7938],[-112.442,-33.112],[-112.46,-33.3989],[-112.504,-33.6498],[-112.604,-33.6626],[-112.628,-33.9988],[-112.562,-34.2996],[-112.417,-34.5562],[-112.187,-34.6742],[-111.756,-34.8114],[-111.399,-34.9123],[-111.126,-34.9948],[-110.827,-35.0908]],[[-109.259,-34.5446],[-109.277,-34.2037],[-109.27,-33.9167],[-109.205,-33.7019],[-109.323,-33.3917],[-109.41,-33.1401],[-109.183,-33.0204],[-108.972,-32.9365],[-109.206,-32.6615],[-109.435,-32.4],[-109.791,-32.1152],[-110.21,-31.9198],[-110.687,-31.715],[-111.202,-31.5638],[-111.66,-31.5564],[-112.023,-31.5362]],[[-112.976,-26.8302],[-113.112,-27.0143],[-113.129,-27.2727],[-113.133,-27.577],[-113.001,-27.6074],[-112.971,-27.8495],[-112.955,-28.129],[-112.934,-28.3794],[-113.01,-28.3829],[-113.021,-28.5495],[-113.02,-28.7872],[-112.956,-29.0088],[-112.367,-29.1602],[-111.806,-29.2656],[-111.749,-29.5788],[-111.773,-30.0247],[-111.775,-30.1873],[-111.797,-30.4248],[-111.851,-30.6244],[-111.885,-30.6658],[-111.951,-31.0446],[-111.978,-31.3862],[-111.964,-31.3905],[-112.023,-31.5362]],[[-102.068,2.6353],[-102.109,2.7856],[-102.096,2.7983],[-102.118,2.8929],[-102.145,2.8888],[-102.193,3.0722],[-102.219,3.2387]],[[-102.181,1.1343],[-102.24,0.7128],[-102.21,0.7063],[-102.253,0.3717],[-102.294,0.1571],[-102.319,-0.0155]]]}},{"type":"Feature","properties":{"slug":"east-african-rift","name":"East African Rift","family":"named-boundaries","kind":"plate_boundary","source":"PB2002 (Bird 2003) via github.com/fraxen/tectonicplates; pairs + bbox in families/data/named-boundaries.json"},"geometry":{"type":"MultiLineString","coordinates":[[[42.0332,11.5772],[41.4423,11.3169],[41.1166,10.7317],[40.7921,10.1462],[40.4494,9.7965],[40.1074,9.4464],[39.7898,9.0712],[39.4729,8.6958],[39.1565,8.2957],[38.8408,7.8953],[38.4775,7.447],[38.115,6.9985],[37.8487,6.4771],[37.5829,5.9557],[36.9136,5.9584],[36.6014,5.4836],[36.2897,5.0087],[35.7824,5.0987],[35.2749,5.1883],[34.7673,5.2775],[34.2596,5.3663],[33.7517,5.4546],[33.2437,5.5426],[32.7355,5.6301],[32.2271,5.7171],[31.7527,5.0973],[31.2793,4.4771],[30.4713,4.2353],[30.4748,3.5237],[30.4783,2.8121],[31.0492,2.6479],[31.6199,2.4834],[31.1221,1.9601],[30.6247,1.4366],[30.2459,0.7485],[29.8673,0.0604],[29.6297,-0.6263],[29.392,-1.3131],[29.1299,-1.8093],[28.8677,-2.3055],[28.9103,-3.1339],[28.9529,-3.9623],[29.2804,-4.5569],[29.6085,-5.1513],[29.604,-5.6251],[29.5996,-6.0989],[30.0455,-6.7912],[30.4927,-7.483],[31.042,-7.6308],[31.5917,-7.7779],[32.1166,-8.1622],[32.6426,-8.5458],[33.099,-8.6435],[33.5557,-8.7406],[33.8175,-9.598],[34.0806,-10.4552],[34.7091,-11.0274],[34.4411,-11.717],[34.1717,-12.4064],[34.0714,-13.1674],[34.4608,-13.8586],[34.8525,-14.5491],[34.7288,-15.1914],[34.6043,-15.8337],[34.9008,-16.3337],[35.1989,-16.8333],[35.1995,-17.4044],[35.2001,-17.9755],[34.5989,-18.3559],[34.2716,-18.6879],[33.943,-19.0194],[33.6131,-19.3503],[33.2818,-19.6806],[33.1963,-20.5122],[33.1098,-21.3438],[32.6356,-21.492],[32.1605,-21.6388],[31.6844,-21.7842],[31.2073,-21.9283]]]}},{"type":"Feature","properties":{"slug":"red-sea-rift","name":"Red Sea Rift","family":"named-boundaries","kind":"plate_boundary","source":"PB2002 (Bird 2003) via github.com/fraxen/tectonicplates; pairs + bbox in families/data/named-boundaries.json"},"geometry":{"type":"MultiLineString","coordinates":[[[39.2978,19.0298],[38.8261,19.4475],[38.3957,19.9075],[38.0745,20.3891],[37.9747,21.0213],[37.8253,21.8434],[37.5398,22.4945],[37.0425,23.2259],[36.5711,23.6392],[36.4073,24.1327],[36.2422,24.626],[36.0661,25.0553],[35.8888,25.4844],[35.5456,25.9191],[35.1999,26.353],[34.8748,26.8078],[34.547,27.2619],[34.2569,27.8853],[34.428,28.4143]],[[39.2978,19.0298],[39.5899,18.4193],[39.9867,17.9494],[40.3313,17.2662],[40.2512,16.7851],[40.1716,16.304],[39.6707,15.7716],[39.7767,15.1377],[40.0263,14.7192],[40.275,14.3005],[40.614,13.7417],[40.0912,13.2094],[40.5071,12.5998],[40.8568,12.2055],[41.2055,11.8107],[41.6487,12.189],[42.0332,11.5772]]]}},{"type":"Feature","properties":{"slug":"san-andreas-fault","name":"San Andreas Fault","family":"named-boundaries","kind":"plate_boundary","source":"PB2002 (Bird 2003) via github.com/fraxen/tectonicplates; pairs + bbox in families/data/named-boundaries.json"},"geometry":{"type":"MultiLineString","coordinates":[[[-124.742,40.3134],[-124.416,40.3107],[-124.163,39.9142],[-123.89,39.4388],[-123.597,38.9971],[-123.305,38.5406],[-122.696,37.874],[-122.38,37.527],[-122.005,37.2048],[-121.305,36.6983],[-120.897,36.3377],[-120.438,35.9102],[-119.936,35.4502],[-119.329,34.9812],[-118.912,34.8373],[-118.4,34.658],[-118.072,34.5641],[-117.746,34.4412],[-117.507,34.3498],[-117.159,34.1811],[-116.66,34.0424],[-116.209,33.7711],[-115.773,33.4211]],[[-115.773,33.4211],[-115.596,33.2366],[-115.717,33.1297],[-115.594,33.0402],[-115.508,32.9581],[-115.581,32.876],[-115.412,32.71],[-115.212,32.5118],[-115.33,32.4183],[-115.085,32.2359],[-114.765,31.9952],[-114.522,31.786],[-114.332,31.6016],[-114.207,31.4585],[-114.118,31.3557],[-114.33,31.1936],[-114.439,31.0972],[-114.303,30.9123],[-114.129,30.6797],[-113.986,30.5134],[-113.807,30.3135],[-114.041,30.1205],[-113.909,29.982],[-113.758,29.8344],[-113.87,29.7298],[-113.969,29.6458],[-113.775,29.4397],[-113.521,29.2054],[-113.281,29.0084],[-113.339,28.9498],[-113.087,28.7147],[-112.812,28.4987],[-112.589,28.3223],[-112.321,28.1249],[-112.015,27.906],[-111.711,27.6935],[-111.506,27.57],[-111.382,27.4969],[-111.569,27.2152],[-111.373,27.1053],[-111.506,26.9267],[-111.228,26.7234],[-110.957,26.535],[-110.758,26.4159],[-110.68,26.3605],[-110.778,26.2249],[-110.572,26.0661],[-110.291,25.8895],[-110.024,25.7063],[-109.872,25.6073],[-109.806,25.5567],[-110.007,25.3392],[-109.788,25.1797],[-109.591,25.0163],[-109.35,24.8568],[-109.178,24.7348],[-109.062,24.6582],[-109.276,24.396],[-109.002,24.1515],[-108.806,23.9844],[-108.61,23.8141],[-108.439,23.6743],[-108.357,23.6135],[-108.651,23.2413],[-108.388,23.0822],[-108.01,22.9857],[-108.232,22.7117]],[[-108.589,22.1024],[-108.516,22.2011],[-108.527,22.2769],[-108.407,22.4401],[-108.273,22.6134],[-108.232,22.7117]]]}},{"type":"Feature","properties":{"slug":"alpine-fault","name":"Alpine Fault","family":"named-boundaries","kind":"plate_boundary","source":"PB2002 (Bird 2003) via github.com/fraxen/tectonicplates; pairs + bbox in families/data/named-boundaries.json"},"geometry":{"type":"MultiLineString","coordinates":[[[166.951,-44.9871],[167.1,-44.8262],[167.368,-44.6478],[167.688,-44.466],[168.081,-44.3297],[168.488,-44.166],[168.77,-44.0215]],[[168.77,-44.0215],[169.136,-43.8453],[169.647,-43.5943],[170.103,-43.3578],[170.638,-43.0879],[170.995,-42.9318],[171.277,-42.743],[171.473,-42.6755],[171.859,-42.6156],[172.593,-42.483],[173.126,-42.3917],[173.724,-42.2908],[174.304,-42.2013],[174.988,-42.1219],[175.503,-42.0593]],[[166.951,-44.9871],[166.71,-45.2113],[166.537,-45.3502],[166.377,-45.515],[166.205,-45.7364],[166.019,-45.8872],[165.92,-45.9581],[165.733,-46.0648],[165.427,-46.1898],[165.168,-46.4052],[165.021,-46.6013],[164.943,-46.783],[164.923,-47.0108],[164.838,-47.1485],[164.739,-47.2562],[164.699,-47.4439],[164.651,-47.5208],[164.528,-47.6576],[164.48,-47.7595],[164.483,-47.9197],[164.398,-48.0593],[164.389,-48.202],[164.309,-48.2738],[164.287,-48.4286],[164.215,-48.5916],[164.13,-48.7417],[163.964,-48.9171]]]}},{"type":"Feature","properties":{"slug":"dead-sea-transform","name":"Dead Sea Transform","family":"named-boundaries","kind":"plate_boundary","source":"PB2002 (Bird 2003) via github.com/fraxen/tectonicplates; pairs + bbox in families/data/named-boundaries.json"},"geometry":{"type":"MultiLineString","coordinates":[[[36.4134,36.0232],[36.4315,35.7522],[36.396,35.2854],[36.3249,34.4818],[36.0242,34.0961],[35.7262,33.7097],[35.6483,33.2325],[35.5713,32.7553],[35.4701,32.0035],[35.3089,31.3833],[35.1417,30.7025],[34.9519,30.0]],[[34.6009,28.9431],[34.7755,29.4717],[34.9519,30.0]]]}},{"type":"Feature","properties":{"slug":"north-scotia-ridge","name":"North Scotia Ridge","family":"named-boundaries","kind":"plate_boundary","source":"PB2002 (Bird 2003) via github.com/fraxen/tectonicplates; pairs + bbox in families/data/named-boundaries.json"},"geometry":{"type":"MultiLineString","coordinates":[[[-29.4885,-55.0334],[-30.9056,-54.8217],[-32.367,-54.5854],[-33.7338,-54.4603],[-33.3551,-54.86],[-33.0577,-55.458],[-33.6911,-55.605],[-34.5912,-55.7295],[-36.1083,-55.6416],[-36.846,-55.2149],[-37.8103,-55.0862],[-38.7149,-54.8532],[-39.7112,-54.6334],[-40.6597,-54.3972],[-41.5971,-54.1536],[-42.4101,-53.8797],[-43.2125,-53.6003],[-44.2095,-53.2697],[-45.191,-52.9309],[-46.4141,-52.8301],[-47.6626,-52.6907],[-49.1626,-52.664],[-50.6713,-52.71],[-52.1759,-52.8726],[-53.3821,-53.2094],[-54.7413,-53.406],[-55.5965,-53.5304],[-56.4567,-53.6486],[-57.75,-53.626],[-59.2458,-53.5981],[-60.5322,-53.6735],[-61.933,-53.81],[-62.8208,-53.9171],[-63.7131,-54.0177],[-64.788,-54.1726],[-65.8708,-54.3178],[-67.404,-54.3941],[-68.9886,-54.4297],[-69.8669,-54.2309]]]}},{"type":"Feature","properties":{"slug":"himalayan-collision-zone","name":"Himalayan collision zone","family":"named-boundaries","kind":"plate_boundary","source":"PB2002 (Bird 2003) via github.com/fraxen/tectonicplates; pairs + bbox in families/data/named-boundaries.json"},"geometry":{"type":"MultiLineString","coordinates":[[[70.0995,29.8402],[70.1783,30.423],[70.258,31.0057],[70.101,31.4594]],[[70.4394,32.431],[70.9421,32.9471],[71.392,33.4768],[71.8474,34.0048],[72.4591,34.6822]],[[72.4591,34.6822],[73.0296,34.1759],[73.5933,33.6669],[74.3142,33.1594],[75.0894,32.8806],[75.6749,32.1894],[75.722,31.6333],[76.521,31.1537],[77.0067,30.7376],[77.6407,30.558],[78.0762,30.2261],[78.4224,29.8869],[78.9118,29.6776],[79.1969,29.3934],[79.7898,29.1428],[80.2265,29.093],[80.5465,28.975],[81.043,28.7902],[81.361,28.4135],[82.2004,28.1669],[82.9354,27.8815],[83.6667,27.5929],[84.1585,27.4519],[84.6491,27.3091],[85.6219,27.1704],[86.2515,27.0946],[86.4809,26.7372],[86.8204,26.6683],[87.2186,27.022],[87.745,26.9089],[88.32,26.885],[89.2821,27.0268],[89.7724,26.8472],[90.3294,26.937],[91.258,27.0075],[91.7812,27.0329],[92.3047,27.0564],[93.2334,27.1165],[93.5704,27.1098],[94.189,27.5008],[94.8287,27.9182],[95.4657,28.1832],[96.2345,28.1349],[96.7916,28.1099],[97.3484,28.0826]],[[96.3104,25.1336],[96.5813,25.6469],[96.9056,26.2874],[97.1304,26.8202],[97.3465,27.2411],[97.4711,27.7024],[97.3484,28.0826]]]}},{"type":"Feature","properties":{"slug":"zagros-fold-belt","name":"Zagros fold belt","family":"named-boundaries","kind":"plate_boundary","source":"PB2002 (Bird 2003) via github.com/fraxen/tectonicplates; pairs + bbox in families/data/named-boundaries.json"},"geometry":{"type":"MultiLineString","coordinates":[[[57.1214,25.5518],[57.057,26.0485],[56.9921,26.5452],[56.8753,27.3007],[56.4233,27.3685],[55.6618,26.9471],[54.7283,26.6679],[53.8601,26.7173],[53.2406,27.1213],[52.5038,27.5611],[51.912,27.9573],[51.283,28.4873],[50.9981,29.0719],[51.0573,29.578],[50.4526,30.1031],[49.974,30.4532],[49.4919,30.8016],[49.2649,31.2117],[49.036,31.6214],[48.4892,32.2374],[48.1702,32.3082],[47.7702,32.3111],[47.4107,32.4479],[46.6076,32.8874],[45.9177,33.3905],[45.5052,33.8933],[45.0,34.5906]],[[42.2891,38.2127],[42.7973,37.9905],[43.1758,37.685],[43.6475,37.4066],[44.0195,37.0984],[44.3568,36.5716],[44.5148,36.015],[44.6705,35.4581],[44.8361,35.0245],[45.0,34.5906]]]}},{"type":"Feature","properties":{"slug":"peru-chile-trench","name":"Peru–Chile Trench","family":"named-boundaries","kind":"plate_boundary","source":"PB2002 (Bird 2003) via github.com/fraxen/tectonicplates; pairs + bbox in families/data/named-boundaries.json"},"geometry":{"type":"MultiLineString","coordinates":[[[-76.0062,-45.6585],[-75.8214,-44.8494],[-75.7824,-44.0506],[-75.6316,-43.6482],[-75.558,-42.9722],[-75.4017,-42.2845],[-75.3969,-41.8256],[-75.3922,-41.3666],[-75.1889,-40.8628],[-75.1948,-40.3589],[-75.1278,-39.8131],[-75.1495,-39.5644],[-74.9883,-39.0681],[-74.8359,-38.542],[-74.6548,-38.1376],[-74.5956,-37.5635],[-74.4416,-36.7249],[-74.2617,-36.1653],[-73.8974,-35.5777],[-73.6755,-34.8876],[-73.2457,-34.2904],[-72.9375,-33.8369],[-72.861,-33.3585],[-72.889,-32.7419],[-72.7622,-32.3188],[-72.6783,-31.5313],[-72.6181,-30.9652],[-72.5999,-30.1903],[-72.5546,-29.5357],[-72.4332,-28.9014],[-72.1698,-28.2776],[-71.9578,-27.7547],[-71.8471,-27.2478],[-71.7525,-26.6522],[-71.6283,-25.8397],[-71.5243,-25.0928],[-71.4659,-24.2626],[-71.3895,-23.5227],[-71.3475,-22.7584],[-71.3068,-21.9654]],[[-75.9163,-15.7355],[-76.4029,-15.2185],[-76.7648,-14.8433],[-77.1254,-14.4675],[-77.6388,-13.9136],[-78.1476,-13.3872],[-78.4069,-13.0144],[-78.6654,-12.6414],[-79.1472,-11.8903],[-79.6181,-11.2906],[-79.9966,-10.5603],[-80.3684,-9.9209],[-80.701,-9.434],[-81.0406,-8.6654],[-81.3747,-7.9884],[-81.5492,-7.306],[-81.784,-6.6554],[-81.9541,-6.0027],[-81.9985,-5.2534],[-82.0098,-4.5035],[-81.9258,-3.7213],[-81.5989,-3.2445]]]}},{"type":"Feature","properties":{"slug":"sunda-trench","name":"Sunda Trench","family":"named-boundaries","kind":"plate_boundary","source":"PB2002 (Bird 2003) via github.com/fraxen/tectonicplates; pairs + bbox in families/data/named-boundaries.json"},"geometry":{"type":"MultiLineString","coordinates":[[[104.576,-8.1666],[104.981,-8.5688],[105.59,-8.9263],[106.123,-9.2396],[106.345,-9.3711],[106.827,-9.6652],[107.379,-9.8903],[107.836,-10.0528],[108.363,-10.1777],[109.067,-10.3276],[109.626,-10.3713],[110.159,-10.4399],[110.615,-10.4773],[111.015,-10.4773],[111.523,-10.5772],[112.17,-10.652],[112.563,-10.758],[113.204,-10.8702],[113.756,-10.9636],[114.41,-11.0882],[115.013,-11.1505],[115.571,-11.2189],[116.174,-11.275],[116.853,-11.331],[117.576,-11.3372],[118.236,-11.3869],[118.75,-11.3621],[119.27,-11.3932],[119.841,-11.4616],[120.451,-11.5238],[120.886,-11.4925]],[[96.2019,1.345],[96.3795,1.123],[96.6703,0.7587],[97.0106,0.1159],[97.3722,-0.5472],[97.7695,-1.2471],[98.0354,-1.6342],[98.3013,-2.0213],[98.8744,-2.665],[99.3699,-3.3115],[99.6748,-3.7285],[99.98,-4.1454],[100.359,-4.6559],[100.791,-5.3049],[101.346,-5.983],[101.858,-6.5584],[102.452,-7.1972],[103.183,-7.6215],[103.763,-7.8628],[104.576,-8.1666]]]}},{"type":"Feature","properties":{"slug":"mariana-trench","name":"Mariana Trench","family":"named-boundaries","kind":"plate_boundary","source":"PB2002 (Bird 2003) via github.com/fraxen/tectonicplates; pairs + bbox in families/data/named-boundaries.json"},"geometry":{"type":"MultiLineString","coordinates":[[[143.097,11.5689],[143.503,11.4936],[144.157,11.7896],[144.619,12.0206],[145.024,12.2112],[145.349,12.3141],[145.691,12.6466],[146.221,13.0015],[146.752,13.3632],[147.201,14.2158],[147.462,14.9661],[147.684,15.653],[147.787,16.5234],[147.856,17.2831],[147.811,18.0602],[147.82,18.6465],[147.619,19.1724],[147.46,19.7452],[147.207,20.3034],[147.019,20.8051],[146.822,21.3306],[146.545,21.7298],[146.062,22.2015],[145.292,22.7123],[144.706,23.2501],[144.022,23.7644],[143.522,24.3908]]]}},{"type":"Feature","properties":{"slug":"middle-america-trench","name":"Middle America Trench","family":"named-boundaries","kind":"plate_boundary","source":"PB2002 (Bird 2003) via github.com/fraxen/tectonicplates; pairs + bbox in families/data/named-boundaries.json"},"geometry":{"type":"MultiLineString","coordinates":[[[-90.898,12.5837],[-90.2927,12.5426],[-89.619,12.2948],[-88.9197,11.9992],[-88.319,11.6968],[-87.8901,11.3967],[-87.4621,11.0959],[-86.9749,10.5473],[-86.648,10.235]],[[-90.898,12.5837],[-91.3079,12.8322],[-91.7186,13.0801],[-92.0632,13.2712],[-92.2724,13.2233],[-92.5992,13.498],[-92.9619,13.7221],[-93.3094,13.7932],[-93.6558,14.0161],[-94.0552,14.2221],[-94.5422,14.4786],[-94.8729,14.6998],[-95.117,14.8866],[-95.4663,15.0902],[-95.7986,15.2765],[-96.219,15.3609],[-96.727,15.3601],[-97.2174,15.3584],[-97.6914,15.508],[-98.1657,15.6399],[-98.5878,15.7715],[-99.0281,15.9191],[-99.4347,16.134],[-99.806,16.298],[-100.336,16.4424],[-100.867,16.6363],[-101.703,17.0256],[-102.432,17.2799],[-103.2,17.6155],[-103.792,17.92],[-104.191,18.1383],[-104.406,18.209],[-104.725,18.3684],[-105.043,18.6216],[-105.247,18.7619]],[[-107.928,21.6861],[-107.774,21.7397],[-107.586,21.7417],[-107.393,21.7478],[-107.171,21.7522],[-107.046,21.7536],[-106.89,21.7992]],[[-106.89,21.7992],[-106.862,21.7156],[-106.808,21.6403],[-106.757,21.483],[-106.624,21.3106],[-106.551,21.2355],[-106.525,21.1838],[-106.442,21.1208],[-106.381,20.8397],[-106.387,20.6379],[-106.385,20.4281],[-106.352,20.2027],[-106.271,19.9158],[-106.121,19.6437],[-105.949,19.4019],[-105.739,19.1644],[-105.546,18.9807],[-105.247,18.7619]]]}},{"type":"Feature","properties":{"slug":"cascadia-subduction-zone","name":"Cascadia subduction zone","family":"named-boundaries","kind":"plate_boundary","source":"PB2002 (Bird 2003) via github.com/fraxen/tectonicplates; pairs + bbox in families/data/named-boundaries.json"},"geometry":{"type":"MultiLineString","coordinates":[[[-124.742,40.3134],[-124.953,40.6333],[-124.933,40.8839],[-125.089,41.1354],[-125.182,41.3801],[-125.309,41.6522],[-125.281,41.8176],[-125.313,41.9856],[-125.331,42.1419],[-125.29,42.2845],[-125.209,42.3588],[-125.198,42.4917],[-125.268,42.5614],[-125.289,42.8624],[-125.289,43.0514],[-125.343,43.1426],[-125.394,43.2671],[-125.474,43.426],[-125.48,43.7375],[-125.45,43.9254],[-125.429,44.0023],[-125.362,44.0663],[-125.372,44.3226],[-125.372,44.5227],[-125.376,44.6675],[-125.434,44.7254],[-125.437,44.8813],[-125.435,45.1036],[-125.517,45.4738],[-125.655,45.9461],[-125.773,46.295],[-125.876,46.6433],[-125.998,46.9697],[-126.085,47.3503],[-126.37,47.748],[-126.486,47.9956],[-126.733,48.291],[-127.018,48.5646],[-127.378,48.7502],[-127.608,48.8768],[-127.818,49.0802],[-127.852,49.4906],[-128.029,49.7814],[-128.283,49.8847],[-128.414,50.0856],[-128.719,50.3103],[-129.01,50.4787],[-129.46,50.6472],[-129.738,50.8359],[-129.982,51.1013],[-130.212,51.2777],[-130.548,51.3981],[-130.85,51.6121]]]}},{"type":"Feature","properties":{"slug":"aleutian-trench","name":"Aleutian Trench","family":"named-boundaries","kind":"plate_boundary","source":"PB2002 (Bird 2003) via github.com/fraxen/tectonicplates; pairs + bbox in families/data/named-boundaries.json"},"geometry":{"type":"MultiLineString","coordinates":[[[-180.0,50.503],[-179.202,50.4965],[-178.48,50.4903],[-177.758,50.4842],[-177.088,50.496],[-176.223,50.5883],[-175.629,50.7447],[-174.907,50.8258],[-174.119,50.8963],[-173.328,50.9636],[-172.484,51.0693],[-171.634,51.1706],[-170.897,51.3061],[-170.159,51.4395],[-169.378,51.6322],[-168.972,51.74],[-167.99,52.0007],[-166.819,52.2568],[-166.108,52.4527],[-165.39,52.6443],[-164.665,52.8183],[-163.934,52.9879],[-163.177,53.18],[-162.413,53.3672],[-161.664,53.4964],[-160.91,53.6209],[-160.129,53.7408],[-159.344,53.8555],[-157.986,54.1008],[-157.067,54.3175],[-156.138,54.5272],[-155.239,54.7845],[-154.16,55.239],[-153.164,55.6104],[-152.227,56.0583],[-151.218,56.3092],[-150.547,56.4994],[-150.081,56.6229],[-149.22,56.9251],[-148.257,57.3469],[-147.449,57.8319],[-146.759,58.3521],[-146.264,58.8138],[-145.756,59.2735]],[[165.771,54.5884],[166.407,54.2367],[167.413,53.906],[168.188,53.5694],[168.836,53.2079],[169.752,52.8555],[170.7,52.4979],[171.847,52.0259],[172.964,51.6839],[174.219,51.403],[175.571,51.1082],[176.72,50.8959],[177.68,50.6976],[178.498,50.6189],[179.688,50.5055],[180.0,50.503]],[[-180.0,50.503],[-179.202,50.4965],[-178.48,50.4903],[-177.758,50.4842],[-177.088,50.496],[-176.223,50.5883],[-175.629,50.7447],[-174.907,50.8258],[-174.119,50.8963],[-173.328,50.9636],[-172.484,51.0693],[-171.634,51.1706],[-170.897,51.3061],[-170.159,51.4395],[-169.378,51.6322],[-168.972,51.74],[-167.99,52.0007],[-166.819,52.2568],[-166.108,52.4527],[-165.39,52.6443],[-164.665,52.8183],[-163.934,52.9879],[-163.177,53.18],[-162.413,53.3672],[-161.664,53.4964],[-160.91,53.6209],[-160.129,53.7408],[-159.344,53.8555],[-157.986,54.1008],[-157.067,54.3175],[-156.138,54.5272],[-155.239,54.7845],[-154.16,55.239],[-153.164,55.6104],[-152.227,56.0583],[-151.218,56.3092],[-150.547,56.4994],[-150.081,56.6229],[-149.22,56.9251],[-148.257,57.3469],[-147.449,57.8319],[-146.759,58.3521],[-146.264,58.8138],[-145.756,59.2735]],[[-145.756,59.2735],[-144.977,59.5759],[-144.316,59.9182],[-143.332,60.2057],[-142.405,60.465],[-141.598,60.4009],[-141.074,60.3099],[-140.128,60.3809]]]}},{"type":"Feature","properties":{"slug":"lesser-antilles-arc","name":"Lesser Antilles arc","family":"named-boundaries","kind":"plate_boundary","source":"PB2002 (Bird 2003) via github.com/fraxen/tectonicplates; pairs + bbox in families/data/named-boundaries.json"},"geometry":{"type":"MultiLineString","coordinates":[[[-63.8782,10.5316],[-63.2327,10.5091],[-62.6409,10.4818],[-62.1579,10.4585],[-61.5422,10.4273],[-60.9266,10.3949],[-60.4573,10.3453],[-59.9882,10.2951],[-59.1214,10.22],[-58.6392,10.1902],[-58.1571,10.1597]],[[-58.1571,10.1597],[-57.7617,10.6345],[-57.5326,11.1438],[-57.4238,11.6612],[-57.4681,12.4273],[-57.568,13.1016],[-57.7107,13.874],[-57.7906,14.4989],[-57.9132,14.8642],[-58.2884,15.15],[-58.5263,15.2839],[-58.6661,15.4116],[-58.6919,15.7703],[-58.8011,15.9911],[-58.824,16.397],[-59.0883,16.9121],[-59.4648,17.2431],[-59.819,17.5484],[-60.0513,17.8225],[-60.2784,18.191],[-60.5338,18.5131],[-60.729,18.5946],[-60.912,18.8885],[-61.5534,18.9589]],[[-64.997,10.5392],[-64.5077,10.474],[-64.2099,10.5194],[-63.8782,10.5316]]]}}]}