asset_id,note_model,concept_key,asset_role,source_page_url,source_file_url,source_format,license_name,attribution,map_scope,local_relpath,needs_manual_crop,preferred,qa_status,notes
shared-blank-world,GeoConcept,shared-world,blank_map,https://commons.wikimedia.org/wiki/File:BlankMap-World.svg,https://upload.wikimedia.org/wikipedia/commons/4/4d/BlankMap-World.svg,svg,Public domain,Canuckguy and other Wikimedia Commons contributors,world,media/shared/blank-world.svg,false,true,selected,Preferred shared world blank map for most large-scale prompts
geoconcept-mesopotamia-locator,GeoConcept,mesopotamia,locator_map,https://github.com/nvkelso/natural-earth-vector,https://raw.githubusercontent.com/nvkelso/natural-earth-vector/master/geojson/ne_10m_geography_regions_polys.geojson,geojson,Public domain (Natural Earth),Natural Earth (Nathaniel Vaughn Kelso and Tom Patterson),regional,media/locator/geoconcept/mesopotamia-region.svg,false,true,selected,Rendered locally by scripts/generate_areal_region_maps.py (exact plate-carree) from Natural Earth 10m physical-region polygons; feature shaded
geoconcept-southern-cone-locator,GeoConcept,southern-cone,locator_map,https://github.com/nvkelso/natural-earth-vector,https://raw.githubusercontent.com/nvkelso/natural-earth-vector/master/geojson/ne_110m_admin_0_countries.geojson,geojson,Public domain (Natural Earth),Natural Earth (Nathaniel Vaughn Kelso and Tom Patterson),world,media/locator/geoconcept/southern-cone-region.svg,false,true,selected,Rendered locally (scripts/generate_grouping_maps.py) — Natural Earth 110m member countries shaded
geoconcept-northern-triangle-locator,GeoConcept,northern-triangle-of-central-america,locator_map,https://github.com/nvkelso/natural-earth-vector,https://raw.githubusercontent.com/nvkelso/natural-earth-vector/master/geojson/ne_110m_admin_0_countries.geojson,geojson,Public domain (Natural Earth),Natural Earth (Nathaniel Vaughn Kelso and Tom Patterson),world,media/locator/geoconcept/northern-triangle-of-central-america-region.svg,false,true,selected,Rendered locally (scripts/generate_grouping_maps.py) — Natural Earth 110m member countries shaded
geoconcept-caribbean-south-america-locator,GeoConcept,caribbean-south-america,locator_map,https://github.com/nvkelso/natural-earth-vector,https://raw.githubusercontent.com/nvkelso/natural-earth-vector/master/geojson/ne_50m_admin_0_countries.geojson,geojson,Public domain (Natural Earth),Natural Earth (Nathaniel Vaughn Kelso and Tom Patterson),world,media/locator/geoconcept/caribbean-south-america.svg,false,true,selected,Rendered locally by scripts/_geo_base.py (exact plate-carree) from Natural Earth 50m admin-0 country polygons; regional locator with marker
geoconcept-the-guianas-locator,GeoConcept,the-guianas,locator_map,https://github.com/nvkelso/natural-earth-vector,https://raw.githubusercontent.com/nvkelso/natural-earth-vector/master/geojson/ne_50m_admin_0_countries.geojson,geojson,Public domain (Natural Earth),Natural Earth (Nathaniel Vaughn Kelso and Tom Patterson),regional,media/locator/geoconcept/the-guianas-locator.svg,false,true,selected,Rendered locally by scripts/_geo_base.py (exact plate-carree) from Natural Earth 50m admin-0 country polygons; regional locator with marker
geoconcept-the-guianas-blank,GeoConcept,the-guianas,blank_map,https://github.com/nvkelso/natural-earth-vector,https://raw.githubusercontent.com/nvkelso/natural-earth-vector/master/geojson/ne_110m_land.geojson,geojson,Public domain (Natural Earth),Natural Earth (Nathaniel Vaughn Kelso and Tom Patterson),world,media/blank/geoconcept/world-blank.svg,false,true,selected,"Shared blank world map (scripts/generate_world_base.py); find-it front, no marker"
geoconcept-siberia-locator,GeoConcept,siberia,locator_map,https://github.com/nvkelso/natural-earth-vector,https://raw.githubusercontent.com/nvkelso/natural-earth-vector/master/geojson/ne_10m_geography_regions_polys.geojson,geojson,Public domain (Natural Earth),Natural Earth (Nathaniel Vaughn Kelso and Tom Patterson),regional,media/locator/geoconcept/siberia-region.svg,false,true,selected,Rendered locally by scripts/generate_areal_region_maps.py (exact plate-carree) from Natural Earth 10m physical-region polygons; feature shaded
geoconcept-european-russia-locator,GeoConcept,european-russia,locator_map,https://commons.wikimedia.org/wiki/File:European_Russia_(orthographic_projection).svg,https://upload.wikimedia.org/wikipedia/commons/8/80/European_Russia_%28orthographic_projection%29.svg,svg,Original (hand-drawn outline),Project-authored,world,media/locator/geoconcept/european-russia.svg,false,true,selected,Rendered locally (scripts/generate_world_overlay_derivations.py) — approximate hand outline over the world map
geoconcept-mainland-southeast-asia-locator,GeoConcept,mainland-southeast-asia,locator_map,https://github.com/nvkelso/natural-earth-vector,https://raw.githubusercontent.com/nvkelso/natural-earth-vector/master/geojson/ne_50m_admin_0_countries.geojson,geojson,Public domain (Natural Earth),Natural Earth (Nathaniel Vaughn Kelso and Tom Patterson),world,media/locator/geoconcept/mainland-southeast-asia.svg,false,true,selected,Rendered locally by scripts/_geo_base.py (exact plate-carree) from Natural Earth 50m admin-0 country polygons; regional locator with marker
geoconcept-malay-archipelago-locator,GeoConcept,malay-archipelago,locator_map,https://github.com/nvkelso/natural-earth-vector,https://raw.githubusercontent.com/nvkelso/natural-earth-vector/master/geojson/ne_10m_geography_regions_polys.geojson,geojson,Public domain (Natural Earth),Natural Earth (Nathaniel Vaughn Kelso and Tom Patterson),regional,media/locator/geoconcept/malay-archipelago-region.svg,false,true,selected,Rendered locally by scripts/generate_areal_region_maps.py (exact plate-carree) from Natural Earth 10m physical-region polygons; feature shaded
geoconcept-horn-of-africa-locator,GeoConcept,horn-of-africa,locator_map,https://github.com/nvkelso/natural-earth-vector,https://raw.githubusercontent.com/nvkelso/natural-earth-vector/master/geojson/ne_110m_admin_0_countries.geojson,geojson,Public domain (Natural Earth),Natural Earth (Nathaniel Vaughn Kelso and Tom Patterson),world,media/locator/geoconcept/horn-of-africa-region.svg,false,true,selected,Rendered locally (scripts/generate_grouping_maps.py) — Natural Earth 110m member countries shaded
geoconcept-sahel-locator,GeoConcept,sahel,locator_map,https://github.com/nvkelso/natural-earth-vector,https://raw.githubusercontent.com/nvkelso/natural-earth-vector/master/geojson/ne_50m_admin_0_countries.geojson,geojson,Public domain (Natural Earth),Natural Earth (Nathaniel Vaughn Kelso and Tom Patterson),world,media/locator/geoconcept/sahel-locator.svg,false,true,selected,Rendered locally by scripts/_geo_base.py (exact plate-carree) from Natural Earth 50m admin-0 country polygons; regional locator with marker
geoconcept-maghreb-locator,GeoConcept,maghreb,locator_map,https://github.com/nvkelso/natural-earth-vector,https://raw.githubusercontent.com/nvkelso/natural-earth-vector/master/geojson/ne_110m_admin_0_countries.geojson,geojson,Public domain (Natural Earth),Natural Earth (Nathaniel Vaughn Kelso and Tom Patterson),world,media/locator/geoconcept/maghreb-region.svg,false,true,selected,Rendered locally (scripts/generate_grouping_maps.py) — Natural Earth 110m member countries shaded
geoconcept-baltic-states-locator,GeoConcept,baltic-states,locator_map,https://github.com/nvkelso/natural-earth-vector,https://raw.githubusercontent.com/nvkelso/natural-earth-vector/master/geojson/ne_110m_admin_0_countries.geojson,geojson,Public domain (Natural Earth),Natural Earth (Nathaniel Vaughn Kelso and Tom Patterson),world,media/locator/geoconcept/baltic-states-region.svg,false,true,selected,Rendered locally (scripts/generate_grouping_maps.py) — Natural Earth 110m member countries shaded
geoconcept-benelux-locator,GeoConcept,benelux,locator_map,https://github.com/nvkelso/natural-earth-vector,https://raw.githubusercontent.com/nvkelso/natural-earth-vector/master/geojson/ne_110m_admin_0_countries.geojson,geojson,Public domain (Natural Earth),Natural Earth (Nathaniel Vaughn Kelso and Tom Patterson),world,media/locator/geoconcept/benelux-region.svg,false,true,selected,Rendered locally (scripts/generate_grouping_maps.py) — Natural Earth 110m member countries shaded
geoconcept-bosporus-locator,GeoConcept,bosporus,locator_map,https://github.com/nvkelso/natural-earth-vector,https://raw.githubusercontent.com/nvkelso/natural-earth-vector/master/geojson/ne_50m_admin_0_countries.geojson,geojson,Public domain (Natural Earth),Natural Earth (Nathaniel Vaughn Kelso and Tom Patterson),local,media/locator/geoconcept/bosporus-locator.svg,false,true,selected,Rendered locally by scripts/_geo_base.py (exact plate-carree) from Natural Earth 50m admin-0 country polygons; regional locator with marker
geoconcept-bosporus-blank,GeoConcept,bosporus,blank_map,https://github.com/nvkelso/natural-earth-vector,https://raw.githubusercontent.com/nvkelso/natural-earth-vector/master/geojson/ne_110m_land.geojson,geojson,Public domain (Natural Earth),Natural Earth (Nathaniel Vaughn Kelso and Tom Patterson),world,media/blank/geoconcept/world-blank.svg,false,true,selected,"Shared blank world map (scripts/generate_world_base.py); find-it front, no marker"
geoconcept-hormuz-locator,GeoConcept,strait-of-hormuz,locator_map,https://commons.wikimedia.org/wiki/File:Strait_of_Hormuz-svg-en.svg,https://upload.wikimedia.org/wikipedia/commons/0/07/Strait_of_Hormuz-svg-en.svg,svg,CC BY-SA 4.0,Goran_tek-en,world,media/locator/geoconcept/strait-of-hormuz.svg,false,true,selected,Strong direct locator map
geoconcept-suez-canal-locator,GeoConcept,suez-canal,locator_map,https://github.com/nvkelso/natural-earth-vector,https://raw.githubusercontent.com/nvkelso/natural-earth-vector/master/geojson/ne_50m_admin_0_countries.geojson,geojson,Public domain (Natural Earth),Natural Earth (Nathaniel Vaughn Kelso and Tom Patterson),regional,media/locator/geoconcept/suez-canal-locator.svg,false,true,selected,Rendered locally by scripts/_geo_base.py (exact plate-carree) from Natural Earth 50m admin-0 country polygons; regional locator with marker
geoconcept-suez-canal-blank,GeoConcept,suez-canal,blank_map,https://github.com/nvkelso/natural-earth-vector,https://raw.githubusercontent.com/nvkelso/natural-earth-vector/master/geojson/ne_110m_land.geojson,geojson,Public domain (Natural Earth),Natural Earth (Nathaniel Vaughn Kelso and Tom Patterson),world,media/blank/geoconcept/world-blank.svg,false,true,selected,"Shared blank world map (scripts/generate_world_base.py); find-it front, no marker"
geoconcept-sinai-peninsula-locator,GeoConcept,sinai-peninsula,locator_map,https://github.com/nvkelso/natural-earth-vector,https://raw.githubusercontent.com/nvkelso/natural-earth-vector/master/geojson/ne_50m_admin_0_countries.geojson,geojson,Public domain (Natural Earth),Natural Earth (Nathaniel Vaughn Kelso and Tom Patterson),regional,media/locator/geoconcept/sinai-peninsula-locator.svg,false,true,selected,Rendered locally by scripts/_geo_base.py (exact plate-carree) from Natural Earth 50m admin-0 country polygons; regional locator with marker
geoconcept-italian-peninsula-locator,GeoConcept,italian-peninsula,locator_map,https://commons.wikimedia.org/wiki/File:Italian_Peninsula_in_Europe.svg,https://upload.wikimedia.org/wikipedia/commons/c/cc/Italian_Peninsula_in_Europe.svg,svg,Original (hand-drawn outline),Project-authored,world,media/locator/geoconcept/italian-peninsula.svg,false,true,selected,Rendered locally (scripts/generate_world_overlay_derivations.py) — approximate hand outline over the world map
geoconcept-jutland-locator,GeoConcept,jutland,locator_map,https://github.com/nvkelso/natural-earth-vector,https://raw.githubusercontent.com/nvkelso/natural-earth-vector/master/geojson/ne_50m_admin_0_countries.geojson,geojson,Public domain (Natural Earth),Natural Earth (Nathaniel Vaughn Kelso and Tom Patterson),regional,media/locator/geoconcept/jutland-locator.svg,false,true,selected,Rendered locally by scripts/_geo_base.py (exact plate-carree) from Natural Earth 50m admin-0 country polygons; regional locator with marker
geoconcept-iberian-peninsula-locator,GeoConcept,iberian-peninsula,locator_map,https://github.com/nvkelso/natural-earth-vector,https://raw.githubusercontent.com/nvkelso/natural-earth-vector/master/geojson/ne_50m_admin_0_countries.geojson,geojson,Public domain (Natural Earth),Natural Earth (Nathaniel Vaughn Kelso and Tom Patterson),regional,media/locator/geoconcept/iberian-peninsula-locator.svg,false,true,selected,Rendered locally by scripts/_geo_base.py (exact plate-carree) from Natural Earth 50m admin-0 country polygons; regional locator with marker
geoconcept-malay-peninsula-locator,GeoConcept,malay-peninsula,locator_map,https://github.com/nvkelso/natural-earth-vector,https://raw.githubusercontent.com/nvkelso/natural-earth-vector/master/geojson/ne_10m_geography_regions_polys.geojson,geojson,Public domain (Natural Earth),Natural Earth (Nathaniel Vaughn Kelso and Tom Patterson),regional,media/locator/geoconcept/malay-peninsula-region.svg,false,true,selected,Rendered locally by scripts/generate_areal_region_maps.py (exact plate-carree) from Natural Earth 10m physical-region polygons; feature shaded
geoconcept-isthmus-of-panama-locator,GeoConcept,isthmus-of-panama,locator_map,https://github.com/nvkelso/natural-earth-vector,https://raw.githubusercontent.com/nvkelso/natural-earth-vector/master/geojson/ne_50m_admin_0_countries.geojson,geojson,Public domain (Natural Earth),Natural Earth (Nathaniel Vaughn Kelso and Tom Patterson),regional,media/locator/geoconcept/isthmus-of-panama-locator.svg,false,true,selected,Rendered locally by scripts/_geo_base.py (exact plate-carree) from Natural Earth 50m admin-0 country polygons; regional locator with marker
geoconcept-kola-peninsula-locator,GeoConcept,kola-peninsula,locator_map,https://github.com/nvkelso/natural-earth-vector,https://raw.githubusercontent.com/nvkelso/natural-earth-vector/master/geojson/ne_50m_admin_0_countries.geojson,geojson,Public domain (Natural Earth),Natural Earth (Nathaniel Vaughn Kelso and Tom Patterson),regional,media/locator/geoconcept/kola-peninsula-locator.svg,false,true,selected,Rendered locally by scripts/_geo_base.py (exact plate-carree) from Natural Earth 50m admin-0 country polygons; regional locator with marker
geoconcept-delmarva-peninsula-locator,GeoConcept,delmarva-peninsula,locator_map,https://github.com/nvkelso/natural-earth-vector,https://raw.githubusercontent.com/nvkelso/natural-earth-vector/master/geojson/ne_50m_admin_0_countries.geojson,geojson,Public domain (Natural Earth),Natural Earth (Nathaniel Vaughn Kelso and Tom Patterson),regional,media/locator/geoconcept/delmarva-peninsula-locator.svg,false,true,selected,Rendered locally by scripts/_geo_base.py (exact plate-carree) from Natural Earth 50m admin-0 country polygons; regional locator with marker
geoconcept-delmarva-peninsula-blank,GeoConcept,delmarva-peninsula,blank_map,https://github.com/nvkelso/natural-earth-vector,https://raw.githubusercontent.com/nvkelso/natural-earth-vector/master/geojson/ne_110m_land.geojson,geojson,Public domain (Natural Earth),Natural Earth (Nathaniel Vaughn Kelso and Tom Patterson),world,media/blank/geoconcept/world-blank.svg,false,true,selected,"Shared blank world map (scripts/generate_world_base.py); find-it front, no marker"
geoconcept-kamchatka-peninsula-locator,GeoConcept,kamchatka-peninsula,locator_map,https://github.com/nvkelso/natural-earth-vector,https://raw.githubusercontent.com/nvkelso/natural-earth-vector/master/geojson/ne_10m_geography_regions_polys.geojson,geojson,Public domain (Natural Earth),Natural Earth (Nathaniel Vaughn Kelso and Tom Patterson),regional,media/locator/geoconcept/kamchatka-peninsula-region.svg,false,true,selected,Rendered locally by scripts/generate_areal_region_maps.py (exact plate-carree) from Natural Earth 10m physical-region polygons; feature shaded
geoconcept-scandinavian-peninsula-locator,GeoConcept,scandinavian-peninsula,locator_map,https://github.com/nvkelso/natural-earth-vector,https://raw.githubusercontent.com/nvkelso/natural-earth-vector/master/geojson/ne_10m_geography_regions_polys.geojson,geojson,Public domain (Natural Earth),Natural Earth (Nathaniel Vaughn Kelso and Tom Patterson),regional,media/locator/geoconcept/scandinavian-peninsula-region.svg,false,true,selected,Rendered locally by scripts/generate_areal_region_maps.py (exact plate-carree) from Natural Earth 10m physical-region polygons; feature shaded
geoconcept-cape-york-peninsula-locator,GeoConcept,cape-york-peninsula,locator_map,https://github.com/nvkelso/natural-earth-vector,https://raw.githubusercontent.com/nvkelso/natural-earth-vector/master/geojson/ne_50m_admin_0_countries.geojson,geojson,Public domain (Natural Earth),Natural Earth (Nathaniel Vaughn Kelso and Tom Patterson),regional,media/locator/geoconcept/cape-york-peninsula-locator.svg,false,true,selected,Rendered locally by scripts/_geo_base.py (exact plate-carree) from Natural Earth 50m admin-0 country polygons; regional locator with marker
geoconcept-cape-york-peninsula-blank,GeoConcept,cape-york-peninsula,blank_map,https://github.com/nvkelso/natural-earth-vector,https://raw.githubusercontent.com/nvkelso/natural-earth-vector/master/geojson/ne_110m_land.geojson,geojson,Public domain (Natural Earth),Natural Earth (Nathaniel Vaughn Kelso and Tom Patterson),world,media/blank/geoconcept/world-blank.svg,false,true,selected,"Shared blank world map (scripts/generate_world_base.py); find-it front, no marker"
geoconcept-peloponnese-locator,GeoConcept,peloponnese,locator_map,https://github.com/nvkelso/natural-earth-vector,https://raw.githubusercontent.com/nvkelso/natural-earth-vector/master/geojson/ne_50m_admin_0_countries.geojson,geojson,Public domain (Natural Earth),Natural Earth (Nathaniel Vaughn Kelso and Tom Patterson),regional,media/locator/geoconcept/peloponnese-locator.svg,false,true,selected,Rendered locally by scripts/_geo_base.py (exact plate-carree) from Natural Earth 50m admin-0 country polygons; regional locator with marker
geoconcept-peloponnese-blank,GeoConcept,peloponnese,blank_map,https://github.com/nvkelso/natural-earth-vector,https://raw.githubusercontent.com/nvkelso/natural-earth-vector/master/geojson/ne_110m_land.geojson,geojson,Public domain (Natural Earth),Natural Earth (Nathaniel Vaughn Kelso and Tom Patterson),world,media/blank/geoconcept/world-blank.svg,false,true,selected,"Shared blank world map (scripts/generate_world_base.py); find-it front, no marker"
geoconcept-baja-california-locator,GeoConcept,baja-california,locator_map,https://github.com/nvkelso/natural-earth-vector,https://raw.githubusercontent.com/nvkelso/natural-earth-vector/master/geojson/ne_10m_geography_regions_polys.geojson,geojson,Public domain (Natural Earth),Natural Earth (Nathaniel Vaughn Kelso and Tom Patterson),regional,media/locator/geoconcept/baja-california-region.svg,false,true,selected,Rendered locally by scripts/generate_areal_region_maps.py (exact plate-carree) from Natural Earth 10m physical-region polygons; feature shaded
geoconcept-labrador-peninsula-locator,GeoConcept,labrador-peninsula,locator_map,https://github.com/nvkelso/natural-earth-vector,https://raw.githubusercontent.com/nvkelso/natural-earth-vector/master/geojson/ne_10m_geography_regions_polys.geojson,geojson,Public domain (Natural Earth),Natural Earth (Nathaniel Vaughn Kelso and Tom Patterson),regional,media/locator/geoconcept/labrador-peninsula-region.svg,false,true,selected,Rendered locally by scripts/generate_areal_region_maps.py (exact plate-carree) from Natural Earth 10m physical-region polygons; feature shaded
geoconcept-yucatan-peninsula-locator,GeoConcept,yucatan-peninsula,locator_map,https://github.com/nvkelso/natural-earth-vector,https://raw.githubusercontent.com/nvkelso/natural-earth-vector/master/geojson/ne_50m_admin_0_countries.geojson,geojson,Public domain (Natural Earth),Natural Earth (Nathaniel Vaughn Kelso and Tom Patterson),regional,media/locator/geoconcept/yucatan-peninsula-locator.svg,false,true,selected,Rendered locally by scripts/_geo_base.py (exact plate-carree) from Natural Earth 50m admin-0 country polygons; regional locator with marker
geoconcept-guajira-peninsula-locator,GeoConcept,guajira-peninsula,locator_map,https://github.com/nvkelso/natural-earth-vector,https://raw.githubusercontent.com/nvkelso/natural-earth-vector/master/geojson/ne_50m_admin_0_countries.geojson,geojson,Public domain (Natural Earth),Natural Earth (Nathaniel Vaughn Kelso and Tom Patterson),regional,media/locator/geoconcept/guajira-peninsula-locator.svg,false,true,selected,Rendered locally by scripts/_geo_base.py (exact plate-carree) from Natural Earth 50m admin-0 country polygons; regional locator with marker
geoconcept-isthmus-of-kra-locator,GeoConcept,isthmus-of-kra,locator_map,https://github.com/nvkelso/natural-earth-vector,https://raw.githubusercontent.com/nvkelso/natural-earth-vector/master/geojson/ne_50m_admin_0_countries.geojson,geojson,Public domain (Natural Earth),Natural Earth (Nathaniel Vaughn Kelso and Tom Patterson),regional,media/locator/geoconcept/isthmus-of-kra-locator.svg,false,true,selected,Rendered locally by scripts/_geo_base.py (exact plate-carree) from Natural Earth 50m admin-0 country polygons; regional locator with marker
geoconcept-isthmus-of-suez-locator,GeoConcept,isthmus-of-suez,locator_map,https://github.com/nvkelso/natural-earth-vector,https://raw.githubusercontent.com/nvkelso/natural-earth-vector/master/geojson/ne_50m_admin_0_countries.geojson,geojson,Public domain (Natural Earth),Natural Earth (Nathaniel Vaughn Kelso and Tom Patterson),regional,media/locator/geoconcept/isthmus-of-suez-locator.svg,false,true,selected,Rendered locally by scripts/_geo_base.py (exact plate-carree) from Natural Earth 50m admin-0 country polygons; regional locator with marker
geoconcept-kalahari-desert-locator,GeoConcept,kalahari-desert,locator_map,https://github.com/nvkelso/natural-earth-vector,https://raw.githubusercontent.com/nvkelso/natural-earth-vector/master/geojson/ne_10m_geography_regions_polys.geojson,geojson,Public domain (Natural Earth),Natural Earth (Nathaniel Vaughn Kelso and Tom Patterson),regional,media/locator/geoconcept/kalahari-desert-region.svg,false,true,selected,Rendered locally by scripts/generate_areal_region_maps.py (exact plate-carree) from Natural Earth 10m physical-region polygons; feature shaded
geoconcept-atacama-desert-locator,GeoConcept,atacama-desert,locator_map,https://github.com/nvkelso/natural-earth-vector,https://raw.githubusercontent.com/nvkelso/natural-earth-vector/master/geojson/ne_10m_geography_regions_polys.geojson,geojson,Public domain (Natural Earth),Natural Earth (Nathaniel Vaughn Kelso and Tom Patterson),regional,media/locator/geoconcept/atacama-desert-region.svg,false,true,selected,Rendered locally by scripts/generate_areal_region_maps.py (exact plate-carree) from Natural Earth 10m physical-region polygons; feature shaded
geoconcept-sahara-locator,GeoConcept,sahara,locator_map,https://github.com/nvkelso/natural-earth-vector,https://raw.githubusercontent.com/nvkelso/natural-earth-vector/master/geojson/ne_10m_geography_regions_polys.geojson,geojson,Public domain (Natural Earth),Natural Earth (Nathaniel Vaughn Kelso and Tom Patterson),regional,media/locator/geoconcept/sahara-region.svg,false,true,selected,Rendered locally by scripts/generate_areal_region_maps.py (exact plate-carree) from Natural Earth 10m physical-region polygons; feature shaded
geoconcept-arabian-desert-locator,GeoConcept,arabian-desert,locator_map,https://github.com/nvkelso/natural-earth-vector,https://raw.githubusercontent.com/nvkelso/natural-earth-vector/master/geojson/ne_50m_admin_0_countries.geojson,geojson,Public domain (Natural Earth),Natural Earth (Nathaniel Vaughn Kelso and Tom Patterson),regional,media/locator/geoconcept/arabian-desert-locator.svg,false,true,selected,Rendered locally by scripts/_geo_base.py (exact plate-carree) from Natural Earth 50m admin-0 country polygons; regional locator with marker
geoconcept-arabian-desert-blank,GeoConcept,arabian-desert,blank_map,https://github.com/nvkelso/natural-earth-vector,https://raw.githubusercontent.com/nvkelso/natural-earth-vector/master/geojson/ne_110m_land.geojson,geojson,Public domain (Natural Earth),Natural Earth (Nathaniel Vaughn Kelso and Tom Patterson),world,media/blank/geoconcept/world-blank.svg,false,true,selected,"Shared blank world map (scripts/generate_world_base.py); find-it front, no marker"
geoconcept-gobi-desert-locator,GeoConcept,gobi-desert,locator_map,https://github.com/nvkelso/natural-earth-vector,https://raw.githubusercontent.com/nvkelso/natural-earth-vector/master/geojson/ne_10m_geography_regions_polys.geojson,geojson,Public domain (Natural Earth),Natural Earth (Nathaniel Vaughn Kelso and Tom Patterson),regional,media/locator/geoconcept/gobi-desert-region.svg,false,true,selected,Rendered locally by scripts/generate_areal_region_maps.py (exact plate-carree) from Natural Earth 10m physical-region polygons; feature shaded
geoconcept-taklamakan-desert-locator,GeoConcept,taklamakan-desert,locator_map,https://github.com/nvkelso/natural-earth-vector,https://raw.githubusercontent.com/nvkelso/natural-earth-vector/master/geojson/ne_10m_geography_regions_polys.geojson,geojson,Public domain (Natural Earth),Natural Earth (Nathaniel Vaughn Kelso and Tom Patterson),regional,media/locator/geoconcept/taklamakan-desert-region.svg,false,true,selected,Rendered locally by scripts/generate_areal_region_maps.py (exact plate-carree) from Natural Earth 10m physical-region polygons; feature shaded
geoconcept-karakum-desert-locator,GeoConcept,karakum-desert,locator_map,https://commons.wikimedia.org/wiki/File:Karakum.png,https://upload.wikimedia.org/wikipedia/commons/4/4f/Karakum.png,svg,Original (hand-drawn outline),Project-authored,world,media/locator/geoconcept/karakum-desert.svg,false,true,selected,Rendered locally (scripts/generate_world_overlay_derivations.py) — approximate hand outline over the world map
geoconcept-kyzylkum-desert-locator,GeoConcept,kyzylkum-desert,locator_map,https://github.com/nvkelso/natural-earth-vector,https://raw.githubusercontent.com/nvkelso/natural-earth-vector/master/geojson/ne_50m_admin_0_countries.geojson,geojson,Public domain (Natural Earth),Natural Earth (Nathaniel Vaughn Kelso and Tom Patterson),regional,media/locator/geoconcept/kyzylkum-desert-locator.svg,false,true,selected,Rendered locally by scripts/_geo_base.py (exact plate-carree) from Natural Earth 50m admin-0 country polygons; regional locator with marker
geoconcept-kyzylkum-desert-blank,GeoConcept,kyzylkum-desert,blank_map,https://github.com/nvkelso/natural-earth-vector,https://raw.githubusercontent.com/nvkelso/natural-earth-vector/master/geojson/ne_110m_land.geojson,geojson,Public domain (Natural Earth),Natural Earth (Nathaniel Vaughn Kelso and Tom Patterson),world,media/blank/geoconcept/world-blank.svg,false,true,selected,"Shared blank world map (scripts/generate_world_base.py); find-it front, no marker"
geoconcept-namib-desert-locator,GeoConcept,namib-desert,locator_map,https://github.com/nvkelso/natural-earth-vector,https://raw.githubusercontent.com/nvkelso/natural-earth-vector/master/geojson/ne_50m_admin_0_countries.geojson,geojson,Public domain (Natural Earth),Natural Earth (Nathaniel Vaughn Kelso and Tom Patterson),regional,media/locator/geoconcept/namib-desert-locator.svg,false,true,selected,Rendered locally by scripts/_geo_base.py (exact plate-carree) from Natural Earth 50m admin-0 country polygons; regional locator with marker
geoconcept-namib-desert-blank,GeoConcept,namib-desert,blank_map,https://github.com/nvkelso/natural-earth-vector,https://raw.githubusercontent.com/nvkelso/natural-earth-vector/master/geojson/ne_110m_land.geojson,geojson,Public domain (Natural Earth),Natural Earth (Nathaniel Vaughn Kelso and Tom Patterson),world,media/blank/geoconcept/world-blank.svg,false,true,selected,"Shared blank world map (scripts/generate_world_base.py); find-it front, no marker"
geoconcept-mojave-desert-locator,GeoConcept,mojave-desert,locator_map,https://commons.wikimedia.org/wiki/File:Mojave_Desert_map.svg,https://upload.wikimedia.org/wikipedia/commons/a/a1/Mojave_Desert_map.svg,svg,Original (hand-drawn outline),Project-authored,world,media/locator/geoconcept/mojave-desert.svg,false,true,selected,Rendered locally (scripts/generate_world_overlay_derivations.py) — approximate hand outline over the world map
geoconcept-sonoran-desert-locator,GeoConcept,sonoran-desert,locator_map,https://github.com/nvkelso/natural-earth-vector,https://raw.githubusercontent.com/nvkelso/natural-earth-vector/master/geojson/ne_10m_geography_regions_polys.geojson,geojson,Public domain (Natural Earth),Natural Earth (Nathaniel Vaughn Kelso and Tom Patterson),regional,media/locator/geoconcept/sonoran-desert-region.svg,false,true,selected,Rendered locally by scripts/generate_areal_region_maps.py (exact plate-carree) from Natural Earth 10m physical-region polygons; feature shaded
geoconcept-chihuahuan-desert-locator,GeoConcept,chihuahuan-desert,locator_map,https://github.com/nvkelso/natural-earth-vector,https://raw.githubusercontent.com/nvkelso/natural-earth-vector/master/geojson/ne_10m_geography_regions_polys.geojson,geojson,Public domain (Natural Earth),Natural Earth (Nathaniel Vaughn Kelso and Tom Patterson),regional,media/locator/geoconcept/chihuahuan-desert-region.svg,false,true,selected,Rendered locally by scripts/generate_areal_region_maps.py (exact plate-carree) from Natural Earth 10m physical-region polygons; feature shaded
geoconcept-great-victoria-desert-locator,GeoConcept,great-victoria-desert,locator_map,https://github.com/nvkelso/natural-earth-vector,https://raw.githubusercontent.com/nvkelso/natural-earth-vector/master/geojson/ne_50m_admin_0_countries.geojson,geojson,Public domain (Natural Earth),Natural Earth (Nathaniel Vaughn Kelso and Tom Patterson),regional,media/locator/geoconcept/great-victoria-desert-locator.svg,false,true,selected,Rendered locally by scripts/_geo_base.py (exact plate-carree) from Natural Earth 50m admin-0 country polygons; regional locator with marker
geoconcept-great-victoria-desert-blank,GeoConcept,great-victoria-desert,blank_map,https://github.com/nvkelso/natural-earth-vector,https://raw.githubusercontent.com/nvkelso/natural-earth-vector/master/geojson/ne_110m_land.geojson,geojson,Public domain (Natural Earth),Natural Earth (Nathaniel Vaughn Kelso and Tom Patterson),world,media/blank/geoconcept/world-blank.svg,false,true,selected,"Shared blank world map (scripts/generate_world_base.py); find-it front, no marker"
geoconcept-thar-desert-locator,GeoConcept,thar-desert,locator_map,https://github.com/nvkelso/natural-earth-vector,https://raw.githubusercontent.com/nvkelso/natural-earth-vector/master/geojson/ne_10m_geography_regions_polys.geojson,geojson,Public domain (Natural Earth),Natural Earth (Nathaniel Vaughn Kelso and Tom Patterson),regional,media/locator/geoconcept/thar-desert-region.svg,false,true,selected,Rendered locally by scripts/generate_areal_region_maps.py (exact plate-carree) from Natural Earth 10m physical-region polygons; feature shaded
geoconcept-great-sandy-desert-locator,GeoConcept,great-sandy-desert,locator_map,https://github.com/nvkelso/natural-earth-vector,https://raw.githubusercontent.com/nvkelso/natural-earth-vector/master/geojson/ne_10m_geography_regions_polys.geojson,geojson,Public domain (Natural Earth),Natural Earth (Nathaniel Vaughn Kelso and Tom Patterson),regional,media/locator/geoconcept/great-sandy-desert-region.svg,false,true,selected,Rendered locally by scripts/generate_areal_region_maps.py (exact plate-carree) from Natural Earth 10m physical-region polygons; feature shaded
geoconcept-simpson-desert-locator,GeoConcept,simpson-desert,locator_map,https://github.com/nvkelso/natural-earth-vector,https://raw.githubusercontent.com/nvkelso/natural-earth-vector/master/geojson/ne_10m_geography_regions_polys.geojson,geojson,Public domain (Natural Earth),Natural Earth (Nathaniel Vaughn Kelso and Tom Patterson),regional,media/locator/geoconcept/simpson-desert-region.svg,false,true,selected,Rendered locally by scripts/generate_areal_region_maps.py (exact plate-carree) from Natural Earth 10m physical-region polygons; feature shaded
geoconcept-dasht-e-kavir-locator,GeoConcept,dasht-e-kavir,locator_map,https://github.com/nvkelso/natural-earth-vector,https://raw.githubusercontent.com/nvkelso/natural-earth-vector/master/geojson/ne_10m_geography_regions_polys.geojson,geojson,Public domain (Natural Earth),Natural Earth (Nathaniel Vaughn Kelso and Tom Patterson),regional,media/locator/geoconcept/dasht-e-kavir-region.svg,false,true,selected,Rendered locally by scripts/generate_areal_region_maps.py (exact plate-carree) from Natural Earth 10m physical-region polygons; feature shaded
geoconcept-dasht-e-lut-locator,GeoConcept,dasht-e-lut,locator_map,https://github.com/nvkelso/natural-earth-vector,https://raw.githubusercontent.com/nvkelso/natural-earth-vector/master/geojson/ne_50m_admin_0_countries.geojson,geojson,Public domain (Natural Earth),Natural Earth (Nathaniel Vaughn Kelso and Tom Patterson),regional,media/locator/geoconcept/dasht-e-lut-locator.svg,false,true,selected,Rendered locally by scripts/_geo_base.py (exact plate-carree) from Natural Earth 50m admin-0 country polygons; regional locator with marker
geoconcept-dasht-e-lut-blank,GeoConcept,dasht-e-lut,blank_map,https://github.com/nvkelso/natural-earth-vector,https://raw.githubusercontent.com/nvkelso/natural-earth-vector/master/geojson/ne_110m_land.geojson,geojson,Public domain (Natural Earth),Natural Earth (Nathaniel Vaughn Kelso and Tom Patterson),world,media/blank/geoconcept/world-blank.svg,false,true,selected,"Shared blank world map (scripts/generate_world_base.py); find-it front, no marker"
geoconcept-andes-locator,GeoConcept,andes,locator_map,https://github.com/nvkelso/natural-earth-vector,https://raw.githubusercontent.com/nvkelso/natural-earth-vector/master/geojson/ne_10m_geography_regions_polys.geojson,geojson,Public domain (Natural Earth),Natural Earth (Nathaniel Vaughn Kelso and Tom Patterson),regional,media/locator/geoconcept/andes-region.svg,false,true,selected,Rendered locally by scripts/generate_areal_region_maps.py (exact plate-carree) from Natural Earth 10m physical-region polygons; feature shaded
geoconcept-rocky-mountains-locator,GeoConcept,rocky-mountains,locator_map,https://github.com/nvkelso/natural-earth-vector,https://raw.githubusercontent.com/nvkelso/natural-earth-vector/master/geojson/ne_10m_geography_regions_polys.geojson,geojson,Public domain (Natural Earth),Natural Earth (Nathaniel Vaughn Kelso and Tom Patterson),regional,media/locator/geoconcept/rocky-mountains-region.svg,false,true,selected,Rendered locally by scripts/generate_areal_region_maps.py (exact plate-carree) from Natural Earth 10m physical-region polygons; feature shaded
geoconcept-ural-mountains-locator,GeoConcept,ural-mountains,locator_map,https://github.com/nvkelso/natural-earth-vector,https://raw.githubusercontent.com/nvkelso/natural-earth-vector/master/geojson/ne_50m_admin_0_countries.geojson,geojson,Public domain (Natural Earth),Natural Earth (Nathaniel Vaughn Kelso and Tom Patterson),regional,media/locator/geoconcept/ural-mountains-locator.svg,false,true,selected,Rendered locally by scripts/_geo_base.py (exact plate-carree) from Natural Earth 50m admin-0 country polygons; regional locator with marker
geoconcept-ural-mountains-blank,GeoConcept,ural-mountains,blank_map,https://github.com/nvkelso/natural-earth-vector,https://raw.githubusercontent.com/nvkelso/natural-earth-vector/master/geojson/ne_110m_land.geojson,geojson,Public domain (Natural Earth),Natural Earth (Nathaniel Vaughn Kelso and Tom Patterson),world,media/blank/geoconcept/world-blank.svg,false,true,selected,"Shared blank world map (scripts/generate_world_base.py); find-it front, no marker"
geoconcept-zagros-mountains-locator,GeoConcept,zagros-mountains,locator_map,https://github.com/nvkelso/natural-earth-vector,https://raw.githubusercontent.com/nvkelso/natural-earth-vector/master/geojson/ne_50m_admin_0_countries.geojson,geojson,Public domain (Natural Earth),Natural Earth (Nathaniel Vaughn Kelso and Tom Patterson),regional,media/locator/geoconcept/zagros-mountains-locator.svg,false,true,selected,Rendered locally by scripts/_geo_base.py (exact plate-carree) from Natural Earth 50m admin-0 country polygons; regional locator with marker
geoconcept-zagros-mountains-blank,GeoConcept,zagros-mountains,blank_map,https://github.com/nvkelso/natural-earth-vector,https://raw.githubusercontent.com/nvkelso/natural-earth-vector/master/geojson/ne_110m_land.geojson,geojson,Public domain (Natural Earth),Natural Earth (Nathaniel Vaughn Kelso and Tom Patterson),world,media/blank/geoconcept/world-blank.svg,false,true,selected,"Shared blank world map (scripts/generate_world_base.py); find-it front, no marker"
geoconcept-great-dividing-range-locator,GeoConcept,great-dividing-range,locator_map,https://github.com/nvkelso/natural-earth-vector,https://raw.githubusercontent.com/nvkelso/natural-earth-vector/master/geojson/ne_50m_admin_0_countries.geojson,geojson,Public domain (Natural Earth),Natural Earth (Nathaniel Vaughn Kelso and Tom Patterson),regional,media/locator/geoconcept/great-dividing-range-locator.svg,false,true,selected,Rendered locally by scripts/_geo_base.py (exact plate-carree) from Natural Earth 50m admin-0 country polygons; regional locator with marker
geoconcept-great-dividing-range-blank,GeoConcept,great-dividing-range,blank_map,https://github.com/nvkelso/natural-earth-vector,https://raw.githubusercontent.com/nvkelso/natural-earth-vector/master/geojson/ne_110m_land.geojson,geojson,Public domain (Natural Earth),Natural Earth (Nathaniel Vaughn Kelso and Tom Patterson),world,media/blank/geoconcept/world-blank.svg,false,true,selected,"Shared blank world map (scripts/generate_world_base.py); find-it front, no marker"
geoconcept-appalachian-mountains-locator,GeoConcept,appalachian-mountains,locator_map,https://github.com/nvkelso/natural-earth-vector,https://raw.githubusercontent.com/nvkelso/natural-earth-vector/master/geojson/ne_50m_admin_0_countries.geojson,geojson,Public domain (Natural Earth),Natural Earth (Nathaniel Vaughn Kelso and Tom Patterson),regional,media/locator/geoconcept/appalachian-mountains-locator.svg,false,true,selected,Rendered locally by scripts/_geo_base.py (exact plate-carree) from Natural Earth 50m admin-0 country polygons; regional locator with marker
geoconcept-appalachian-mountains-blank,GeoConcept,appalachian-mountains,blank_map,https://github.com/nvkelso/natural-earth-vector,https://raw.githubusercontent.com/nvkelso/natural-earth-vector/master/geojson/ne_110m_land.geojson,geojson,Public domain (Natural Earth),Natural Earth (Nathaniel Vaughn Kelso and Tom Patterson),world,media/blank/geoconcept/world-blank.svg,false,true,selected,"Shared blank world map (scripts/generate_world_base.py); find-it front, no marker"
geoconcept-alps-locator,GeoConcept,alps,locator_map,https://github.com/nvkelso/natural-earth-vector,https://raw.githubusercontent.com/nvkelso/natural-earth-vector/master/geojson/ne_50m_admin_0_countries.geojson,geojson,Public domain (Natural Earth),Natural Earth (Nathaniel Vaughn Kelso and Tom Patterson),regional,media/locator/geoconcept/alps-locator.svg,false,true,selected,Rendered locally by scripts/_geo_base.py (exact plate-carree) from Natural Earth 50m admin-0 country polygons; regional locator with marker
geoconcept-alps-blank,GeoConcept,alps,blank_map,https://github.com/nvkelso/natural-earth-vector,https://raw.githubusercontent.com/nvkelso/natural-earth-vector/master/geojson/ne_110m_land.geojson,geojson,Public domain (Natural Earth),Natural Earth (Nathaniel Vaughn Kelso and Tom Patterson),world,media/blank/geoconcept/world-blank.svg,false,true,selected,"Shared blank world map (scripts/generate_world_base.py); find-it front, no marker"
geoconcept-atlas-mountains-locator,GeoConcept,atlas-mountains,locator_map,https://github.com/nvkelso/natural-earth-vector,https://raw.githubusercontent.com/nvkelso/natural-earth-vector/master/geojson/ne_50m_admin_0_countries.geojson,geojson,Public domain (Natural Earth),Natural Earth (Nathaniel Vaughn Kelso and Tom Patterson),regional,media/locator/geoconcept/atlas-mountains-locator.svg,false,true,selected,Rendered locally by scripts/_geo_base.py (exact plate-carree) from Natural Earth 50m admin-0 country polygons; regional locator with marker
geoconcept-atlas-mountains-blank,GeoConcept,atlas-mountains,blank_map,https://github.com/nvkelso/natural-earth-vector,https://raw.githubusercontent.com/nvkelso/natural-earth-vector/master/geojson/ne_110m_land.geojson,geojson,Public domain (Natural Earth),Natural Earth (Nathaniel Vaughn Kelso and Tom Patterson),world,media/blank/geoconcept/world-blank.svg,false,true,selected,"Shared blank world map (scripts/generate_world_base.py); find-it front, no marker"
geoconcept-himalayas-locator,GeoConcept,himalayas,locator_map,https://github.com/nvkelso/natural-earth-vector,https://raw.githubusercontent.com/nvkelso/natural-earth-vector/master/geojson/ne_50m_admin_0_countries.geojson,geojson,Public domain (Natural Earth),Natural Earth (Nathaniel Vaughn Kelso and Tom Patterson),regional,media/locator/geoconcept/himalayas-locator.svg,false,true,selected,Rendered locally by scripts/_geo_base.py (exact plate-carree) from Natural Earth 50m admin-0 country polygons; regional locator with marker
geoconcept-himalayas-blank,GeoConcept,himalayas,blank_map,https://github.com/nvkelso/natural-earth-vector,https://raw.githubusercontent.com/nvkelso/natural-earth-vector/master/geojson/ne_110m_land.geojson,geojson,Public domain (Natural Earth),Natural Earth (Nathaniel Vaughn Kelso and Tom Patterson),world,media/blank/geoconcept/world-blank.svg,false,true,selected,"Shared blank world map (scripts/generate_world_base.py); find-it front, no marker"
geoconcept-carpathians-locator,GeoConcept,carpathians,locator_map,https://github.com/nvkelso/natural-earth-vector,https://raw.githubusercontent.com/nvkelso/natural-earth-vector/master/geojson/ne_10m_geography_regions_polys.geojson,geojson,Public domain (Natural Earth),Natural Earth (Nathaniel Vaughn Kelso and Tom Patterson),regional,media/locator/geoconcept/carpathians-region.svg,false,true,selected,Rendered locally by scripts/generate_areal_region_maps.py (exact plate-carree) from Natural Earth 10m physical-region polygons; feature shaded
geoconcept-karakoram-locator,GeoConcept,karakoram,locator_map,https://github.com/nvkelso/natural-earth-vector,https://raw.githubusercontent.com/nvkelso/natural-earth-vector/master/geojson/ne_10m_geography_regions_polys.geojson,geojson,Public domain (Natural Earth),Natural Earth (Nathaniel Vaughn Kelso and Tom Patterson),regional,media/locator/geoconcept/karakoram-region.svg,false,true,selected,Rendered locally by scripts/generate_areal_region_maps.py (exact plate-carree) from Natural Earth 10m physical-region polygons; feature shaded
geoconcept-hindu-kush-locator,GeoConcept,hindu-kush,locator_map,https://github.com/nvkelso/natural-earth-vector,https://raw.githubusercontent.com/nvkelso/natural-earth-vector/master/geojson/ne_50m_admin_0_countries.geojson,geojson,Public domain (Natural Earth),Natural Earth (Nathaniel Vaughn Kelso and Tom Patterson),regional,media/locator/geoconcept/hindu-kush-locator.svg,false,true,selected,Rendered locally by scripts/_geo_base.py (exact plate-carree) from Natural Earth 50m admin-0 country polygons; regional locator with marker
geoconcept-hindu-kush-blank,GeoConcept,hindu-kush,blank_map,https://github.com/nvkelso/natural-earth-vector,https://raw.githubusercontent.com/nvkelso/natural-earth-vector/master/geojson/ne_110m_land.geojson,geojson,Public domain (Natural Earth),Natural Earth (Nathaniel Vaughn Kelso and Tom Patterson),world,media/blank/geoconcept/world-blank.svg,false,true,selected,"Shared blank world map (scripts/generate_world_base.py); find-it front, no marker"
geoconcept-tian-shan-locator,GeoConcept,tian-shan,locator_map,https://github.com/nvkelso/natural-earth-vector,https://raw.githubusercontent.com/nvkelso/natural-earth-vector/master/geojson/ne_50m_admin_0_countries.geojson,geojson,Public domain (Natural Earth),Natural Earth (Nathaniel Vaughn Kelso and Tom Patterson),regional,media/locator/geoconcept/tian-shan-locator.svg,false,true,selected,Rendered locally by scripts/_geo_base.py (exact plate-carree) from Natural Earth 50m admin-0 country polygons; regional locator with marker
geoconcept-tian-shan-blank,GeoConcept,tian-shan,blank_map,https://github.com/nvkelso/natural-earth-vector,https://raw.githubusercontent.com/nvkelso/natural-earth-vector/master/geojson/ne_110m_land.geojson,geojson,Public domain (Natural Earth),Natural Earth (Nathaniel Vaughn Kelso and Tom Patterson),world,media/blank/geoconcept/world-blank.svg,false,true,selected,"Shared blank world map (scripts/generate_world_base.py); find-it front, no marker"
geoconcept-drakensberg-locator,GeoConcept,drakensberg,locator_map,https://github.com/nvkelso/natural-earth-vector,https://raw.githubusercontent.com/nvkelso/natural-earth-vector/master/geojson/ne_50m_admin_0_countries.geojson,geojson,Public domain (Natural Earth),Natural Earth (Nathaniel Vaughn Kelso and Tom Patterson),regional,media/locator/geoconcept/drakensberg-locator.svg,false,true,selected,Rendered locally by scripts/_geo_base.py (exact plate-carree) from Natural Earth 50m admin-0 country polygons; regional locator with marker
geoconcept-drakensberg-blank,GeoConcept,drakensberg,blank_map,https://github.com/nvkelso/natural-earth-vector,https://raw.githubusercontent.com/nvkelso/natural-earth-vector/master/geojson/ne_110m_land.geojson,geojson,Public domain (Natural Earth),Natural Earth (Nathaniel Vaughn Kelso and Tom Patterson),world,media/blank/geoconcept/world-blank.svg,false,true,selected,"Shared blank world map (scripts/generate_world_base.py); find-it front, no marker"
geoconcept-pyrenees-locator,GeoConcept,pyrenees,locator_map,https://github.com/nvkelso/natural-earth-vector,https://raw.githubusercontent.com/nvkelso/natural-earth-vector/master/geojson/ne_50m_admin_0_countries.geojson,geojson,Public domain (Natural Earth),Natural Earth (Nathaniel Vaughn Kelso and Tom Patterson),regional,media/locator/geoconcept/pyrenees-locator.svg,false,true,selected,Rendered locally by scripts/_geo_base.py (exact plate-carree) from Natural Earth 50m admin-0 country polygons; regional locator with marker
geoconcept-pyrenees-blank,GeoConcept,pyrenees,blank_map,https://github.com/nvkelso/natural-earth-vector,https://raw.githubusercontent.com/nvkelso/natural-earth-vector/master/geojson/ne_110m_land.geojson,geojson,Public domain (Natural Earth),Natural Earth (Nathaniel Vaughn Kelso and Tom Patterson),world,media/blank/geoconcept/world-blank.svg,false,true,selected,"Shared blank world map (scripts/generate_world_base.py); find-it front, no marker"
geoconcept-apennines-locator,GeoConcept,apennines,locator_map,https://github.com/nvkelso/natural-earth-vector,https://raw.githubusercontent.com/nvkelso/natural-earth-vector/master/geojson/ne_50m_admin_0_countries.geojson,geojson,Public domain (Natural Earth),Natural Earth (Nathaniel Vaughn Kelso and Tom Patterson),regional,media/locator/geoconcept/apennines-locator.svg,false,true,selected,Rendered locally by scripts/_geo_base.py (exact plate-carree) from Natural Earth 50m admin-0 country polygons; regional locator with marker
geoconcept-apennines-blank,GeoConcept,apennines,blank_map,https://github.com/nvkelso/natural-earth-vector,https://raw.githubusercontent.com/nvkelso/natural-earth-vector/master/geojson/ne_110m_land.geojson,geojson,Public domain (Natural Earth),Natural Earth (Nathaniel Vaughn Kelso and Tom Patterson),world,media/blank/geoconcept/world-blank.svg,false,true,selected,"Shared blank world map (scripts/generate_world_base.py); find-it front, no marker"
geoconcept-altai-mountains-locator,GeoConcept,altai-mountains,locator_map,https://github.com/nvkelso/natural-earth-vector,https://raw.githubusercontent.com/nvkelso/natural-earth-vector/master/geojson/ne_50m_admin_0_countries.geojson,geojson,Public domain (Natural Earth),Natural Earth (Nathaniel Vaughn Kelso and Tom Patterson),regional,media/locator/geoconcept/altai-mountains-locator.svg,false,true,selected,Rendered locally by scripts/_geo_base.py (exact plate-carree) from Natural Earth 50m admin-0 country polygons; regional locator with marker
geoconcept-altai-mountains-blank,GeoConcept,altai-mountains,blank_map,https://github.com/nvkelso/natural-earth-vector,https://raw.githubusercontent.com/nvkelso/natural-earth-vector/master/geojson/ne_110m_land.geojson,geojson,Public domain (Natural Earth),Natural Earth (Nathaniel Vaughn Kelso and Tom Patterson),world,media/blank/geoconcept/world-blank.svg,false,true,selected,"Shared blank world map (scripts/generate_world_base.py); find-it front, no marker"
geoconcept-tibetan-plateau-locator,GeoConcept,tibetan-plateau,locator_map,https://github.com/nvkelso/natural-earth-vector,https://raw.githubusercontent.com/nvkelso/natural-earth-vector/master/geojson/ne_50m_admin_0_countries.geojson,geojson,Public domain (Natural Earth),Natural Earth (Nathaniel Vaughn Kelso and Tom Patterson),regional,media/locator/geoconcept/tibetan-plateau-locator.svg,false,true,selected,Rendered locally by scripts/_geo_base.py (exact plate-carree) from Natural Earth 50m admin-0 country polygons; regional locator with marker
geoconcept-tibetan-plateau-blank,GeoConcept,tibetan-plateau,blank_map,https://github.com/nvkelso/natural-earth-vector,https://raw.githubusercontent.com/nvkelso/natural-earth-vector/master/geojson/ne_110m_land.geojson,geojson,Public domain (Natural Earth),Natural Earth (Nathaniel Vaughn Kelso and Tom Patterson),world,media/blank/geoconcept/world-blank.svg,false,true,selected,"Shared blank world map (scripts/generate_world_base.py); find-it front, no marker"
geoconcept-deccan-plateau-locator,GeoConcept,deccan-plateau,locator_map,https://github.com/nvkelso/natural-earth-vector,https://raw.githubusercontent.com/nvkelso/natural-earth-vector/master/geojson/ne_50m_admin_0_countries.geojson,geojson,Public domain (Natural Earth),Natural Earth (Nathaniel Vaughn Kelso and Tom Patterson),regional,media/locator/geoconcept/deccan-plateau-locator.svg,false,true,selected,Rendered locally by scripts/_geo_base.py (exact plate-carree) from Natural Earth 50m admin-0 country polygons; regional locator with marker
geoconcept-deccan-plateau-blank,GeoConcept,deccan-plateau,blank_map,https://github.com/nvkelso/natural-earth-vector,https://raw.githubusercontent.com/nvkelso/natural-earth-vector/master/geojson/ne_110m_land.geojson,geojson,Public domain (Natural Earth),Natural Earth (Nathaniel Vaughn Kelso and Tom Patterson),world,media/blank/geoconcept/world-blank.svg,false,true,selected,"Shared blank world map (scripts/generate_world_base.py); find-it front, no marker"
geoconcept-colorado-plateau-locator,GeoConcept,colorado-plateau,locator_map,https://github.com/nvkelso/natural-earth-vector,https://raw.githubusercontent.com/nvkelso/natural-earth-vector/master/geojson/ne_50m_admin_0_countries.geojson,geojson,Public domain (Natural Earth),Natural Earth (Nathaniel Vaughn Kelso and Tom Patterson),regional,media/locator/geoconcept/colorado-plateau-locator.svg,false,true,selected,Rendered locally by scripts/_geo_base.py (exact plate-carree) from Natural Earth 50m admin-0 country polygons; regional locator with marker
geoconcept-colorado-plateau-blank,GeoConcept,colorado-plateau,blank_map,https://github.com/nvkelso/natural-earth-vector,https://raw.githubusercontent.com/nvkelso/natural-earth-vector/master/geojson/ne_110m_land.geojson,geojson,Public domain (Natural Earth),Natural Earth (Nathaniel Vaughn Kelso and Tom Patterson),world,media/blank/geoconcept/world-blank.svg,false,true,selected,"Shared blank world map (scripts/generate_world_base.py); find-it front, no marker"
geoconcept-mexican-plateau-locator,GeoConcept,mexican-plateau,locator_map,https://github.com/nvkelso/natural-earth-vector,https://raw.githubusercontent.com/nvkelso/natural-earth-vector/master/geojson/ne_50m_admin_0_countries.geojson,geojson,Public domain (Natural Earth),Natural Earth (Nathaniel Vaughn Kelso and Tom Patterson),regional,media/locator/geoconcept/mexican-plateau-locator.svg,false,true,selected,Rendered locally by scripts/_geo_base.py (exact plate-carree) from Natural Earth 50m admin-0 country polygons; regional locator with marker
geoconcept-mexican-plateau-blank,GeoConcept,mexican-plateau,blank_map,https://github.com/nvkelso/natural-earth-vector,https://raw.githubusercontent.com/nvkelso/natural-earth-vector/master/geojson/ne_110m_land.geojson,geojson,Public domain (Natural Earth),Natural Earth (Nathaniel Vaughn Kelso and Tom Patterson),world,media/blank/geoconcept/world-blank.svg,false,true,selected,"Shared blank world map (scripts/generate_world_base.py); find-it front, no marker"
geoconcept-altiplano-locator,GeoConcept,altiplano,locator_map,https://github.com/nvkelso/natural-earth-vector,https://raw.githubusercontent.com/nvkelso/natural-earth-vector/master/geojson/ne_10m_geography_regions_polys.geojson,geojson,Public domain (Natural Earth),Natural Earth (Nathaniel Vaughn Kelso and Tom Patterson),regional,media/locator/geoconcept/altiplano-region.svg,false,true,selected,Rendered locally by scripts/generate_areal_region_maps.py (exact plate-carree) from Natural Earth 10m physical-region polygons; feature shaded
geoconcept-iranian-plateau-locator,GeoConcept,iranian-plateau,locator_map,https://github.com/nvkelso/natural-earth-vector,https://raw.githubusercontent.com/nvkelso/natural-earth-vector/master/geojson/ne_50m_admin_0_countries.geojson,geojson,Public domain (Natural Earth),Natural Earth (Nathaniel Vaughn Kelso and Tom Patterson),regional,media/locator/geoconcept/iranian-plateau-locator.svg,false,true,selected,Rendered locally by scripts/_geo_base.py (exact plate-carree) from Natural Earth 50m admin-0 country polygons; regional locator with marker
geoconcept-iranian-plateau-blank,GeoConcept,iranian-plateau,blank_map,https://github.com/nvkelso/natural-earth-vector,https://raw.githubusercontent.com/nvkelso/natural-earth-vector/master/geojson/ne_110m_land.geojson,geojson,Public domain (Natural Earth),Natural Earth (Nathaniel Vaughn Kelso and Tom Patterson),world,media/blank/geoconcept/world-blank.svg,false,true,selected,"Shared blank world map (scripts/generate_world_base.py); find-it front, no marker"
geoconcept-anatolian-plateau-locator,GeoConcept,anatolian-plateau,locator_map,https://github.com/nvkelso/natural-earth-vector,https://raw.githubusercontent.com/nvkelso/natural-earth-vector/master/geojson/ne_50m_admin_0_countries.geojson,geojson,Public domain (Natural Earth),Natural Earth (Nathaniel Vaughn Kelso and Tom Patterson),regional,media/locator/geoconcept/anatolian-plateau-locator.svg,false,true,selected,Rendered locally by scripts/_geo_base.py (exact plate-carree) from Natural Earth 50m admin-0 country polygons; regional locator with marker
geoconcept-anatolian-plateau-blank,GeoConcept,anatolian-plateau,blank_map,https://github.com/nvkelso/natural-earth-vector,https://raw.githubusercontent.com/nvkelso/natural-earth-vector/master/geojson/ne_110m_land.geojson,geojson,Public domain (Natural Earth),Natural Earth (Nathaniel Vaughn Kelso and Tom Patterson),world,media/blank/geoconcept/world-blank.svg,false,true,selected,"Shared blank world map (scripts/generate_world_base.py); find-it front, no marker"
geoconcept-mongolian-plateau-locator,GeoConcept,mongolian-plateau,locator_map,https://github.com/nvkelso/natural-earth-vector,https://raw.githubusercontent.com/nvkelso/natural-earth-vector/master/geojson/ne_50m_admin_0_countries.geojson,geojson,Public domain (Natural Earth),Natural Earth (Nathaniel Vaughn Kelso and Tom Patterson),regional,media/locator/geoconcept/mongolian-plateau-locator.svg,false,true,selected,Rendered locally by scripts/_geo_base.py (exact plate-carree) from Natural Earth 50m admin-0 country polygons; regional locator with marker
geoconcept-mongolian-plateau-blank,GeoConcept,mongolian-plateau,blank_map,https://github.com/nvkelso/natural-earth-vector,https://raw.githubusercontent.com/nvkelso/natural-earth-vector/master/geojson/ne_110m_land.geojson,geojson,Public domain (Natural Earth),Natural Earth (Nathaniel Vaughn Kelso and Tom Patterson),world,media/blank/geoconcept/world-blank.svg,false,true,selected,"Shared blank world map (scripts/generate_world_base.py); find-it front, no marker"
geoconcept-brazilian-highlands-locator,GeoConcept,brazilian-highlands,locator_map,https://github.com/nvkelso/natural-earth-vector,https://raw.githubusercontent.com/nvkelso/natural-earth-vector/master/geojson/ne_50m_admin_0_countries.geojson,geojson,Public domain (Natural Earth),Natural Earth (Nathaniel Vaughn Kelso and Tom Patterson),regional,media/locator/geoconcept/brazilian-highlands-locator.svg,false,true,selected,Rendered locally by scripts/_geo_base.py (exact plate-carree) from Natural Earth 50m admin-0 country polygons; regional locator with marker
geoconcept-brazilian-highlands-blank,GeoConcept,brazilian-highlands,blank_map,https://github.com/nvkelso/natural-earth-vector,https://raw.githubusercontent.com/nvkelso/natural-earth-vector/master/geojson/ne_110m_land.geojson,geojson,Public domain (Natural Earth),Natural Earth (Nathaniel Vaughn Kelso and Tom Patterson),world,media/blank/geoconcept/world-blank.svg,false,true,selected,"Shared blank world map (scripts/generate_world_base.py); find-it front, no marker"
geoconcept-ethiopian-highlands-locator,GeoConcept,ethiopian-highlands,locator_map,https://github.com/nvkelso/natural-earth-vector,https://raw.githubusercontent.com/nvkelso/natural-earth-vector/master/geojson/ne_50m_admin_0_countries.geojson,geojson,Public domain (Natural Earth),Natural Earth (Nathaniel Vaughn Kelso and Tom Patterson),regional,media/locator/geoconcept/ethiopian-highlands-locator.svg,false,true,selected,Rendered locally by scripts/_geo_base.py (exact plate-carree) from Natural Earth 50m admin-0 country polygons; regional locator with marker
geoconcept-ethiopian-highlands-blank,GeoConcept,ethiopian-highlands,blank_map,https://github.com/nvkelso/natural-earth-vector,https://raw.githubusercontent.com/nvkelso/natural-earth-vector/master/geojson/ne_110m_land.geojson,geojson,Public domain (Natural Earth),Natural Earth (Nathaniel Vaughn Kelso and Tom Patterson),world,media/blank/geoconcept/world-blank.svg,false,true,selected,"Shared blank world map (scripts/generate_world_base.py); find-it front, no marker"
geoconcept-amazon-basin-locator,GeoConcept,amazon-basin,locator_map,https://github.com/nvkelso/natural-earth-vector,https://raw.githubusercontent.com/nvkelso/natural-earth-vector/master/geojson/ne_50m_admin_0_countries.geojson,geojson,Public domain (Natural Earth),Natural Earth (Nathaniel Vaughn Kelso and Tom Patterson),regional,media/locator/geoconcept/amazon-basin-locator.svg,false,true,selected,Rendered locally by scripts/_geo_base.py (exact plate-carree) from Natural Earth 50m admin-0 country polygons; regional locator with marker
geoconcept-amazon-basin-blank,GeoConcept,amazon-basin,blank_map,https://github.com/nvkelso/natural-earth-vector,https://raw.githubusercontent.com/nvkelso/natural-earth-vector/master/geojson/ne_110m_land.geojson,geojson,Public domain (Natural Earth),Natural Earth (Nathaniel Vaughn Kelso and Tom Patterson),world,media/blank/geoconcept/world-blank.svg,false,true,selected,"Shared blank world map (scripts/generate_world_base.py); find-it front, no marker"
geoconcept-congo-basin-locator,GeoConcept,congo-basin,locator_map,https://github.com/nvkelso/natural-earth-vector,https://raw.githubusercontent.com/nvkelso/natural-earth-vector/master/geojson/ne_50m_admin_0_countries.geojson,geojson,Public domain (Natural Earth),Natural Earth (Nathaniel Vaughn Kelso and Tom Patterson),regional,media/locator/geoconcept/congo-basin-locator.svg,false,true,selected,Rendered locally by scripts/_geo_base.py (exact plate-carree) from Natural Earth 50m admin-0 country polygons; regional locator with marker
geoconcept-congo-basin-blank,GeoConcept,congo-basin,blank_map,https://github.com/nvkelso/natural-earth-vector,https://raw.githubusercontent.com/nvkelso/natural-earth-vector/master/geojson/ne_110m_land.geojson,geojson,Public domain (Natural Earth),Natural Earth (Nathaniel Vaughn Kelso and Tom Patterson),world,media/blank/geoconcept/world-blank.svg,false,true,selected,"Shared blank world map (scripts/generate_world_base.py); find-it front, no marker"
geoconcept-great-plains-locator,GeoConcept,great-plains,locator_map,https://github.com/nvkelso/natural-earth-vector,https://raw.githubusercontent.com/nvkelso/natural-earth-vector/master/geojson/ne_50m_admin_0_countries.geojson,geojson,Public domain (Natural Earth),Natural Earth (Nathaniel Vaughn Kelso and Tom Patterson),regional,media/locator/geoconcept/great-plains-locator.svg,false,true,selected,Rendered locally by scripts/_geo_base.py (exact plate-carree) from Natural Earth 50m admin-0 country polygons; regional locator with marker
geoconcept-great-plains-blank,GeoConcept,great-plains,blank_map,https://github.com/nvkelso/natural-earth-vector,https://raw.githubusercontent.com/nvkelso/natural-earth-vector/master/geojson/ne_110m_land.geojson,geojson,Public domain (Natural Earth),Natural Earth (Nathaniel Vaughn Kelso and Tom Patterson),world,media/blank/geoconcept/world-blank.svg,false,true,selected,"Shared blank world map (scripts/generate_world_base.py); find-it front, no marker"
geoconcept-pampas-locator,GeoConcept,pampas,locator_map,https://github.com/nvkelso/natural-earth-vector,https://raw.githubusercontent.com/nvkelso/natural-earth-vector/master/geojson/ne_10m_geography_regions_polys.geojson,geojson,Public domain (Natural Earth),Natural Earth (Nathaniel Vaughn Kelso and Tom Patterson),regional,media/locator/geoconcept/pampas-region.svg,false,true,selected,Rendered locally by scripts/generate_areal_region_maps.py (exact plate-carree) from Natural Earth 10m physical-region polygons; feature shaded
geoconcept-eurasian-steppe-locator,GeoConcept,eurasian-steppe,locator_map,https://commons.wikimedia.org/wiki/File:Map_of_the_Eurasian_steppe_belt.png,https://upload.wikimedia.org/wikipedia/commons/b/b2/Map_of_the_Eurasian_steppe_belt.png,svg,Original (hand-drawn outline),Project-authored,world,media/locator/geoconcept/eurasian-steppe.svg,false,true,selected,Rendered locally (scripts/generate_world_overlay_derivations.py) — approximate hand outline over the world map
geoconcept-pontic-caspian-steppe-locator,GeoConcept,pontic-caspian-steppe,locator_map,https://github.com/nvkelso/natural-earth-vector,https://raw.githubusercontent.com/nvkelso/natural-earth-vector/master/geojson/ne_50m_admin_0_countries.geojson,geojson,Public domain (Natural Earth),Natural Earth (Nathaniel Vaughn Kelso and Tom Patterson),regional,media/locator/geoconcept/pontic-caspian-steppe-locator.svg,false,true,selected,Rendered locally by scripts/_geo_base.py (exact plate-carree) from Natural Earth 50m admin-0 country polygons; regional locator with marker
geoconcept-pontic-caspian-steppe-blank,GeoConcept,pontic-caspian-steppe,blank_map,https://github.com/nvkelso/natural-earth-vector,https://raw.githubusercontent.com/nvkelso/natural-earth-vector/master/geojson/ne_110m_land.geojson,geojson,Public domain (Natural Earth),Natural Earth (Nathaniel Vaughn Kelso and Tom Patterson),world,media/blank/geoconcept/world-blank.svg,false,true,selected,"Shared blank world map (scripts/generate_world_base.py); find-it front, no marker"
geoconcept-kazakh-steppe-locator,GeoConcept,kazakh-steppe,locator_map,https://github.com/nvkelso/natural-earth-vector,https://raw.githubusercontent.com/nvkelso/natural-earth-vector/master/geojson/ne_50m_admin_0_countries.geojson,geojson,Public domain (Natural Earth),Natural Earth (Nathaniel Vaughn Kelso and Tom Patterson),regional,media/locator/geoconcept/kazakh-steppe-locator.svg,false,true,selected,Rendered locally by scripts/_geo_base.py (exact plate-carree) from Natural Earth 50m admin-0 country polygons; regional locator with marker
geoconcept-kazakh-steppe-blank,GeoConcept,kazakh-steppe,blank_map,https://github.com/nvkelso/natural-earth-vector,https://raw.githubusercontent.com/nvkelso/natural-earth-vector/master/geojson/ne_110m_land.geojson,geojson,Public domain (Natural Earth),Natural Earth (Nathaniel Vaughn Kelso and Tom Patterson),world,media/blank/geoconcept/world-blank.svg,false,true,selected,"Shared blank world map (scripts/generate_world_base.py); find-it front, no marker"
geoconcept-north-china-plain-locator,GeoConcept,north-china-plain,locator_map,https://github.com/nvkelso/natural-earth-vector,https://raw.githubusercontent.com/nvkelso/natural-earth-vector/master/geojson/ne_10m_geography_regions_polys.geojson,geojson,Public domain (Natural Earth),Natural Earth (Nathaniel Vaughn Kelso and Tom Patterson),regional,media/locator/geoconcept/north-china-plain-region.svg,false,true,selected,Rendered locally by scripts/generate_areal_region_maps.py (exact plate-carree) from Natural Earth 10m physical-region polygons; feature shaded
geoconcept-indo-gangetic-plain-locator,GeoConcept,indo-gangetic-plain,locator_map,https://github.com/nvkelso/natural-earth-vector,https://raw.githubusercontent.com/nvkelso/natural-earth-vector/master/geojson/ne_50m_admin_0_countries.geojson,geojson,Public domain (Natural Earth),Natural Earth (Nathaniel Vaughn Kelso and Tom Patterson),regional,media/locator/geoconcept/indo-gangetic-plain-locator.svg,false,true,selected,Rendered locally by scripts/_geo_base.py (exact plate-carree) from Natural Earth 50m admin-0 country polygons; regional locator with marker
geoconcept-indo-gangetic-plain-blank,GeoConcept,indo-gangetic-plain,blank_map,https://github.com/nvkelso/natural-earth-vector,https://raw.githubusercontent.com/nvkelso/natural-earth-vector/master/geojson/ne_110m_land.geojson,geojson,Public domain (Natural Earth),Natural Earth (Nathaniel Vaughn Kelso and Tom Patterson),world,media/blank/geoconcept/world-blank.svg,false,true,selected,"Shared blank world map (scripts/generate_world_base.py); find-it front, no marker"
geoconcept-llanos-locator,GeoConcept,llanos,locator_map,https://github.com/nvkelso/natural-earth-vector,https://raw.githubusercontent.com/nvkelso/natural-earth-vector/master/geojson/ne_50m_admin_0_countries.geojson,geojson,Public domain (Natural Earth),Natural Earth (Nathaniel Vaughn Kelso and Tom Patterson),regional,media/locator/geoconcept/llanos-locator.svg,false,true,selected,Rendered locally by scripts/_geo_base.py (exact plate-carree) from Natural Earth 50m admin-0 country polygons; regional locator with marker
geoconcept-llanos-blank,GeoConcept,llanos,blank_map,https://github.com/nvkelso/natural-earth-vector,https://raw.githubusercontent.com/nvkelso/natural-earth-vector/master/geojson/ne_110m_land.geojson,geojson,Public domain (Natural Earth),Natural Earth (Nathaniel Vaughn Kelso and Tom Patterson),world,media/blank/geoconcept/world-blank.svg,false,true,selected,"Shared blank world map (scripts/generate_world_base.py); find-it front, no marker"
geoconcept-campos-locator,GeoConcept,campos,locator_map,https://github.com/nvkelso/natural-earth-vector,https://raw.githubusercontent.com/nvkelso/natural-earth-vector/master/geojson/ne_50m_admin_0_countries.geojson,geojson,Public domain (Natural Earth),Natural Earth (Nathaniel Vaughn Kelso and Tom Patterson),regional,media/locator/geoconcept/campos-locator.svg,false,true,selected,Rendered locally by scripts/_geo_base.py (exact plate-carree) from Natural Earth 50m admin-0 country polygons; regional locator with marker
geoconcept-campos-blank,GeoConcept,campos,blank_map,https://github.com/nvkelso/natural-earth-vector,https://raw.githubusercontent.com/nvkelso/natural-earth-vector/master/geojson/ne_110m_land.geojson,geojson,Public domain (Natural Earth),Natural Earth (Nathaniel Vaughn Kelso and Tom Patterson),world,media/blank/geoconcept/world-blank.svg,false,true,selected,"Shared blank world map (scripts/generate_world_base.py); find-it front, no marker"
geoconcept-veld-locator,GeoConcept,veld,locator_map,https://github.com/nvkelso/natural-earth-vector,https://raw.githubusercontent.com/nvkelso/natural-earth-vector/master/geojson/ne_50m_admin_0_countries.geojson,geojson,Public domain (Natural Earth),Natural Earth (Nathaniel Vaughn Kelso and Tom Patterson),regional,media/locator/geoconcept/veld-locator.svg,false,true,selected,Rendered locally by scripts/_geo_base.py (exact plate-carree) from Natural Earth 50m admin-0 country polygons; regional locator with marker
geoconcept-veld-blank,GeoConcept,veld,blank_map,https://github.com/nvkelso/natural-earth-vector,https://raw.githubusercontent.com/nvkelso/natural-earth-vector/master/geojson/ne_110m_land.geojson,geojson,Public domain (Natural Earth),Natural Earth (Nathaniel Vaughn Kelso and Tom Patterson),world,media/blank/geoconcept/world-blank.svg,false,true,selected,"Shared blank world map (scripts/generate_world_base.py); find-it front, no marker"
geoconcept-cape-horn-locator,GeoConcept,cape-horn,locator_map,https://github.com/nvkelso/natural-earth-vector,https://raw.githubusercontent.com/nvkelso/natural-earth-vector/master/geojson/ne_50m_admin_0_countries.geojson,geojson,Public domain (Natural Earth),Natural Earth (Nathaniel Vaughn Kelso and Tom Patterson),regional,media/locator/geoconcept/cape-horn-locator.svg,false,true,selected,Rendered locally by scripts/_geo_base.py (exact plate-carree) from Natural Earth 50m admin-0 country polygons; regional locator with marker
geoconcept-british-isles-locator,GeoConcept,british-isles,locator_map,https://github.com/nvkelso/natural-earth-vector,https://raw.githubusercontent.com/nvkelso/natural-earth-vector/master/geojson/ne_10m_geography_regions_polys.geojson,geojson,Public domain (Natural Earth),Natural Earth (Nathaniel Vaughn Kelso and Tom Patterson),regional,media/locator/geoconcept/british-isles-region.svg,false,true,selected,Rendered locally by scripts/generate_areal_region_maps.py (exact plate-carree) from Natural Earth 10m physical-region polygons; feature shaded
geoconcept-japanese-archipelago-locator,GeoConcept,japanese-archipelago,locator_map,https://github.com/nvkelso/natural-earth-vector,https://raw.githubusercontent.com/nvkelso/natural-earth-vector/master/geojson/ne_10m_geography_regions_polys.geojson,geojson,Public domain (Natural Earth),Natural Earth (Nathaniel Vaughn Kelso and Tom Patterson),regional,media/locator/geoconcept/japanese-archipelago-region.svg,false,true,selected,Rendered locally by scripts/generate_areal_region_maps.py (exact plate-carree) from Natural Earth 10m physical-region polygons; feature shaded
geoconcept-aleutian-islands-locator,GeoConcept,aleutian-islands,locator_map,https://github.com/nvkelso/natural-earth-vector,https://raw.githubusercontent.com/nvkelso/natural-earth-vector/master/geojson/ne_50m_admin_0_countries.geojson,geojson,Public domain (Natural Earth),Natural Earth (Nathaniel Vaughn Kelso and Tom Patterson),regional,media/locator/geoconcept/aleutian-islands-locator.svg,false,true,selected,Rendered locally by scripts/_geo_base.py (exact plate-carree) from Natural Earth 50m admin-0 country polygons; regional locator with marker
geoconcept-kuril-islands-locator,GeoConcept,kuril-islands,locator_map,https://github.com/nvkelso/natural-earth-vector,https://raw.githubusercontent.com/nvkelso/natural-earth-vector/master/geojson/ne_50m_admin_0_countries.geojson,geojson,Public domain (Natural Earth),Natural Earth (Nathaniel Vaughn Kelso and Tom Patterson),regional,media/locator/geoconcept/kuril-islands-locator.svg,false,true,selected,Rendered locally by scripts/_geo_base.py (exact plate-carree) from Natural Earth 50m admin-0 country polygons; regional locator with marker
geoconcept-balearic-islands-locator,GeoConcept,balearic-islands,locator_map,https://github.com/nvkelso/natural-earth-vector,https://raw.githubusercontent.com/nvkelso/natural-earth-vector/master/geojson/ne_50m_admin_0_countries.geojson,geojson,Public domain (Natural Earth),Natural Earth (Nathaniel Vaughn Kelso and Tom Patterson),regional,media/locator/geoconcept/balearic-islands-locator.svg,false,true,selected,Rendered locally by scripts/_geo_base.py (exact plate-carree) from Natural Earth 50m admin-0 country polygons; regional locator with marker
geoconcept-balearic-islands-blank,GeoConcept,balearic-islands,blank_map,https://github.com/nvkelso/natural-earth-vector,https://raw.githubusercontent.com/nvkelso/natural-earth-vector/master/geojson/ne_110m_land.geojson,geojson,Public domain (Natural Earth),Natural Earth (Nathaniel Vaughn Kelso and Tom Patterson),world,media/blank/geoconcept/world-blank.svg,false,true,selected,"Shared blank world map (scripts/generate_world_base.py); find-it front, no marker"
geoconcept-greater-antilles-locator,GeoConcept,greater-antilles,locator_map,https://github.com/nvkelso/natural-earth-vector,https://raw.githubusercontent.com/nvkelso/natural-earth-vector/master/geojson/ne_10m_geography_regions_polys.geojson,geojson,Public domain (Natural Earth),Natural Earth (Nathaniel Vaughn Kelso and Tom Patterson),regional,media/locator/geoconcept/greater-antilles-region.svg,false,true,selected,Rendered locally by scripts/generate_areal_region_maps.py (exact plate-carree) from Natural Earth 10m physical-region polygons; feature shaded
geoconcept-lesser-antilles-locator,GeoConcept,lesser-antilles,locator_map,https://github.com/nvkelso/natural-earth-vector,https://raw.githubusercontent.com/nvkelso/natural-earth-vector/master/geojson/ne_10m_geography_regions_polys.geojson,geojson,Public domain (Natural Earth),Natural Earth (Nathaniel Vaughn Kelso and Tom Patterson),regional,media/locator/geoconcept/lesser-antilles-region.svg,false,true,selected,Rendered locally by scripts/generate_areal_region_maps.py (exact plate-carree) from Natural Earth 10m physical-region polygons; feature shaded
geoconcept-canary-islands-locator,GeoConcept,canary-islands,locator_map,https://github.com/nvkelso/natural-earth-vector,https://raw.githubusercontent.com/nvkelso/natural-earth-vector/master/geojson/ne_50m_admin_0_countries.geojson,geojson,Public domain (Natural Earth),Natural Earth (Nathaniel Vaughn Kelso and Tom Patterson),regional,media/locator/geoconcept/canary-islands-locator.svg,false,true,selected,Rendered locally by scripts/_geo_base.py (exact plate-carree) from Natural Earth 50m admin-0 country polygons; regional locator with marker
geoconcept-canary-islands-blank,GeoConcept,canary-islands,blank_map,https://github.com/nvkelso/natural-earth-vector,https://raw.githubusercontent.com/nvkelso/natural-earth-vector/master/geojson/ne_110m_land.geojson,geojson,Public domain (Natural Earth),Natural Earth (Nathaniel Vaughn Kelso and Tom Patterson),world,media/blank/geoconcept/world-blank.svg,false,true,selected,"Shared blank world map (scripts/generate_world_base.py); find-it front, no marker"
geoconcept-guajira-peninsula-blank,GeoConcept,guajira-peninsula,blank_map,https://github.com/nvkelso/natural-earth-vector,https://raw.githubusercontent.com/nvkelso/natural-earth-vector/master/geojson/ne_110m_land.geojson,geojson,Public domain (Natural Earth),Natural Earth (Nathaniel Vaughn Kelso and Tom Patterson),world,media/blank/geoconcept/world-blank.svg,false,true,selected,"Shared blank world map (scripts/generate_world_base.py); find-it front, no marker"
geoconcept-isthmus-of-panama-blank,GeoConcept,isthmus-of-panama,blank_map,https://github.com/nvkelso/natural-earth-vector,https://raw.githubusercontent.com/nvkelso/natural-earth-vector/master/geojson/ne_110m_land.geojson,geojson,Public domain (Natural Earth),Natural Earth (Nathaniel Vaughn Kelso and Tom Patterson),world,media/blank/geoconcept/world-blank.svg,false,true,selected,"Shared blank world map (scripts/generate_world_base.py); find-it front, no marker"
geoconcept-isthmus-of-kra-blank,GeoConcept,isthmus-of-kra,blank_map,https://github.com/nvkelso/natural-earth-vector,https://raw.githubusercontent.com/nvkelso/natural-earth-vector/master/geojson/ne_110m_land.geojson,geojson,Public domain (Natural Earth),Natural Earth (Nathaniel Vaughn Kelso and Tom Patterson),world,media/blank/geoconcept/world-blank.svg,false,true,selected,"Shared blank world map (scripts/generate_world_base.py); find-it front, no marker"
geoconcept-isthmus-of-suez-blank,GeoConcept,isthmus-of-suez,blank_map,https://github.com/nvkelso/natural-earth-vector,https://raw.githubusercontent.com/nvkelso/natural-earth-vector/master/geojson/ne_110m_land.geojson,geojson,Public domain (Natural Earth),Natural Earth (Nathaniel Vaughn Kelso and Tom Patterson),world,media/blank/geoconcept/world-blank.svg,false,true,selected,"Shared blank world map (scripts/generate_world_base.py); find-it front, no marker"
geoconcept-yucatan-peninsula-blank,GeoConcept,yucatan-peninsula,blank_map,https://github.com/nvkelso/natural-earth-vector,https://raw.githubusercontent.com/nvkelso/natural-earth-vector/master/geojson/ne_110m_land.geojson,geojson,Public domain (Natural Earth),Natural Earth (Nathaniel Vaughn Kelso and Tom Patterson),world,media/blank/geoconcept/world-blank.svg,false,true,selected,"Shared blank world map (scripts/generate_world_base.py); find-it front, no marker"
geoconcept-cape-of-good-hope-locator,GeoConcept,cape-of-good-hope,locator_map,https://github.com/nvkelso/natural-earth-vector,https://raw.githubusercontent.com/nvkelso/natural-earth-vector/master/geojson/ne_50m_admin_0_countries.geojson,geojson,Public domain (Natural Earth),Natural Earth (Nathaniel Vaughn Kelso and Tom Patterson),regional,media/locator/geoconcept/cape-of-good-hope-locator.svg,false,true,selected,Rendered locally by scripts/_geo_base.py (exact plate-carree) from Natural Earth 50m admin-0 country polygons; regional locator with marker
geoconcept-north-cape-locator,GeoConcept,north-cape,locator_map,https://github.com/nvkelso/natural-earth-vector,https://raw.githubusercontent.com/nvkelso/natural-earth-vector/master/geojson/ne_50m_admin_0_countries.geojson,geojson,Public domain (Natural Earth),Natural Earth (Nathaniel Vaughn Kelso and Tom Patterson),regional,media/locator/geoconcept/north-cape-locator.svg,false,true,selected,Rendered locally by scripts/_geo_base.py (exact plate-carree) from Natural Earth 50m admin-0 country polygons; regional locator with marker
geoconcept-african-plate-locator,GeoConcept,african-plate,locator_map,https://github.com/fraxen/tectonicplates,https://raw.githubusercontent.com/fraxen/tectonicplates/master/GeoJSON/PB2002_plates.json,geojson,Open (Bird 2003 PB2002; Ahlenius conversion),Peter Bird / Hugo Ahlenius; base map Tentotwo (CC BY-SA 3.0),world,media/locator/geoconcept/african-plate.png,false,true,selected,"Rendered locally by scripts/generate_tectonic_plate_maps.py from PB2002 (Bird 2003) plate polygons over the Commons equirectangular world location map (CC BY-SA 3.0, Tentotwo); target plate filled"
geoconcept-pacific-plate-locator,GeoConcept,pacific-plate,locator_map,https://github.com/fraxen/tectonicplates,https://raw.githubusercontent.com/fraxen/tectonicplates/master/GeoJSON/PB2002_plates.json,geojson,Open (Bird 2003 PB2002; Ahlenius conversion),Peter Bird / Hugo Ahlenius; base map Tentotwo (CC BY-SA 3.0),world,media/locator/geoconcept/pacific-plate.png,false,true,selected,"Rendered locally by scripts/generate_tectonic_plate_maps.py from PB2002 (Bird 2003) plate polygons over the Commons equirectangular world location map (CC BY-SA 3.0, Tentotwo); target plate filled"
geoconcept-north-american-plate-locator,GeoConcept,north-american-plate,locator_map,https://github.com/fraxen/tectonicplates,https://raw.githubusercontent.com/fraxen/tectonicplates/master/GeoJSON/PB2002_plates.json,geojson,Open (Bird 2003 PB2002; Ahlenius conversion),Peter Bird / Hugo Ahlenius; base map Tentotwo (CC BY-SA 3.0),world,media/locator/geoconcept/north-american-plate.png,false,true,selected,"Rendered locally by scripts/generate_tectonic_plate_maps.py from PB2002 (Bird 2003) plate polygons over the Commons equirectangular world location map (CC BY-SA 3.0, Tentotwo); target plate filled"
geoconcept-south-american-plate-locator,GeoConcept,south-american-plate,locator_map,https://github.com/fraxen/tectonicplates,https://raw.githubusercontent.com/fraxen/tectonicplates/master/GeoJSON/PB2002_plates.json,geojson,Open (Bird 2003 PB2002; Ahlenius conversion),Peter Bird / Hugo Ahlenius; base map Tentotwo (CC BY-SA 3.0),world,media/locator/geoconcept/south-american-plate.png,false,true,selected,"Rendered locally by scripts/generate_tectonic_plate_maps.py from PB2002 (Bird 2003) plate polygons over the Commons equirectangular world location map (CC BY-SA 3.0, Tentotwo); target plate filled"
geoconcept-eurasian-plate-locator,GeoConcept,eurasian-plate,locator_map,https://github.com/fraxen/tectonicplates,https://raw.githubusercontent.com/fraxen/tectonicplates/master/GeoJSON/PB2002_plates.json,geojson,Open (Bird 2003 PB2002; Ahlenius conversion),Peter Bird / Hugo Ahlenius; base map Tentotwo (CC BY-SA 3.0),world,media/locator/geoconcept/eurasian-plate.png,false,true,selected,"Rendered locally by scripts/generate_tectonic_plate_maps.py from PB2002 (Bird 2003) plate polygons over the Commons equirectangular world location map (CC BY-SA 3.0, Tentotwo); target plate filled"
geoconcept-australian-plate-locator,GeoConcept,australian-plate,locator_map,https://github.com/fraxen/tectonicplates,https://raw.githubusercontent.com/fraxen/tectonicplates/master/GeoJSON/PB2002_plates.json,geojson,Open (Bird 2003 PB2002; Ahlenius conversion),Peter Bird / Hugo Ahlenius; base map Tentotwo (CC BY-SA 3.0),world,media/locator/geoconcept/australian-plate.png,false,true,selected,"Rendered locally by scripts/generate_tectonic_plate_maps.py from PB2002 (Bird 2003) plate polygons over the Commons equirectangular world location map (CC BY-SA 3.0, Tentotwo); target plate filled"
geoconcept-indian-plate-locator,GeoConcept,indian-plate,locator_map,https://github.com/fraxen/tectonicplates,https://raw.githubusercontent.com/fraxen/tectonicplates/master/GeoJSON/PB2002_plates.json,geojson,Open (Bird 2003 PB2002; Ahlenius conversion),Peter Bird / Hugo Ahlenius; base map Tentotwo (CC BY-SA 3.0),world,media/locator/geoconcept/indian-plate.png,false,true,selected,"Rendered locally by scripts/generate_tectonic_plate_maps.py from PB2002 (Bird 2003) plate polygons over the Commons equirectangular world location map (CC BY-SA 3.0, Tentotwo); target plate filled"
geoconcept-arabian-plate-locator,GeoConcept,arabian-plate,locator_map,https://github.com/fraxen/tectonicplates,https://raw.githubusercontent.com/fraxen/tectonicplates/master/GeoJSON/PB2002_plates.json,geojson,Open (Bird 2003 PB2002; Ahlenius conversion),Peter Bird / Hugo Ahlenius; base map Tentotwo (CC BY-SA 3.0),world,media/locator/geoconcept/arabian-plate.png,false,true,selected,"Rendered locally by scripts/generate_tectonic_plate_maps.py from PB2002 (Bird 2003) plate polygons over the Commons equirectangular world location map (CC BY-SA 3.0, Tentotwo); target plate filled"
geoconcept-antarctic-plate-locator,GeoConcept,antarctic-plate,locator_map,https://github.com/fraxen/tectonicplates,https://raw.githubusercontent.com/fraxen/tectonicplates/master/GeoJSON/PB2002_plates.json,geojson,Open (Bird 2003 PB2002; Ahlenius conversion),Peter Bird / Hugo Ahlenius; base map Tentotwo (CC BY-SA 3.0),world,media/locator/geoconcept/antarctic-plate.png,false,true,selected,"Rendered locally by scripts/generate_tectonic_plate_maps.py from PB2002 (Bird 2003) plate polygons over the Commons equirectangular world location map (CC BY-SA 3.0, Tentotwo); target plate filled"
geoconcept-caribbean-plate-locator,GeoConcept,caribbean-plate,locator_map,https://github.com/fraxen/tectonicplates,https://raw.githubusercontent.com/fraxen/tectonicplates/master/GeoJSON/PB2002_plates.json,geojson,Open (Bird 2003 PB2002; Ahlenius conversion),Peter Bird / Hugo Ahlenius; base map Tentotwo (CC BY-SA 3.0),world,media/locator/geoconcept/caribbean-plate.png,false,true,selected,"Rendered locally by scripts/generate_tectonic_plate_maps.py from PB2002 (Bird 2003) plate polygons over the Commons equirectangular world location map (CC BY-SA 3.0, Tentotwo); target plate filled"
geoconcept-nazca-plate-locator,GeoConcept,nazca-plate,locator_map,https://github.com/fraxen/tectonicplates,https://raw.githubusercontent.com/fraxen/tectonicplates/master/GeoJSON/PB2002_plates.json,geojson,Open (Bird 2003 PB2002; Ahlenius conversion),Peter Bird / Hugo Ahlenius; base map Tentotwo (CC BY-SA 3.0),world,media/locator/geoconcept/nazca-plate.png,false,true,selected,"Rendered locally by scripts/generate_tectonic_plate_maps.py from PB2002 (Bird 2003) plate polygons over the Commons equirectangular world location map (CC BY-SA 3.0, Tentotwo); target plate filled"
geoconcept-philippine-sea-plate-locator,GeoConcept,philippine-sea-plate,locator_map,https://github.com/fraxen/tectonicplates,https://raw.githubusercontent.com/fraxen/tectonicplates/master/GeoJSON/PB2002_plates.json,geojson,Open (Bird 2003 PB2002; Ahlenius conversion),Peter Bird / Hugo Ahlenius; base map Tentotwo (CC BY-SA 3.0),world,media/locator/geoconcept/philippine-sea-plate.png,false,true,selected,"Rendered locally by scripts/generate_tectonic_plate_maps.py from PB2002 (Bird 2003) plate polygons over the Commons equirectangular world location map (CC BY-SA 3.0, Tentotwo); target plate filled"
geoconcept-scotia-plate-locator,GeoConcept,scotia-plate,locator_map,https://github.com/fraxen/tectonicplates,https://raw.githubusercontent.com/fraxen/tectonicplates/master/GeoJSON/PB2002_plates.json,geojson,Open (Bird 2003 PB2002; Ahlenius conversion),Peter Bird / Hugo Ahlenius; base map Tentotwo (CC BY-SA 3.0),world,media/locator/geoconcept/scotia-plate.png,false,true,selected,"Rendered locally by scripts/generate_tectonic_plate_maps.py from PB2002 (Bird 2003) plate polygons over the Commons equirectangular world location map (CC BY-SA 3.0, Tentotwo); target plate filled"
geoconcept-somali-plate-locator,GeoConcept,somali-plate,locator_map,https://github.com/fraxen/tectonicplates,https://raw.githubusercontent.com/fraxen/tectonicplates/master/GeoJSON/PB2002_plates.json,geojson,Open (Bird 2003 PB2002; Ahlenius conversion),Peter Bird / Hugo Ahlenius; base map Tentotwo (CC BY-SA 3.0),world,media/locator/geoconcept/somali-plate.png,false,true,selected,"Rendered locally by scripts/generate_tectonic_plate_maps.py from PB2002 (Bird 2003) plate polygons over the Commons equirectangular world location map (CC BY-SA 3.0, Tentotwo); target plate filled"
geoconcept-sunda-plate-locator,GeoConcept,sunda-plate,locator_map,https://github.com/fraxen/tectonicplates,https://raw.githubusercontent.com/fraxen/tectonicplates/master/GeoJSON/PB2002_plates.json,geojson,Open (Bird 2003 PB2002; Ahlenius conversion),Peter Bird / Hugo Ahlenius; base map Tentotwo (CC BY-SA 3.0),world,media/locator/geoconcept/sunda-plate.png,false,true,selected,"Rendered locally by scripts/generate_tectonic_plate_maps.py from PB2002 (Bird 2003) plate polygons over the Commons equirectangular world location map (CC BY-SA 3.0, Tentotwo); target plate filled"
shared-koppen-v2-world-1991-2020,KoppenClimateClass,shared-world-koppen-v2,world_overview_map,https://commons.wikimedia.org/wiki/File:Koppen-Geiger_Map_v2_World_1991%E2%80%932020.svg,https://upload.wikimedia.org/wikipedia/commons/c/cd/Koppen-Geiger_Map_v2_World_1991%E2%80%932020.svg,svg,CC BY 4.0,"Beck, H.E., McVicar, T.R., Vergopolan, N., Alexis, B., Lutsko, N.J., Dufour, A., Zeng, Z., Jian, X., van Dijk, A.I.J.M., Miralles, D.G.",world,media/shared/koppen-geiger-v2-world-1991-2020.svg,false,true,selected,Shared overview map for the full Koppen-Geiger v2 1991-2020 classification and legend reference
koppenclass-A-distribution,KoppenClimateClass,A,distribution_map,https://commons.wikimedia.org/wiki/File:Koppen-Geiger_Map_v2_A_1991%E2%80%932020.svg,https://upload.wikimedia.org/wikipedia/commons/7/76/Koppen-Geiger_Map_v2_A_1991%E2%80%932020.svg,svg,CC BY 4.0,"Beck, H.E., McVicar, T.R., Vergopolan, N., Alexis, B., Lutsko, N.J., Dufour, A., Zeng, Z., Jian, X., van Dijk, A.I.J.M., Miralles, D.G.",world,media/distribution/koppen/A.svg,false,true,selected,Preferred v2 1991-2020 distribution map for the Tropical Koppen group
koppenclass-B-distribution,KoppenClimateClass,B,distribution_map,https://commons.wikimedia.org/wiki/File:Koppen-Geiger_Map_v2_B_1991%E2%80%932020.svg,https://upload.wikimedia.org/wikipedia/commons/d/d0/Koppen-Geiger_Map_v2_B_1991%E2%80%932020.svg,svg,CC BY 4.0,"Beck, H.E., McVicar, T.R., Vergopolan, N., Alexis, B., Lutsko, N.J., Dufour, A., Zeng, Z., Jian, X., van Dijk, A.I.J.M., Miralles, D.G.",world,media/distribution/koppen/B.svg,false,true,selected,Preferred v2 1991-2020 distribution map for the Arid Koppen group
koppenclass-C-distribution,KoppenClimateClass,C,distribution_map,https://commons.wikimedia.org/wiki/File:Koppen-Geiger_Map_v2_C_1991%E2%80%932020.svg,https://upload.wikimedia.org/wikipedia/commons/b/b1/Koppen-Geiger_Map_v2_C_1991%E2%80%932020.svg,svg,CC BY 4.0,"Beck, H.E., McVicar, T.R., Vergopolan, N., Alexis, B., Lutsko, N.J., Dufour, A., Zeng, Z., Jian, X., van Dijk, A.I.J.M., Miralles, D.G.",world,media/distribution/koppen/C.svg,false,true,selected,Preferred v2 1991-2020 distribution map for the Temperate Koppen group
koppenclass-D-distribution,KoppenClimateClass,D,distribution_map,https://commons.wikimedia.org/wiki/File:Koppen-Geiger_Map_v2_D_1991%E2%80%932020.svg,https://upload.wikimedia.org/wikipedia/commons/4/4e/Koppen-Geiger_Map_v2_D_1991%E2%80%932020.svg,svg,CC BY 4.0,"Beck, H.E., McVicar, T.R., Vergopolan, N., Alexis, B., Lutsko, N.J., Dufour, A., Zeng, Z., Jian, X., van Dijk, A.I.J.M., Miralles, D.G.",world,media/distribution/koppen/D.svg,false,true,selected,Preferred v2 1991-2020 distribution map for the Cold or Continental Koppen group
koppenclass-E-distribution,KoppenClimateClass,E,distribution_map,https://commons.wikimedia.org/wiki/File:Koppen-Geiger_Map_v2_E_1991%E2%80%932020.svg,https://upload.wikimedia.org/wikipedia/commons/d/d1/Koppen-Geiger_Map_v2_E_1991%E2%80%932020.svg,svg,CC BY 4.0,"Beck, H.E., McVicar, T.R., Vergopolan, N., Alexis, B., Lutsko, N.J., Dufour, A., Zeng, Z., Jian, X., van Dijk, A.I.J.M., Miralles, D.G.",world,media/distribution/koppen/E.svg,false,true,selected,Preferred v2 1991-2020 distribution map for the Polar Koppen group
koppenclass-Af-distribution,KoppenClimateClass,Af,distribution_map,https://commons.wikimedia.org/wiki/File:Koppen-Geiger_Map_v2_Af_1991%E2%80%932020.svg,https://upload.wikimedia.org/wikipedia/commons/d/d0/Koppen-Geiger_Map_v2_Af_1991%E2%80%932020.svg,svg,CC BY 4.0,"Beck, H.E., McVicar, T.R., Vergopolan, N., Alexis, B., Lutsko, N.J., Dufour, A., Zeng, Z., Jian, X., van Dijk, A.I.J.M., Miralles, D.G.",world,media/distribution/koppen/Af.svg,false,true,selected,Preferred v2 1991-2020 distribution map for Tropical rainforest climate
koppenclass-Am-distribution,KoppenClimateClass,Am,distribution_map,https://commons.wikimedia.org/wiki/File:Koppen-Geiger_Map_v2_Am_1991%E2%80%932020.svg,https://upload.wikimedia.org/wikipedia/commons/5/51/Koppen-Geiger_Map_v2_Am_1991%E2%80%932020.svg,svg,CC BY 4.0,"Beck, H.E., McVicar, T.R., Vergopolan, N., Alexis, B., Lutsko, N.J., Dufour, A., Zeng, Z., Jian, X., van Dijk, A.I.J.M., Miralles, D.G.",world,media/distribution/koppen/Am.svg,false,true,selected,Preferred v2 1991-2020 distribution map for Tropical monsoon climate
koppenclass-Aw-distribution,KoppenClimateClass,Aw,distribution_map,https://commons.wikimedia.org/wiki/File:Koppen-Geiger_Map_v2_Aw_1991%E2%80%932020.svg,https://upload.wikimedia.org/wikipedia/commons/f/fd/Koppen-Geiger_Map_v2_Aw_1991%E2%80%932020.svg,svg,CC BY 4.0,"Beck, H.E., McVicar, T.R., Vergopolan, N., Alexis, B., Lutsko, N.J., Dufour, A., Zeng, Z., Jian, X., van Dijk, A.I.J.M., Miralles, D.G.",world,media/distribution/koppen/Aw.svg,false,true,selected,Preferred v2 1991-2020 distribution map for Tropical savanna climate
koppenclass-BWh-distribution,KoppenClimateClass,BWh,distribution_map,https://commons.wikimedia.org/wiki/File:Koppen-Geiger_Map_v2_BWh_1991%E2%80%932020.svg,https://upload.wikimedia.org/wikipedia/commons/2/21/Koppen-Geiger_Map_v2_BWh_1991%E2%80%932020.svg,svg,CC BY 4.0,"Beck, H.E., McVicar, T.R., Vergopolan, N., Alexis, B., Lutsko, N.J., Dufour, A., Zeng, Z., Jian, X., van Dijk, A.I.J.M., Miralles, D.G.",world,media/distribution/koppen/BWh.svg,false,true,selected,Preferred v2 1991-2020 distribution map for hot desert climate
koppenclass-BWk-distribution,KoppenClimateClass,BWk,distribution_map,https://commons.wikimedia.org/wiki/File:Koppen-Geiger_Map_v2_BWk_1991%E2%80%932020.svg,https://upload.wikimedia.org/wikipedia/commons/f/f1/Koppen-Geiger_Map_v2_BWk_1991%E2%80%932020.svg,svg,CC BY 4.0,"Beck, H.E., McVicar, T.R., Vergopolan, N., Alexis, B., Lutsko, N.J., Dufour, A., Zeng, Z., Jian, X., van Dijk, A.I.J.M., Miralles, D.G.",world,media/distribution/koppen/BWk.svg,false,true,selected,Preferred v2 1991-2020 distribution map for cold desert climate
koppenclass-BSh-distribution,KoppenClimateClass,BSh,distribution_map,https://commons.wikimedia.org/wiki/File:Koppen-Geiger_Map_v2_BSh_1991%E2%80%932020.svg,https://upload.wikimedia.org/wikipedia/commons/2/25/Koppen-Geiger_Map_v2_BSh_1991%E2%80%932020.svg,svg,CC BY 4.0,"Beck, H.E., McVicar, T.R., Vergopolan, N., Alexis, B., Lutsko, N.J., Dufour, A., Zeng, Z., Jian, X., van Dijk, A.I.J.M., Miralles, D.G.",world,media/distribution/koppen/BSh.svg,false,true,selected,Preferred v2 1991-2020 distribution map for hot semi-arid climate
koppenclass-BSk-distribution,KoppenClimateClass,BSk,distribution_map,https://commons.wikimedia.org/wiki/File:Koppen-Geiger_Map_v2_BSk_1991%E2%80%932020.svg,https://upload.wikimedia.org/wikipedia/commons/9/9c/Koppen-Geiger_Map_v2_BSk_1991%E2%80%932020.svg,svg,CC BY 4.0,"Beck, H.E., McVicar, T.R., Vergopolan, N., Alexis, B., Lutsko, N.J., Dufour, A., Zeng, Z., Jian, X., van Dijk, A.I.J.M., Miralles, D.G.",world,media/distribution/koppen/BSk.svg,false,true,selected,Preferred v2 1991-2020 distribution map for cold semi-arid climate
koppenclass-Csa-distribution,KoppenClimateClass,Csa,distribution_map,https://commons.wikimedia.org/wiki/File:Koppen-Geiger_Map_v2_Csa_1991%E2%80%932020.svg,https://upload.wikimedia.org/wikipedia/commons/5/55/Koppen-Geiger_Map_v2_Csa_1991%E2%80%932020.svg,svg,CC BY 4.0,"Beck, H.E., McVicar, T.R., Vergopolan, N., Alexis, B., Lutsko, N.J., Dufour, A., Zeng, Z., Jian, X., van Dijk, A.I.J.M., Miralles, D.G.",world,media/distribution/koppen/Csa.svg,false,true,selected,Preferred v2 1991-2020 distribution map for hot-summer Mediterranean climate
koppenclass-Csb-distribution,KoppenClimateClass,Csb,distribution_map,https://commons.wikimedia.org/wiki/File:Koppen-Geiger_Map_v2_Csb_1991%E2%80%932020.svg,https://upload.wikimedia.org/wikipedia/commons/f/ff/Koppen-Geiger_Map_v2_Csb_1991%E2%80%932020.svg,svg,CC BY 4.0,"Beck, H.E., McVicar, T.R., Vergopolan, N., Alexis, B., Lutsko, N.J., Dufour, A., Zeng, Z., Jian, X., van Dijk, A.I.J.M., Miralles, D.G.",world,media/distribution/koppen/Csb.svg,false,true,selected,Preferred v2 1991-2020 distribution map for warm-summer Mediterranean climate
koppenclass-Cfa-distribution,KoppenClimateClass,Cfa,distribution_map,https://commons.wikimedia.org/wiki/File:Koppen-Geiger_Map_v2_Cfa_1991%E2%80%932020.svg,https://upload.wikimedia.org/wikipedia/commons/2/2d/Koppen-Geiger_Map_v2_Cfa_1991%E2%80%932020.svg,svg,CC BY 4.0,"Beck, H.E., McVicar, T.R., Vergopolan, N., Alexis, B., Lutsko, N.J., Dufour, A., Zeng, Z., Jian, X., van Dijk, A.I.J.M., Miralles, D.G.",world,media/distribution/koppen/Cfa.svg,false,true,selected,Preferred v2 1991-2020 distribution map for humid subtropical climate
koppenclass-Cfb-distribution,KoppenClimateClass,Cfb,distribution_map,https://commons.wikimedia.org/wiki/File:Koppen-Geiger_Map_v2_Cfb_1991%E2%80%932020.svg,https://upload.wikimedia.org/wikipedia/commons/6/64/Koppen-Geiger_Map_v2_Cfb_1991%E2%80%932020.svg,svg,CC BY 4.0,"Beck, H.E., McVicar, T.R., Vergopolan, N., Alexis, B., Lutsko, N.J., Dufour, A., Zeng, Z., Jian, X., van Dijk, A.I.J.M., Miralles, D.G.",world,media/distribution/koppen/Cfb.svg,false,true,selected,Preferred v2 1991-2020 distribution map for oceanic climate
koppenclass-Dfa-distribution,KoppenClimateClass,Dfa,distribution_map,https://commons.wikimedia.org/wiki/File:Koppen-Geiger_Map_v2_Dfa_1991%E2%80%932020.svg,https://upload.wikimedia.org/wikipedia/commons/7/7f/Koppen-Geiger_Map_v2_Dfa_1991%E2%80%932020.svg,svg,CC BY 4.0,"Beck, H.E., McVicar, T.R., Vergopolan, N., Alexis, B., Lutsko, N.J., Dufour, A., Zeng, Z., Jian, X., van Dijk, A.I.J.M., Miralles, D.G.",world,media/distribution/koppen/Dfa.svg,false,true,selected,Preferred v2 1991-2020 distribution map for hot-summer humid continental climate
koppenclass-Dfb-distribution,KoppenClimateClass,Dfb,distribution_map,https://commons.wikimedia.org/wiki/File:Koppen-Geiger_Map_v2_Dfb_1991%E2%80%932020.svg,https://upload.wikimedia.org/wikipedia/commons/e/e5/Koppen-Geiger_Map_v2_Dfb_1991%E2%80%932020.svg,svg,CC BY 4.0,"Beck, H.E., McVicar, T.R., Vergopolan, N., Alexis, B., Lutsko, N.J., Dufour, A., Zeng, Z., Jian, X., van Dijk, A.I.J.M., Miralles, D.G.",world,media/distribution/koppen/Dfb.svg,false,true,selected,Preferred v2 1991-2020 distribution map for warm-summer humid continental climate
koppenclass-Dfc-distribution,KoppenClimateClass,Dfc,distribution_map,https://commons.wikimedia.org/wiki/File:Koppen-Geiger_Map_v2_Dfc_1991%E2%80%932020.svg,https://upload.wikimedia.org/wikipedia/commons/f/f5/Koppen-Geiger_Map_v2_Dfc_1991%E2%80%932020.svg,svg,CC BY 4.0,"Beck, H.E., McVicar, T.R., Vergopolan, N., Alexis, B., Lutsko, N.J., Dufour, A., Zeng, Z., Jian, X., van Dijk, A.I.J.M., Miralles, D.G.",world,media/distribution/koppen/Dfc.svg,false,true,selected,Preferred v2 1991-2020 distribution map for subarctic climate
koppenclass-ET-distribution,KoppenClimateClass,ET,distribution_map,https://commons.wikimedia.org/wiki/File:Koppen-Geiger_Map_v2_ET_1991%E2%80%932020.svg,https://upload.wikimedia.org/wikipedia/commons/7/74/Koppen-Geiger_Map_v2_ET_1991%E2%80%932020.svg,svg,CC BY 4.0,"Beck, H.E., McVicar, T.R., Vergopolan, N., Alexis, B., Lutsko, N.J., Dufour, A., Zeng, Z., Jian, X., van Dijk, A.I.J.M., Miralles, D.G.",world,media/distribution/koppen/ET.svg,false,true,selected,Preferred v2 1991-2020 distribution map for tundra climate
koppenclass-EF-distribution,KoppenClimateClass,EF,distribution_map,https://commons.wikimedia.org/wiki/File:Koppen-Geiger_Map_v2_EF_1991%E2%80%932020.svg,https://upload.wikimedia.org/wikipedia/commons/f/fc/Koppen-Geiger_Map_v2_EF_1991%E2%80%932020.svg,svg,CC BY 4.0,"Beck, H.E., McVicar, T.R., Vergopolan, N., Alexis, B., Lutsko, N.J., Dufour, A., Zeng, Z., Jian, X., van Dijk, A.I.J.M., Miralles, D.G.",world,media/distribution/koppen/EF.svg,false,true,selected,Preferred v2 1991-2020 distribution map for ice cap climate
shared-biomes-of-the-world,GeoConcept,shared-biomes-world,world_overview_map,https://commons.wikimedia.org/wiki/File:Biomes_of_the_world.svg,https://upload.wikimedia.org/wikipedia/commons/6/61/Biomes_of_the_world.svg,svg,CC BY-SA 3.0,Terpsichores,world,media/base/shared-biomes-of-the-world.svg,false,true,selected,Shared WWF-style biome overview map chosen as the canonical base for deriving consistent per-biome overlays
geoconcept-tundra-distribution,GeoConcept,tundra,distribution_map,https://commons.wikimedia.org/wiki/File:Biomes_of_the_world.svg,https://upload.wikimedia.org/wikipedia/commons/6/61/Biomes_of_the_world.svg,svg,CC BY-SA 3.0,Terpsichores,world,media/distribution/geoconcept/tundra.png,false,true,selected,Custom derived distribution map built from the shared WWF-style biome overview by isolating the tundra layer
geoconcept-taiga-and-boreal-forests-distribution,GeoConcept,taiga-and-boreal-forests,distribution_map,https://commons.wikimedia.org/wiki/File:Biomes_of_the_world.svg,https://upload.wikimedia.org/wikipedia/commons/6/61/Biomes_of_the_world.svg,svg,CC BY-SA 3.0,Terpsichores,world,media/distribution/geoconcept/taiga-and-boreal-forests.png,false,true,selected,Custom derived distribution map built from the shared WWF-style biome overview by isolating the taiga and boreal forests layer
geoconcept-temperate-broadleaf-and-mixed-forests-distribution,GeoConcept,temperate-broadleaf-and-mixed-forests,distribution_map,https://commons.wikimedia.org/wiki/File:Biomes_of_the_world.svg,https://upload.wikimedia.org/wikipedia/commons/6/61/Biomes_of_the_world.svg,svg,CC BY-SA 3.0,Terpsichores,world,media/distribution/geoconcept/temperate-broadleaf-and-mixed-forests.png,false,true,selected,Custom derived distribution map built from the shared WWF-style biome overview by isolating the temperate broadleaf and mixed forests layer
geoconcept-temperate-coniferous-forests-distribution,GeoConcept,temperate-coniferous-forests,distribution_map,https://commons.wikimedia.org/wiki/File:Biomes_of_the_world.svg,https://upload.wikimedia.org/wikipedia/commons/6/61/Biomes_of_the_world.svg,svg,CC BY-SA 3.0,Terpsichores,world,media/distribution/geoconcept/temperate-coniferous-forests.png,false,true,selected,Custom derived distribution map built from the shared WWF-style biome overview by isolating the temperate coniferous forests layer
geoconcept-tropical-and-subtropical-moist-broadleaf-forests-distribution,GeoConcept,tropical-and-subtropical-moist-broadleaf-forests,distribution_map,https://commons.wikimedia.org/wiki/File:Biomes_of_the_world.svg,https://upload.wikimedia.org/wikipedia/commons/6/61/Biomes_of_the_world.svg,svg,CC BY-SA 3.0,Terpsichores,world,media/distribution/geoconcept/tropical-and-subtropical-moist-broadleaf-forests.png,false,true,selected,Custom derived distribution map built from the shared WWF-style biome overview by isolating the tropical and subtropical moist broadleaf forests layer
geoconcept-tropical-and-subtropical-dry-broadleaf-forests-distribution,GeoConcept,tropical-and-subtropical-dry-broadleaf-forests,distribution_map,https://commons.wikimedia.org/wiki/File:Biomes_of_the_world.svg,https://upload.wikimedia.org/wikipedia/commons/6/61/Biomes_of_the_world.svg,svg,CC BY-SA 3.0,Terpsichores,world,media/distribution/geoconcept/tropical-and-subtropical-dry-broadleaf-forests.png,false,true,selected,Custom derived distribution map built from the shared WWF-style biome overview by isolating the tropical and subtropical dry broadleaf forests layer
geoconcept-tropical-and-subtropical-coniferous-forests-distribution,GeoConcept,tropical-and-subtropical-coniferous-forests,distribution_map,https://commons.wikimedia.org/wiki/File:Biomes_of_the_world.svg,https://upload.wikimedia.org/wikipedia/commons/6/61/Biomes_of_the_world.svg,svg,CC BY-SA 3.0,Terpsichores,world,media/distribution/geoconcept/tropical-and-subtropical-coniferous-forests.png,false,true,selected,Custom derived distribution map built from the shared WWF-style biome overview by isolating the tropical and subtropical coniferous forests layer
geoconcept-temperate-grasslands-savannas-and-shrublands-distribution,GeoConcept,temperate-grasslands-savannas-and-shrublands,distribution_map,https://commons.wikimedia.org/wiki/File:Biomes_of_the_world.svg,https://upload.wikimedia.org/wikipedia/commons/6/61/Biomes_of_the_world.svg,svg,CC BY-SA 3.0,Terpsichores,world,media/distribution/geoconcept/temperate-grasslands-savannas-and-shrublands.png,false,true,selected,Custom derived distribution map built from the shared WWF-style biome overview by isolating the temperate grasslands savannas and shrublands layer
geoconcept-tropical-and-subtropical-grasslands-savannas-and-shrublands-distribution,GeoConcept,tropical-and-subtropical-grasslands-savannas-and-shrublands,distribution_map,https://commons.wikimedia.org/wiki/File:Biomes_of_the_world.svg,https://upload.wikimedia.org/wikipedia/commons/6/61/Biomes_of_the_world.svg,svg,CC BY-SA 3.0,Terpsichores,world,media/distribution/geoconcept/tropical-and-subtropical-grasslands-savannas-and-shrublands.png,false,true,selected,Custom derived distribution map built from the shared WWF-style biome overview by isolating the tropical and subtropical grasslands savannas and shrublands layer
geoconcept-flooded-grasslands-and-savannas-distribution,GeoConcept,flooded-grasslands-and-savannas,distribution_map,https://commons.wikimedia.org/wiki/File:Biomes_of_the_world.svg,https://upload.wikimedia.org/wikipedia/commons/6/61/Biomes_of_the_world.svg,svg,CC BY-SA 3.0,Terpsichores,world,media/distribution/geoconcept/flooded-grasslands-and-savannas.png,false,true,selected,Custom derived distribution map built from the shared WWF-style biome overview by isolating the flooded grasslands and savannas layer while keeping lakes as a muted contextual layer
geoconcept-montane-grasslands-and-shrublands-distribution,GeoConcept,montane-grasslands-and-shrublands,distribution_map,https://commons.wikimedia.org/wiki/File:Biomes_of_the_world.svg,https://upload.wikimedia.org/wikipedia/commons/6/61/Biomes_of_the_world.svg,svg,CC BY-SA 3.0,Terpsichores,world,media/distribution/geoconcept/montane-grasslands-and-shrublands.png,false,true,selected,Custom derived distribution map built from the shared WWF-style biome overview by isolating the montane grasslands and shrublands layer
geoconcept-mediterranean-forests-woodlands-and-scrub-distribution,GeoConcept,mediterranean-forests-woodlands-and-scrub,distribution_map,https://commons.wikimedia.org/wiki/File:Biomes_of_the_world.svg,https://upload.wikimedia.org/wikipedia/commons/6/61/Biomes_of_the_world.svg,svg,CC BY-SA 3.0,Terpsichores,world,media/distribution/geoconcept/mediterranean-forests-woodlands-and-scrub.png,false,true,selected,Custom derived distribution map built from the shared WWF-style biome overview by isolating the mediterranean forests woodlands and scrub layer
geoconcept-deserts-and-xeric-shrublands-distribution,GeoConcept,deserts-and-xeric-shrublands,distribution_map,https://commons.wikimedia.org/wiki/File:Biomes_of_the_world.svg,https://upload.wikimedia.org/wikipedia/commons/6/61/Biomes_of_the_world.svg,svg,CC BY-SA 3.0,Terpsichores,world,media/distribution/geoconcept/deserts-and-xeric-shrublands.png,false,true,selected,Custom derived distribution map built from the shared WWF-style biome overview by isolating the deserts and xeric shrublands layer
geoconcept-mangroves-distribution,GeoConcept,mangroves,distribution_map,https://commons.wikimedia.org/wiki/File:Biomes_of_the_world.svg,https://upload.wikimedia.org/wikipedia/commons/6/61/Biomes_of_the_world.svg,svg,CC BY-SA 3.0,Terpsichores,world,media/distribution/geoconcept/mangroves.png,false,true,selected,Custom derived distribution map built from the shared WWF-style biome overview by isolating the mangroves layer
geoconcept-african-plate-blank,GeoConcept,african-plate,blank_map,https://github.com/fraxen/tectonicplates,https://raw.githubusercontent.com/fraxen/tectonicplates/master/GeoJSON/PB2002_plates.json,geojson,Open (Bird 2003 PB2002; Ahlenius conversion),Peter Bird / Hugo Ahlenius; base map Tentotwo (CC BY-SA 3.0),world,media/blank/geoconcept/tectonic-plates-blank.png,false,true,selected,"Rendered locally by scripts/generate_tectonic_plate_maps.py from PB2002 (Bird 2003) plate polygons over the Commons equirectangular world location map (CC BY-SA 3.0, Tentotwo); all plate boundaries, no labels, no fill"
geoconcept-antarctic-plate-blank,GeoConcept,antarctic-plate,blank_map,https://github.com/fraxen/tectonicplates,https://raw.githubusercontent.com/fraxen/tectonicplates/master/GeoJSON/PB2002_plates.json,geojson,Open (Bird 2003 PB2002; Ahlenius conversion),Peter Bird / Hugo Ahlenius; base map Tentotwo (CC BY-SA 3.0),world,media/blank/geoconcept/tectonic-plates-blank.png,false,true,selected,"Rendered locally by scripts/generate_tectonic_plate_maps.py from PB2002 (Bird 2003) plate polygons over the Commons equirectangular world location map (CC BY-SA 3.0, Tentotwo); all plate boundaries, no labels, no fill"
geoconcept-eurasian-plate-blank,GeoConcept,eurasian-plate,blank_map,https://github.com/fraxen/tectonicplates,https://raw.githubusercontent.com/fraxen/tectonicplates/master/GeoJSON/PB2002_plates.json,geojson,Open (Bird 2003 PB2002; Ahlenius conversion),Peter Bird / Hugo Ahlenius; base map Tentotwo (CC BY-SA 3.0),world,media/blank/geoconcept/tectonic-plates-blank.png,false,true,selected,"Rendered locally by scripts/generate_tectonic_plate_maps.py from PB2002 (Bird 2003) plate polygons over the Commons equirectangular world location map (CC BY-SA 3.0, Tentotwo); all plate boundaries, no labels, no fill"
geoconcept-australian-plate-blank,GeoConcept,australian-plate,blank_map,https://github.com/fraxen/tectonicplates,https://raw.githubusercontent.com/fraxen/tectonicplates/master/GeoJSON/PB2002_plates.json,geojson,Open (Bird 2003 PB2002; Ahlenius conversion),Peter Bird / Hugo Ahlenius; base map Tentotwo (CC BY-SA 3.0),world,media/blank/geoconcept/tectonic-plates-blank.png,false,true,selected,"Rendered locally by scripts/generate_tectonic_plate_maps.py from PB2002 (Bird 2003) plate polygons over the Commons equirectangular world location map (CC BY-SA 3.0, Tentotwo); all plate boundaries, no labels, no fill"
geoconcept-indian-plate-blank,GeoConcept,indian-plate,blank_map,https://github.com/fraxen/tectonicplates,https://raw.githubusercontent.com/fraxen/tectonicplates/master/GeoJSON/PB2002_plates.json,geojson,Open (Bird 2003 PB2002; Ahlenius conversion),Peter Bird / Hugo Ahlenius; base map Tentotwo (CC BY-SA 3.0),world,media/blank/geoconcept/tectonic-plates-blank.png,false,true,selected,"Rendered locally by scripts/generate_tectonic_plate_maps.py from PB2002 (Bird 2003) plate polygons over the Commons equirectangular world location map (CC BY-SA 3.0, Tentotwo); all plate boundaries, no labels, no fill"
geoconcept-north-american-plate-blank,GeoConcept,north-american-plate,blank_map,https://github.com/fraxen/tectonicplates,https://raw.githubusercontent.com/fraxen/tectonicplates/master/GeoJSON/PB2002_plates.json,geojson,Open (Bird 2003 PB2002; Ahlenius conversion),Peter Bird / Hugo Ahlenius; base map Tentotwo (CC BY-SA 3.0),world,media/blank/geoconcept/tectonic-plates-blank.png,false,true,selected,"Rendered locally by scripts/generate_tectonic_plate_maps.py from PB2002 (Bird 2003) plate polygons over the Commons equirectangular world location map (CC BY-SA 3.0, Tentotwo); all plate boundaries, no labels, no fill"
geoconcept-pacific-plate-blank,GeoConcept,pacific-plate,blank_map,https://github.com/fraxen/tectonicplates,https://raw.githubusercontent.com/fraxen/tectonicplates/master/GeoJSON/PB2002_plates.json,geojson,Open (Bird 2003 PB2002; Ahlenius conversion),Peter Bird / Hugo Ahlenius; base map Tentotwo (CC BY-SA 3.0),world,media/blank/geoconcept/tectonic-plates-blank.png,false,true,selected,"Rendered locally by scripts/generate_tectonic_plate_maps.py from PB2002 (Bird 2003) plate polygons over the Commons equirectangular world location map (CC BY-SA 3.0, Tentotwo); all plate boundaries, no labels, no fill"
geoconcept-south-american-plate-blank,GeoConcept,south-american-plate,blank_map,https://github.com/fraxen/tectonicplates,https://raw.githubusercontent.com/fraxen/tectonicplates/master/GeoJSON/PB2002_plates.json,geojson,Open (Bird 2003 PB2002; Ahlenius conversion),Peter Bird / Hugo Ahlenius; base map Tentotwo (CC BY-SA 3.0),world,media/blank/geoconcept/tectonic-plates-blank.png,false,true,selected,"Rendered locally by scripts/generate_tectonic_plate_maps.py from PB2002 (Bird 2003) plate polygons over the Commons equirectangular world location map (CC BY-SA 3.0, Tentotwo); all plate boundaries, no labels, no fill"
geoconcept-arabian-plate-blank,GeoConcept,arabian-plate,blank_map,https://github.com/fraxen/tectonicplates,https://raw.githubusercontent.com/fraxen/tectonicplates/master/GeoJSON/PB2002_plates.json,geojson,Open (Bird 2003 PB2002; Ahlenius conversion),Peter Bird / Hugo Ahlenius; base map Tentotwo (CC BY-SA 3.0),world,media/blank/geoconcept/tectonic-plates-blank.png,false,true,selected,"Rendered locally by scripts/generate_tectonic_plate_maps.py from PB2002 (Bird 2003) plate polygons over the Commons equirectangular world location map (CC BY-SA 3.0, Tentotwo); all plate boundaries, no labels, no fill"
geoconcept-caribbean-plate-blank,GeoConcept,caribbean-plate,blank_map,https://github.com/fraxen/tectonicplates,https://raw.githubusercontent.com/fraxen/tectonicplates/master/GeoJSON/PB2002_plates.json,geojson,Open (Bird 2003 PB2002; Ahlenius conversion),Peter Bird / Hugo Ahlenius; base map Tentotwo (CC BY-SA 3.0),world,media/blank/geoconcept/tectonic-plates-blank.png,false,true,selected,"Rendered locally by scripts/generate_tectonic_plate_maps.py from PB2002 (Bird 2003) plate polygons over the Commons equirectangular world location map (CC BY-SA 3.0, Tentotwo); all plate boundaries, no labels, no fill"
geoconcept-nazca-plate-blank,GeoConcept,nazca-plate,blank_map,https://github.com/fraxen/tectonicplates,https://raw.githubusercontent.com/fraxen/tectonicplates/master/GeoJSON/PB2002_plates.json,geojson,Open (Bird 2003 PB2002; Ahlenius conversion),Peter Bird / Hugo Ahlenius; base map Tentotwo (CC BY-SA 3.0),world,media/blank/geoconcept/tectonic-plates-blank.png,false,true,selected,"Rendered locally by scripts/generate_tectonic_plate_maps.py from PB2002 (Bird 2003) plate polygons over the Commons equirectangular world location map (CC BY-SA 3.0, Tentotwo); all plate boundaries, no labels, no fill"
geoconcept-philippine-sea-plate-blank,GeoConcept,philippine-sea-plate,blank_map,https://github.com/fraxen/tectonicplates,https://raw.githubusercontent.com/fraxen/tectonicplates/master/GeoJSON/PB2002_plates.json,geojson,Open (Bird 2003 PB2002; Ahlenius conversion),Peter Bird / Hugo Ahlenius; base map Tentotwo (CC BY-SA 3.0),world,media/blank/geoconcept/tectonic-plates-blank.png,false,true,selected,"Rendered locally by scripts/generate_tectonic_plate_maps.py from PB2002 (Bird 2003) plate polygons over the Commons equirectangular world location map (CC BY-SA 3.0, Tentotwo); all plate boundaries, no labels, no fill"
geoconcept-scotia-plate-blank,GeoConcept,scotia-plate,blank_map,https://github.com/fraxen/tectonicplates,https://raw.githubusercontent.com/fraxen/tectonicplates/master/GeoJSON/PB2002_plates.json,geojson,Open (Bird 2003 PB2002; Ahlenius conversion),Peter Bird / Hugo Ahlenius; base map Tentotwo (CC BY-SA 3.0),world,media/blank/geoconcept/tectonic-plates-blank.png,false,true,selected,"Rendered locally by scripts/generate_tectonic_plate_maps.py from PB2002 (Bird 2003) plate polygons over the Commons equirectangular world location map (CC BY-SA 3.0, Tentotwo); all plate boundaries, no labels, no fill"
geoconcept-somali-plate-blank,GeoConcept,somali-plate,blank_map,https://github.com/fraxen/tectonicplates,https://raw.githubusercontent.com/fraxen/tectonicplates/master/GeoJSON/PB2002_plates.json,geojson,Open (Bird 2003 PB2002; Ahlenius conversion),Peter Bird / Hugo Ahlenius; base map Tentotwo (CC BY-SA 3.0),world,media/blank/geoconcept/tectonic-plates-blank.png,false,true,selected,"Rendered locally by scripts/generate_tectonic_plate_maps.py from PB2002 (Bird 2003) plate polygons over the Commons equirectangular world location map (CC BY-SA 3.0, Tentotwo); all plate boundaries, no labels, no fill"
geoconcept-sunda-plate-blank,GeoConcept,sunda-plate,blank_map,https://github.com/fraxen/tectonicplates,https://raw.githubusercontent.com/fraxen/tectonicplates/master/GeoJSON/PB2002_plates.json,geojson,Open (Bird 2003 PB2002; Ahlenius conversion),Peter Bird / Hugo Ahlenius; base map Tentotwo (CC BY-SA 3.0),world,media/blank/geoconcept/tectonic-plates-blank.png,false,true,selected,"Rendered locally by scripts/generate_tectonic_plate_maps.py from PB2002 (Bird 2003) plate polygons over the Commons equirectangular world location map (CC BY-SA 3.0, Tentotwo); all plate boundaries, no labels, no fill"
geoconcept-mesopotamia-blank,GeoConcept,mesopotamia,blank_map,https://github.com/nvkelso/natural-earth-vector,https://raw.githubusercontent.com/nvkelso/natural-earth-vector/master/geojson/ne_110m_land.geojson,geojson,Public domain (Natural Earth),Natural Earth (Nathaniel Vaughn Kelso and Tom Patterson),world,media/blank/geoconcept/world-blank.svg,false,true,selected,"Shared blank world map (scripts/generate_world_base.py); find-it front, no marker"
geoconcept-siberia-blank,GeoConcept,siberia,blank_map,https://github.com/nvkelso/natural-earth-vector,https://raw.githubusercontent.com/nvkelso/natural-earth-vector/master/geojson/ne_110m_land.geojson,geojson,Public domain (Natural Earth),Natural Earth (Nathaniel Vaughn Kelso and Tom Patterson),world,media/blank/geoconcept/world-blank.svg,false,true,selected,"Shared blank world map (scripts/generate_world_base.py); find-it front, no marker"
geoconcept-malay-archipelago-blank,GeoConcept,malay-archipelago,blank_map,https://github.com/nvkelso/natural-earth-vector,https://raw.githubusercontent.com/nvkelso/natural-earth-vector/master/geojson/ne_110m_land.geojson,geojson,Public domain (Natural Earth),Natural Earth (Nathaniel Vaughn Kelso and Tom Patterson),world,media/blank/geoconcept/world-blank.svg,false,true,selected,"Shared blank world map (scripts/generate_world_base.py); find-it front, no marker"
geoconcept-baja-california-blank,GeoConcept,baja-california,blank_map,https://github.com/nvkelso/natural-earth-vector,https://raw.githubusercontent.com/nvkelso/natural-earth-vector/master/geojson/ne_110m_land.geojson,geojson,Public domain (Natural Earth),Natural Earth (Nathaniel Vaughn Kelso and Tom Patterson),world,media/blank/geoconcept/world-blank.svg,false,true,selected,"Shared blank world map (scripts/generate_world_base.py); find-it front, no marker"
geoconcept-labrador-peninsula-blank,GeoConcept,labrador-peninsula,blank_map,https://github.com/nvkelso/natural-earth-vector,https://raw.githubusercontent.com/nvkelso/natural-earth-vector/master/geojson/ne_110m_land.geojson,geojson,Public domain (Natural Earth),Natural Earth (Nathaniel Vaughn Kelso and Tom Patterson),world,media/blank/geoconcept/world-blank.svg,false,true,selected,"Shared blank world map (scripts/generate_world_base.py); find-it front, no marker"
geoconcept-kamchatka-peninsula-blank,GeoConcept,kamchatka-peninsula,blank_map,https://github.com/nvkelso/natural-earth-vector,https://raw.githubusercontent.com/nvkelso/natural-earth-vector/master/geojson/ne_110m_land.geojson,geojson,Public domain (Natural Earth),Natural Earth (Nathaniel Vaughn Kelso and Tom Patterson),world,media/blank/geoconcept/world-blank.svg,false,true,selected,"Shared blank world map (scripts/generate_world_base.py); find-it front, no marker"
geoconcept-malay-peninsula-blank,GeoConcept,malay-peninsula,blank_map,https://github.com/nvkelso/natural-earth-vector,https://raw.githubusercontent.com/nvkelso/natural-earth-vector/master/geojson/ne_110m_land.geojson,geojson,Public domain (Natural Earth),Natural Earth (Nathaniel Vaughn Kelso and Tom Patterson),world,media/blank/geoconcept/world-blank.svg,false,true,selected,"Shared blank world map (scripts/generate_world_base.py); find-it front, no marker"
geoconcept-scandinavian-peninsula-blank,GeoConcept,scandinavian-peninsula,blank_map,https://github.com/nvkelso/natural-earth-vector,https://raw.githubusercontent.com/nvkelso/natural-earth-vector/master/geojson/ne_110m_land.geojson,geojson,Public domain (Natural Earth),Natural Earth (Nathaniel Vaughn Kelso and Tom Patterson),world,media/blank/geoconcept/world-blank.svg,false,true,selected,"Shared blank world map (scripts/generate_world_base.py); find-it front, no marker"
geoconcept-sahara-blank,GeoConcept,sahara,blank_map,https://github.com/nvkelso/natural-earth-vector,https://raw.githubusercontent.com/nvkelso/natural-earth-vector/master/geojson/ne_110m_land.geojson,geojson,Public domain (Natural Earth),Natural Earth (Nathaniel Vaughn Kelso and Tom Patterson),world,media/blank/geoconcept/world-blank.svg,false,true,selected,"Shared blank world map (scripts/generate_world_base.py); find-it front, no marker"
geoconcept-gobi-desert-blank,GeoConcept,gobi-desert,blank_map,https://github.com/nvkelso/natural-earth-vector,https://raw.githubusercontent.com/nvkelso/natural-earth-vector/master/geojson/ne_110m_land.geojson,geojson,Public domain (Natural Earth),Natural Earth (Nathaniel Vaughn Kelso and Tom Patterson),world,media/blank/geoconcept/world-blank.svg,false,true,selected,"Shared blank world map (scripts/generate_world_base.py); find-it front, no marker"
geoconcept-taklamakan-desert-blank,GeoConcept,taklamakan-desert,blank_map,https://github.com/nvkelso/natural-earth-vector,https://raw.githubusercontent.com/nvkelso/natural-earth-vector/master/geojson/ne_110m_land.geojson,geojson,Public domain (Natural Earth),Natural Earth (Nathaniel Vaughn Kelso and Tom Patterson),world,media/blank/geoconcept/world-blank.svg,false,true,selected,"Shared blank world map (scripts/generate_world_base.py); find-it front, no marker"
geoconcept-kalahari-desert-blank,GeoConcept,kalahari-desert,blank_map,https://github.com/nvkelso/natural-earth-vector,https://raw.githubusercontent.com/nvkelso/natural-earth-vector/master/geojson/ne_110m_land.geojson,geojson,Public domain (Natural Earth),Natural Earth (Nathaniel Vaughn Kelso and Tom Patterson),world,media/blank/geoconcept/world-blank.svg,false,true,selected,"Shared blank world map (scripts/generate_world_base.py); find-it front, no marker"
geoconcept-atacama-desert-blank,GeoConcept,atacama-desert,blank_map,https://github.com/nvkelso/natural-earth-vector,https://raw.githubusercontent.com/nvkelso/natural-earth-vector/master/geojson/ne_110m_land.geojson,geojson,Public domain (Natural Earth),Natural Earth (Nathaniel Vaughn Kelso and Tom Patterson),world,media/blank/geoconcept/world-blank.svg,false,true,selected,"Shared blank world map (scripts/generate_world_base.py); find-it front, no marker"
geoconcept-thar-desert-blank,GeoConcept,thar-desert,blank_map,https://github.com/nvkelso/natural-earth-vector,https://raw.githubusercontent.com/nvkelso/natural-earth-vector/master/geojson/ne_110m_land.geojson,geojson,Public domain (Natural Earth),Natural Earth (Nathaniel Vaughn Kelso and Tom Patterson),world,media/blank/geoconcept/world-blank.svg,false,true,selected,"Shared blank world map (scripts/generate_world_base.py); find-it front, no marker"
geoconcept-sonoran-desert-blank,GeoConcept,sonoran-desert,blank_map,https://github.com/nvkelso/natural-earth-vector,https://raw.githubusercontent.com/nvkelso/natural-earth-vector/master/geojson/ne_110m_land.geojson,geojson,Public domain (Natural Earth),Natural Earth (Nathaniel Vaughn Kelso and Tom Patterson),world,media/blank/geoconcept/world-blank.svg,false,true,selected,"Shared blank world map (scripts/generate_world_base.py); find-it front, no marker"
geoconcept-chihuahuan-desert-blank,GeoConcept,chihuahuan-desert,blank_map,https://github.com/nvkelso/natural-earth-vector,https://raw.githubusercontent.com/nvkelso/natural-earth-vector/master/geojson/ne_110m_land.geojson,geojson,Public domain (Natural Earth),Natural Earth (Nathaniel Vaughn Kelso and Tom Patterson),world,media/blank/geoconcept/world-blank.svg,false,true,selected,"Shared blank world map (scripts/generate_world_base.py); find-it front, no marker"
geoconcept-great-sandy-desert-blank,GeoConcept,great-sandy-desert,blank_map,https://github.com/nvkelso/natural-earth-vector,https://raw.githubusercontent.com/nvkelso/natural-earth-vector/master/geojson/ne_110m_land.geojson,geojson,Public domain (Natural Earth),Natural Earth (Nathaniel Vaughn Kelso and Tom Patterson),world,media/blank/geoconcept/world-blank.svg,false,true,selected,"Shared blank world map (scripts/generate_world_base.py); find-it front, no marker"
geoconcept-simpson-desert-blank,GeoConcept,simpson-desert,blank_map,https://github.com/nvkelso/natural-earth-vector,https://raw.githubusercontent.com/nvkelso/natural-earth-vector/master/geojson/ne_110m_land.geojson,geojson,Public domain (Natural Earth),Natural Earth (Nathaniel Vaughn Kelso and Tom Patterson),world,media/blank/geoconcept/world-blank.svg,false,true,selected,"Shared blank world map (scripts/generate_world_base.py); find-it front, no marker"
geoconcept-dasht-e-kavir-blank,GeoConcept,dasht-e-kavir,blank_map,https://github.com/nvkelso/natural-earth-vector,https://raw.githubusercontent.com/nvkelso/natural-earth-vector/master/geojson/ne_110m_land.geojson,geojson,Public domain (Natural Earth),Natural Earth (Nathaniel Vaughn Kelso and Tom Patterson),world,media/blank/geoconcept/world-blank.svg,false,true,selected,"Shared blank world map (scripts/generate_world_base.py); find-it front, no marker"
geoconcept-andes-blank,GeoConcept,andes,blank_map,https://github.com/nvkelso/natural-earth-vector,https://raw.githubusercontent.com/nvkelso/natural-earth-vector/master/geojson/ne_110m_land.geojson,geojson,Public domain (Natural Earth),Natural Earth (Nathaniel Vaughn Kelso and Tom Patterson),world,media/blank/geoconcept/world-blank.svg,false,true,selected,"Shared blank world map (scripts/generate_world_base.py); find-it front, no marker"
geoconcept-rocky-mountains-blank,GeoConcept,rocky-mountains,blank_map,https://github.com/nvkelso/natural-earth-vector,https://raw.githubusercontent.com/nvkelso/natural-earth-vector/master/geojson/ne_110m_land.geojson,geojson,Public domain (Natural Earth),Natural Earth (Nathaniel Vaughn Kelso and Tom Patterson),world,media/blank/geoconcept/world-blank.svg,false,true,selected,"Shared blank world map (scripts/generate_world_base.py); find-it front, no marker"
geoconcept-carpathians-blank,GeoConcept,carpathians,blank_map,https://github.com/nvkelso/natural-earth-vector,https://raw.githubusercontent.com/nvkelso/natural-earth-vector/master/geojson/ne_110m_land.geojson,geojson,Public domain (Natural Earth),Natural Earth (Nathaniel Vaughn Kelso and Tom Patterson),world,media/blank/geoconcept/world-blank.svg,false,true,selected,"Shared blank world map (scripts/generate_world_base.py); find-it front, no marker"
geoconcept-karakoram-blank,GeoConcept,karakoram,blank_map,https://github.com/nvkelso/natural-earth-vector,https://raw.githubusercontent.com/nvkelso/natural-earth-vector/master/geojson/ne_110m_land.geojson,geojson,Public domain (Natural Earth),Natural Earth (Nathaniel Vaughn Kelso and Tom Patterson),world,media/blank/geoconcept/world-blank.svg,false,true,selected,"Shared blank world map (scripts/generate_world_base.py); find-it front, no marker"
geoconcept-altiplano-blank,GeoConcept,altiplano,blank_map,https://github.com/nvkelso/natural-earth-vector,https://raw.githubusercontent.com/nvkelso/natural-earth-vector/master/geojson/ne_110m_land.geojson,geojson,Public domain (Natural Earth),Natural Earth (Nathaniel Vaughn Kelso and Tom Patterson),world,media/blank/geoconcept/world-blank.svg,false,true,selected,"Shared blank world map (scripts/generate_world_base.py); find-it front, no marker"
geoconcept-pampas-blank,GeoConcept,pampas,blank_map,https://github.com/nvkelso/natural-earth-vector,https://raw.githubusercontent.com/nvkelso/natural-earth-vector/master/geojson/ne_110m_land.geojson,geojson,Public domain (Natural Earth),Natural Earth (Nathaniel Vaughn Kelso and Tom Patterson),world,media/blank/geoconcept/world-blank.svg,false,true,selected,"Shared blank world map (scripts/generate_world_base.py); find-it front, no marker"
geoconcept-north-china-plain-blank,GeoConcept,north-china-plain,blank_map,https://github.com/nvkelso/natural-earth-vector,https://raw.githubusercontent.com/nvkelso/natural-earth-vector/master/geojson/ne_110m_land.geojson,geojson,Public domain (Natural Earth),Natural Earth (Nathaniel Vaughn Kelso and Tom Patterson),world,media/blank/geoconcept/world-blank.svg,false,true,selected,"Shared blank world map (scripts/generate_world_base.py); find-it front, no marker"
geoconcept-british-isles-blank,GeoConcept,british-isles,blank_map,https://github.com/nvkelso/natural-earth-vector,https://raw.githubusercontent.com/nvkelso/natural-earth-vector/master/geojson/ne_110m_land.geojson,geojson,Public domain (Natural Earth),Natural Earth (Nathaniel Vaughn Kelso and Tom Patterson),world,media/blank/geoconcept/world-blank.svg,false,true,selected,"Shared blank world map (scripts/generate_world_base.py); find-it front, no marker"
geoconcept-japanese-archipelago-blank,GeoConcept,japanese-archipelago,blank_map,https://github.com/nvkelso/natural-earth-vector,https://raw.githubusercontent.com/nvkelso/natural-earth-vector/master/geojson/ne_110m_land.geojson,geojson,Public domain (Natural Earth),Natural Earth (Nathaniel Vaughn Kelso and Tom Patterson),world,media/blank/geoconcept/world-blank.svg,false,true,selected,"Shared blank world map (scripts/generate_world_base.py); find-it front, no marker"
geoconcept-greater-antilles-blank,GeoConcept,greater-antilles,blank_map,https://github.com/nvkelso/natural-earth-vector,https://raw.githubusercontent.com/nvkelso/natural-earth-vector/master/geojson/ne_110m_land.geojson,geojson,Public domain (Natural Earth),Natural Earth (Nathaniel Vaughn Kelso and Tom Patterson),world,media/blank/geoconcept/world-blank.svg,false,true,selected,"Shared blank world map (scripts/generate_world_base.py); find-it front, no marker"
geoconcept-lesser-antilles-blank,GeoConcept,lesser-antilles,blank_map,https://github.com/nvkelso/natural-earth-vector,https://raw.githubusercontent.com/nvkelso/natural-earth-vector/master/geojson/ne_110m_land.geojson,geojson,Public domain (Natural Earth),Natural Earth (Nathaniel Vaughn Kelso and Tom Patterson),world,media/blank/geoconcept/world-blank.svg,false,true,selected,"Shared blank world map (scripts/generate_world_base.py); find-it front, no marker"
geoconcept-sinai-peninsula-blank,GeoConcept,sinai-peninsula,blank_map,https://github.com/nvkelso/natural-earth-vector,https://raw.githubusercontent.com/nvkelso/natural-earth-vector/master/geojson/ne_110m_land.geojson,geojson,Public domain (Natural Earth),Natural Earth (Nathaniel Vaughn Kelso and Tom Patterson),world,media/blank/geoconcept/world-blank.svg,false,true,selected,"Shared blank world map (scripts/generate_world_base.py); find-it front, no marker"
geoconcept-cape-of-good-hope-blank,GeoConcept,cape-of-good-hope,blank_map,https://github.com/nvkelso/natural-earth-vector,https://raw.githubusercontent.com/nvkelso/natural-earth-vector/master/geojson/ne_110m_land.geojson,geojson,Public domain (Natural Earth),Natural Earth (Nathaniel Vaughn Kelso and Tom Patterson),world,media/blank/geoconcept/world-blank.svg,false,true,selected,"Shared blank world map (scripts/generate_world_base.py); find-it front, no marker"
geoconcept-kuril-islands-blank,GeoConcept,kuril-islands,blank_map,https://github.com/nvkelso/natural-earth-vector,https://raw.githubusercontent.com/nvkelso/natural-earth-vector/master/geojson/ne_110m_land.geojson,geojson,Public domain (Natural Earth),Natural Earth (Nathaniel Vaughn Kelso and Tom Patterson),world,media/blank/geoconcept/world-blank.svg,false,true,selected,"Shared blank world map (scripts/generate_world_base.py); find-it front, no marker"
geoconcept-north-cape-blank,GeoConcept,north-cape,blank_map,https://github.com/nvkelso/natural-earth-vector,https://raw.githubusercontent.com/nvkelso/natural-earth-vector/master/geojson/ne_110m_land.geojson,geojson,Public domain (Natural Earth),Natural Earth (Nathaniel Vaughn Kelso and Tom Patterson),world,media/blank/geoconcept/world-blank.svg,false,true,selected,"Shared blank world map (scripts/generate_world_base.py); find-it front, no marker"
geoconcept-aleutian-islands-blank,GeoConcept,aleutian-islands,blank_map,https://github.com/nvkelso/natural-earth-vector,https://raw.githubusercontent.com/nvkelso/natural-earth-vector/master/geojson/ne_110m_land.geojson,geojson,Public domain (Natural Earth),Natural Earth (Nathaniel Vaughn Kelso and Tom Patterson),world,media/blank/geoconcept/world-blank.svg,false,true,selected,"Shared blank world map (scripts/generate_world_base.py); find-it front, no marker"
geoconcept-sahel-blank,GeoConcept,sahel,blank_map,https://github.com/nvkelso/natural-earth-vector,https://raw.githubusercontent.com/nvkelso/natural-earth-vector/master/geojson/ne_110m_land.geojson,geojson,Public domain (Natural Earth),Natural Earth (Nathaniel Vaughn Kelso and Tom Patterson),world,media/blank/geoconcept/world-blank.svg,false,true,selected,"Shared blank world map (scripts/generate_world_base.py); find-it front, no marker"
geoconcept-iberian-peninsula-blank,GeoConcept,iberian-peninsula,blank_map,https://github.com/nvkelso/natural-earth-vector,https://raw.githubusercontent.com/nvkelso/natural-earth-vector/master/geojson/ne_110m_land.geojson,geojson,Public domain (Natural Earth),Natural Earth (Nathaniel Vaughn Kelso and Tom Patterson),world,media/blank/geoconcept/world-blank.svg,false,true,selected,"Shared blank world map (scripts/generate_world_base.py); find-it front, no marker"
geoconcept-jutland-blank,GeoConcept,jutland,blank_map,https://github.com/nvkelso/natural-earth-vector,https://raw.githubusercontent.com/nvkelso/natural-earth-vector/master/geojson/ne_110m_land.geojson,geojson,Public domain (Natural Earth),Natural Earth (Nathaniel Vaughn Kelso and Tom Patterson),world,media/blank/geoconcept/world-blank.svg,false,true,selected,"Shared blank world map (scripts/generate_world_base.py); find-it front, no marker"
geoconcept-caribbean-south-america-blank,GeoConcept,caribbean-south-america,blank_map,https://github.com/nvkelso/natural-earth-vector,https://raw.githubusercontent.com/nvkelso/natural-earth-vector/master/geojson/ne_110m_land.geojson,geojson,Public domain (Natural Earth),Natural Earth (Nathaniel Vaughn Kelso and Tom Patterson),world,media/blank/geoconcept/world-blank.svg,false,true,selected,"Shared blank world map (scripts/generate_world_base.py); find-it front, no marker"
geoconcept-mainland-southeast-asia-blank,GeoConcept,mainland-southeast-asia,blank_map,https://github.com/nvkelso/natural-earth-vector,https://raw.githubusercontent.com/nvkelso/natural-earth-vector/master/geojson/ne_110m_land.geojson,geojson,Public domain (Natural Earth),Natural Earth (Nathaniel Vaughn Kelso and Tom Patterson),world,media/blank/geoconcept/world-blank.svg,false,true,selected,"Shared blank world map (scripts/generate_world_base.py); find-it front, no marker"
geoconcept-kola-peninsula-blank,GeoConcept,kola-peninsula,blank_map,https://github.com/nvkelso/natural-earth-vector,https://raw.githubusercontent.com/nvkelso/natural-earth-vector/master/geojson/ne_110m_land.geojson,geojson,Public domain (Natural Earth),Natural Earth (Nathaniel Vaughn Kelso and Tom Patterson),world,media/blank/geoconcept/world-blank.svg,false,true,selected,"Shared blank world map (scripts/generate_world_base.py); find-it front, no marker"
geoconcept-cape-horn-blank,GeoConcept,cape-horn,blank_map,https://github.com/nvkelso/natural-earth-vector,https://raw.githubusercontent.com/nvkelso/natural-earth-vector/master/geojson/ne_110m_land.geojson,geojson,Public domain (Natural Earth),Natural Earth (Nathaniel Vaughn Kelso and Tom Patterson),world,media/blank/geoconcept/world-blank.svg,false,true,selected,"Shared blank world map (scripts/generate_world_base.py); find-it front, no marker"
geoconcept-caatinga-locator,GeoConcept,caatinga,locator_map,https://github.com/nvkelso/natural-earth-vector,https://raw.githubusercontent.com/nvkelso/natural-earth-vector/master/geojson/ne_10m_geography_regions_polys.geojson,geojson,Public domain (Natural Earth),Natural Earth (Nathaniel Vaughn Kelso and Tom Patterson),world,media/locator/geoconcept/caatinga-region.svg,false,true,selected,Rendered locally; added 2026-07-04 to align with anki-geo-trainer scopes
geoconcept-libyan-desert-locator,GeoConcept,libyan-desert,locator_map,https://github.com/nvkelso/natural-earth-vector,https://raw.githubusercontent.com/nvkelso/natural-earth-vector/master/geojson/ne_10m_geography_regions_polys.geojson,geojson,Public domain (Natural Earth),Natural Earth (Nathaniel Vaughn Kelso and Tom Patterson),world,media/locator/geoconcept/libyan-desert-region.svg,false,true,selected,Rendered locally; added 2026-07-04 to align with anki-geo-trainer scopes
geoconcept-nubian-desert-locator,GeoConcept,nubian-desert,locator_map,https://github.com/nvkelso/natural-earth-vector,https://raw.githubusercontent.com/nvkelso/natural-earth-vector/master/geojson/ne_10m_geography_regions_polys.geojson,geojson,Public domain (Natural Earth),Natural Earth (Nathaniel Vaughn Kelso and Tom Patterson),world,media/locator/geoconcept/nubian-desert-region.svg,false,true,selected,Rendered locally; added 2026-07-04 to align with anki-geo-trainer scopes
geoconcept-rub-al-khali-locator,GeoConcept,rub-al-khali,locator_map,https://github.com/nvkelso/natural-earth-vector,https://raw.githubusercontent.com/nvkelso/natural-earth-vector/master/geojson/ne_10m_geography_regions_polys.geojson,geojson,Public domain (Natural Earth),Natural Earth (Nathaniel Vaughn Kelso and Tom Patterson),world,media/locator/geoconcept/rub-al-khali-region.svg,false,true,selected,Rendered locally; added 2026-07-04 to align with anki-geo-trainer scopes
geoconcept-syrian-desert-locator,GeoConcept,syrian-desert,locator_map,https://github.com/nvkelso/natural-earth-vector,https://raw.githubusercontent.com/nvkelso/natural-earth-vector/master/geojson/ne_10m_geography_regions_polys.geojson,geojson,Public domain (Natural Earth),Natural Earth (Nathaniel Vaughn Kelso and Tom Patterson),world,media/locator/geoconcept/syrian-desert-region.svg,false,true,selected,Rendered locally; added 2026-07-04 to align with anki-geo-trainer scopes
geoconcept-western-desert-locator,GeoConcept,western-desert,locator_map,https://github.com/nvkelso/natural-earth-vector,https://raw.githubusercontent.com/nvkelso/natural-earth-vector/master/geojson/ne_10m_geography_regions_polys.geojson,geojson,Public domain (Natural Earth),Natural Earth (Nathaniel Vaughn Kelso and Tom Patterson),world,media/locator/geoconcept/western-desert-region.svg,false,true,selected,Rendered locally; added 2026-07-04 to align with anki-geo-trainer scopes
geoconcept-alaska-range-locator,GeoConcept,alaska-range,locator_map,https://github.com/nvkelso/natural-earth-vector,https://raw.githubusercontent.com/nvkelso/natural-earth-vector/master/geojson/ne_10m_geography_regions_polys.geojson,geojson,Public domain (Natural Earth),Natural Earth (Nathaniel Vaughn Kelso and Tom Patterson),world,media/locator/geoconcept/alaska-range-region.svg,false,true,selected,Rendered locally; added 2026-07-04 to align with anki-geo-trainer scopes
geoconcept-annamite-range-locator,GeoConcept,annamite-range,locator_map,https://github.com/nvkelso/natural-earth-vector,https://raw.githubusercontent.com/nvkelso/natural-earth-vector/master/geojson/ne_10m_geography_regions_polys.geojson,geojson,Public domain (Natural Earth),Natural Earth (Nathaniel Vaughn Kelso and Tom Patterson),world,media/locator/geoconcept/annamite-range-region.svg,false,true,selected,Rendered locally; added 2026-07-04 to align with anki-geo-trainer scopes
geoconcept-brooks-range-locator,GeoConcept,brooks-range,locator_map,https://github.com/nvkelso/natural-earth-vector,https://raw.githubusercontent.com/nvkelso/natural-earth-vector/master/geojson/ne_10m_geography_regions_polys.geojson,geojson,Public domain (Natural Earth),Natural Earth (Nathaniel Vaughn Kelso and Tom Patterson),world,media/locator/geoconcept/brooks-range-region.svg,false,true,selected,Rendered locally; added 2026-07-04 to align with anki-geo-trainer scopes
geoconcept-cascade-range-locator,GeoConcept,cascade-range,locator_map,https://github.com/nvkelso/natural-earth-vector,https://raw.githubusercontent.com/nvkelso/natural-earth-vector/master/geojson/ne_10m_geography_regions_polys.geojson,geojson,Public domain (Natural Earth),Natural Earth (Nathaniel Vaughn Kelso and Tom Patterson),world,media/locator/geoconcept/cascade-range-region.svg,false,true,selected,Rendered locally; added 2026-07-04 to align with anki-geo-trainer scopes
geoconcept-caucasus-mountains-locator,GeoConcept,caucasus-mountains,locator_map,https://github.com/nvkelso/natural-earth-vector,https://raw.githubusercontent.com/nvkelso/natural-earth-vector/master/geojson/ne_10m_geography_regions_polys.geojson,geojson,Public domain (Natural Earth),Natural Earth (Nathaniel Vaughn Kelso and Tom Patterson),world,media/locator/geoconcept/caucasus-mountains-region.svg,false,true,selected,Rendered locally; added 2026-07-04 to align with anki-geo-trainer scopes
geoconcept-coast-mountains-locator,GeoConcept,coast-mountains,locator_map,https://github.com/nvkelso/natural-earth-vector,https://raw.githubusercontent.com/nvkelso/natural-earth-vector/master/geojson/ne_10m_geography_regions_polys.geojson,geojson,Public domain (Natural Earth),Natural Earth (Nathaniel Vaughn Kelso and Tom Patterson),world,media/locator/geoconcept/coast-mountains-region.svg,false,true,selected,Rendered locally; added 2026-07-04 to align with anki-geo-trainer scopes
geoconcept-ellsworth-mountains-locator,GeoConcept,ellsworth-mountains,locator_map,https://github.com/nvkelso/natural-earth-vector,https://raw.githubusercontent.com/nvkelso/natural-earth-vector/master/geojson/ne_10m_geography_regions_polys.geojson,geojson,Public domain (Natural Earth),Natural Earth (Nathaniel Vaughn Kelso and Tom Patterson),world,media/locator/geoconcept/ellsworth-mountains-region.svg,false,true,selected,Rendered locally; added 2026-07-04 to align with anki-geo-trainer scopes
geoconcept-greater-khingan-locator,GeoConcept,greater-khingan,locator_map,https://github.com/nvkelso/natural-earth-vector,https://raw.githubusercontent.com/nvkelso/natural-earth-vector/master/geojson/ne_10m_geography_regions_polys.geojson,geojson,Public domain (Natural Earth),Natural Earth (Nathaniel Vaughn Kelso and Tom Patterson),world,media/locator/geoconcept/greater-khingan-region.svg,false,true,selected,Rendered locally; added 2026-07-04 to align with anki-geo-trainer scopes
geoconcept-kunlun-mountains-locator,GeoConcept,kunlun-mountains,locator_map,https://github.com/nvkelso/natural-earth-vector,https://raw.githubusercontent.com/nvkelso/natural-earth-vector/master/geojson/ne_10m_geography_regions_polys.geojson,geojson,Public domain (Natural Earth),Natural Earth (Nathaniel Vaughn Kelso and Tom Patterson),world,media/locator/geoconcept/kunlun-mountains-region.svg,false,true,selected,Rendered locally; added 2026-07-04 to align with anki-geo-trainer scopes
geoconcept-pamir-mountains-locator,GeoConcept,pamir-mountains,locator_map,https://github.com/nvkelso/natural-earth-vector,https://raw.githubusercontent.com/nvkelso/natural-earth-vector/master/geojson/ne_10m_geography_regions_polys.geojson,geojson,Public domain (Natural Earth),Natural Earth (Nathaniel Vaughn Kelso and Tom Patterson),world,media/locator/geoconcept/pamir-mountains-region.svg,false,true,selected,Rendered locally; added 2026-07-04 to align with anki-geo-trainer scopes
geoconcept-pensacola-mountains-locator,GeoConcept,pensacola-mountains,locator_map,https://github.com/nvkelso/natural-earth-vector,https://raw.githubusercontent.com/nvkelso/natural-earth-vector/master/geojson/ne_10m_geography_regions_polys.geojson,geojson,Public domain (Natural Earth),Natural Earth (Nathaniel Vaughn Kelso and Tom Patterson),world,media/locator/geoconcept/pensacola-mountains-region.svg,false,true,selected,Rendered locally; added 2026-07-04 to align with anki-geo-trainer scopes
geoconcept-queen-maud-mountains-locator,GeoConcept,queen-maud-mountains,locator_map,https://github.com/nvkelso/natural-earth-vector,https://raw.githubusercontent.com/nvkelso/natural-earth-vector/master/geojson/ne_10m_geography_regions_polys.geojson,geojson,Public domain (Natural Earth),Natural Earth (Nathaniel Vaughn Kelso and Tom Patterson),world,media/locator/geoconcept/queen-maud-mountains-region.svg,false,true,selected,Rendered locally; added 2026-07-04 to align with anki-geo-trainer scopes
geoconcept-siwalik-hills-locator,GeoConcept,siwalik-hills,locator_map,https://github.com/nvkelso/natural-earth-vector,https://raw.githubusercontent.com/nvkelso/natural-earth-vector/master/geojson/ne_10m_geography_regions_polys.geojson,geojson,Public domain (Natural Earth),Natural Earth (Nathaniel Vaughn Kelso and Tom Patterson),world,media/locator/geoconcept/siwalik-hills-region.svg,false,true,selected,Rendered locally; added 2026-07-04 to align with anki-geo-trainer scopes
geoconcept-stanovoy-range-locator,GeoConcept,stanovoy-range,locator_map,https://github.com/nvkelso/natural-earth-vector,https://raw.githubusercontent.com/nvkelso/natural-earth-vector/master/geojson/ne_10m_geography_regions_polys.geojson,geojson,Public domain (Natural Earth),Natural Earth (Nathaniel Vaughn Kelso and Tom Patterson),world,media/locator/geoconcept/stanovoy-range-region.svg,false,true,selected,Rendered locally; added 2026-07-04 to align with anki-geo-trainer scopes
geoconcept-transantarctic-mountains-locator,GeoConcept,transantarctic-mountains,locator_map,https://github.com/nvkelso/natural-earth-vector,https://raw.githubusercontent.com/nvkelso/natural-earth-vector/master/geojson/ne_10m_geography_regions_polys.geojson,geojson,Public domain (Natural Earth),Natural Earth (Nathaniel Vaughn Kelso and Tom Patterson),world,media/locator/geoconcept/transantarctic-mountains-region.svg,false,true,selected,Rendered locally; added 2026-07-04 to align with anki-geo-trainer scopes
geoconcept-cocos-plate-locator,GeoConcept,cocos-plate,locator_map,https://github.com/fraxen/tectonicplates,https://raw.githubusercontent.com/fraxen/tectonicplates/master/GeoJSON/PB2002_plates.json,geojson,Open (Bird 2003 PB2002; Ahlenius conversion),Peter Bird / Hugo Ahlenius; base map Tentotwo (CC BY-SA 3.0),world,media/locator/geoconcept/cocos-plate.png,false,true,selected,Rendered locally; added 2026-07-04 to align with anki-geo-trainer scopes
geoconcept-cocos-plate-blank,GeoConcept,cocos-plate,blank_map,https://github.com/fraxen/tectonicplates,https://raw.githubusercontent.com/fraxen/tectonicplates/master/GeoJSON/PB2002_plates.json,geojson,Open (Bird 2003 PB2002; Ahlenius conversion),Peter Bird / Hugo Ahlenius; base map Tentotwo (CC BY-SA 3.0),world,media/blank/geoconcept/tectonic-plates-blank.png,false,true,selected,Shared plate-boundary blank map
geoconcept-juan-de-fuca-plate-locator,GeoConcept,juan-de-fuca-plate,locator_map,https://github.com/fraxen/tectonicplates,https://raw.githubusercontent.com/fraxen/tectonicplates/master/GeoJSON/PB2002_plates.json,geojson,Open (Bird 2003 PB2002; Ahlenius conversion),Peter Bird / Hugo Ahlenius; base map Tentotwo (CC BY-SA 3.0),world,media/locator/geoconcept/juan-de-fuca-plate.png,false,true,selected,Rendered locally; added 2026-07-04 to align with anki-geo-trainer scopes
geoconcept-juan-de-fuca-plate-blank,GeoConcept,juan-de-fuca-plate,blank_map,https://github.com/fraxen/tectonicplates,https://raw.githubusercontent.com/fraxen/tectonicplates/master/GeoJSON/PB2002_plates.json,geojson,Open (Bird 2003 PB2002; Ahlenius conversion),Peter Bird / Hugo Ahlenius; base map Tentotwo (CC BY-SA 3.0),world,media/blank/geoconcept/tectonic-plates-blank.png,false,true,selected,Shared plate-boundary blank map
